frame,system,rom_label,pc,screen_ready,ram_script,ram_subscript,ppu_load_index,cur_save_slot,ram_004D,ram_next_script,ram_041F,ram_0421,ram_0423,ram_0000,ram_0001,ram_0002,ram_0003,ram_0004,ram_0005,spr_index_1,spr_index_2,trace_last,PPU_REQ_INDEX,PPU_REQ_PTR,PPU_REQ_RES,SEQ_EVT_COUNT,PPU_EVT_COUNT,ppu_buf_00,ppu_buf_01,ppu_buf_02,ppu_buf_03,ppu_buf_04,ppu_buf_05,ppu_buf_06,ppu_buf_07,ppu_buf_08,ppu_buf_09,ppu_buf_0A,ppu_buf_0B,ppu_buf_0C,ppu_buf_0D,ppu_buf_0E,ppu_buf_0F,ppu_buf_10,ppu_buf_11,ppu_buf_12,ppu_buf_13,ppu_buf_14,ppu_buf_15,ppu_buf_16,ppu_buf_17,ppu_buf_18,ppu_buf_19,ppu_buf_1A,ppu_buf_1B,ppu_buf_1C,ppu_buf_1D,ppu_buf_1E,ppu_buf_1F,oam_00,oam_01,oam_02,oam_03,oam_04,oam_05,oam_06,oam_07,oam_08,oam_09,oam_0A,oam_0B,oam_0C,oam_0D,oam_0E,oam_0F
1,genesis,zelda_v221,0003CC,00,00,00,00,00,00,00,00,00,00,00,00,00,00,00,00,00,00,0000,0000,0000,00000000,0000,0000,00,00,00,00,00,00,00,00,00,00,00,00,00,00,00,00,00,00,00,00,00,00,00,00,00,00,00,00,00,00,00,00,00,00,00,00,00,00,00,00,00,00,00,00,00,00,00,00
2,genesis,zelda_v221,0003CC,00,00,00,00,00,00,00,00,00,00,00,00,00,00,00,00,00,00,0000,0000,0000,00000000,0000,0000,00,00,00,00,00,00,00,00,00,00,00,00,00,00,00,00,00,00,00,00,00,00,00,00,00,00,00,00,00,00,00,00,00,00,00,00,00,00,00,00,00,00,00,00,00,00,00,00
3,genesis,zelda_v221,0003CA,00,00,00,00,00,00,00,00,00,00,00,00,00,00,00,00,00,00,0000,0000,0000,00000000,0000,0000,00,00,00,00,00,00,00,00,00,00,00,00,00,00,00,00,00,00,00,00,00,00,00,00,00,00,00,00,00,00,00,00,00,00,00,00,00,00,00,00,00,00,00,00,00,00,00,00
4,genesis,zelda_v221,000A78,00,00,00,00,00,00,00,00,00,00,00,00,00,00,00,00,00,00,0000,0000,0000,00000000,0000,0000,00,00,00,00,00,00,00,00,00,00,00,00,00,00,00,00,00,00,00,00,00,00,00,00,00,00,00,00,00,00,00,00,00,00,00,00,00,00,00,00,00,00,00,00,00,00,00,00
5,genesis,zelda_v221,000A80,00,00,00,00,00,00,00,00,00,00,00,00,00,00,00,00,00,00,0000,0000,0000,00000000,0000,0000,00,00,00,00,00,00,00,00,00,00,00,00,00,00,00,00,00,00,00,00,00,00,00,00,00,00,00,00,00,00,00,00,00,00,00,00,00,00,00,00,00,00,00,00,00,00,00,00
6,genesis,zelda_v221,000A78,00,00,00,00,00,00,00,00,00,00,00,00,00,00,00,00,00,00,0000,0000,0000,00000000,0000,0000,00,00,00,00,00,00,00,00,00,00,00,00,00,00,00,00,00,00,00,00,00,00,00,00,00,00,00,00,00,00,00,00,00,00,00,00,00,00,00,00,00,00,00,00,00,00,00,00
7,genesis,zelda_v221,000A80,00,00,00,00,00,00,00,00,00,00,00,00,00,00,00,00,00,00,0000,0000,0000,00000000,0000,0000,00,00,00,00,00,00,00,00,00,00,00,00,00,00,00,00,00,00,00,00,00,00,00,00,00,00,00,00,00,00,00,00,00,00,00,00,00,00,00,00,00,00,00,00,00,00,00,00
8,genesis,zelda_v221,000AE2,00,00,00,00,00,00,00,00,00,00,00,00,00,00,00,00,00,00,0000,0000,0000,00000000,0000,0000,00,00,00,00,00,00,00,00,00,00,00,00,00,00,00,00,00,00,00,00,00,00,00,00,00,00,00,00,00,00,00,00,00,00,00,00,00,00,00,00,00,00,00,00,00,00,00,00
9,genesis,zelda_v221,00061E,00,00,00,00,00,00,00,00,00,00,00,00,00,00,00,00,00,00,0000,0000,0000,00000000,0000,0000,00,00,00,00,00,00,00,00,00,00,00,00,00,00,00,00,00,00,00,00,00,00,00,00,00,00,00,00,00,00,00,00,00,00,00,00,00,00,00,00,00,00,00,00,00,00,00,00
10,genesis,zelda_v221,00061E,00,00,00,00,00,00,00,00,00,00,00,00,00,00,00,00,00,00,0000,0000,0000,00000000,0000,0000,00,00,00,00,00,00,00,00,00,00,00,00,00,00,00,00,00,00,00,00,00,00,00,00,00,00,00,00,00,00,00,00,00,00,00,00,00,00,00,00,00,00,00,00,00,00,00,00
11,genesis,zelda_v221,00061E,00,00,00,00,00,00,00,00,00,00,00,00,00,00,00,00,00,00,0000,0000,0000,00000000,0000,0000,00,00,00,00,00,00,00,00,00,00,00,00,00,00,00,00,00,00,00,00,00,00,00,00,00,00,00,00,00,00,00,00,00,00,00,00,00,00,00,00,00,00,00,00,00,00,00,00
12,genesis,zelda_v221,00473C,00,00,00,00,00,00,00,00,00,00,00,03,FF,01,01,00,00,00,0203,0000,0302,00000000,0000,0000,3F,00,FF,00,00,00,00,00,00,00,00,00,00,00,00,00,00,00,00,00,00,00,00,00,00,00,00,00,00,00,00,00,00,00,00,00,00,00,00,00,00,00,00,00,00,00,00,00
13,genesis,zelda_v221,007196,00,00,00,00,00,00,00,00,00,00,18,81,67,06,01,00,00,00,0403,0000,0302,00000000,0000,0000,3F,00,FF,00,00,00,00,00,00,00,00,00,00,00,00,00,00,00,00,00,00,00,00,00,00,00,00,00,00,00,00,00,00,00,00,00,00,00,00,00,00,00,00,00,00,00,00,00
14,genesis,zelda_v221,000C00,00,00,00,00,00,00,00,00,00,00,CD,81,B2,05,01,00,00,00,0403,0000,0302,00000000,0000,0000,3F,00,FF,00,00,00,00,00,00,00,00,00,00,00,00,00,00,00,00,00,00,00,00,00,00,00,00,00,00,00,00,00,00,00,00,00,00,00,00,00,00,00,00,00,00,00,00,00
15,genesis,zelda_v221,007172,00,00,00,00,00,00,00,00,00,00,82,82,FD,04,01,00,00,00,0403,0000,0302,00000000,0000,0000,3F,00,FF,00,00,00,00,00,00,00,00,00,00,00,00,00,00,00,00,00,00,00,00,00,00,00,00,00,00,00,00,00,00,00,00,00,00,00,00,00,00,00,00,00,00,00,00,00
16,genesis,zelda_v221,000AF6,00,00,00,00,00,00,00,00,00,00,36,83,49,04,01,00,00,00,0403,0000,0302,00000000,0000,0000,3F,00,FF,00,00,00,00,00,00,00,00,00,00,00,00,00,00,00,00,00,00,00,00,00,00,00,00,00,00,00,00,00,00,00,00,00,00,00,00,00,00,00,00,00,00,00,00,00
17,genesis,zelda_v221,0008F2,00,00,00,00,00,00,00,00,00,00,EB,83,94,03,01,00,00,00,0403,0000,0302,00000000,0000,0000,3F,00,FF,00,00,00,00,00,00,00,00,00,00,00,00,00,00,00,00,00,00,00,00,00,00,00,00,00,00,00,00,00,00,00,00,00,00,00,00,00,00,00,00,00,00,00,00,00
18,genesis,zelda_v221,0071B4,00,00,00,00,00,00,00,00,00,00,A0,84,E0,02,01,00,00,00,0403,0000,0302,00000000,0000,0000,3F,00,FF,00,00,00,00,00,00,00,00,00,00,00,00,00,00,00,00,00,00,00,00,00,00,00,00,00,00,00,00,00,00,00,00,00,00,00,00,00,00,00,00,00,00,00,00,00
19,genesis,zelda_v221,0008FA,00,00,00,00,00,00,00,00,00,00,54,85,2B,02,01,00,00,00,0403,0000,0302,00000000,0000,0000,3F,00,FF,00,00,00,00,00,00,00,00,00,00,00,00,00,00,00,00,00,00,00,00,00,00,00,00,00,00,00,00,00,00,00,00,00,00,00,00,00,00,00,00,00,00,00,00,00
20,genesis,zelda_v221,0008BE,00,00,00,00,00,00,00,00,00,00,09,86,76,01,01,00,00,00,0403,0000,0302,00000000,0000,0000,3F,00,FF,00,00,00,00,00,00,00,00,00,00,00,00,00,00,00,00,00,00,00,00,00,00,00,00,00,00,00,00,00,00,00,00,00,00,00,00,00,00,00,00,00,00,00,00,00
21,genesis,zelda_v221,00719E,00,00,00,00,00,00,00,00,00,00,BE,86,C2,00,01,00,00,00,0403,0000,0302,00000000,0000,0000,3F,00,FF,00,00,00,00,00,00,00,00,00,00,00,00,00,00,00,00,00,00,00,00,00,00,00,00,00,00,00,00,00,00,00,00,00,00,00,00,00,00,00,00,00,00,00,00,00
22,genesis,zelda_v221,000C0C,00,00,00,00,00,00,00,00,00,00,72,87,0D,00,01,00,00,00,0403,0000,0302,00000000,0000,0000,3F,00,FF,00,00,00,00,00,00,00,00,00,00,00,00,00,00,00,00,00,00,00,00,00,00,00,00,00,00,00,00,00,00,00,00,00,00,00,00,00,00,00,00,00,00,00,00,00
23,genesis,zelda_v221,0008FA,00,00,00,00,00,00,00,00,00,00,25,88,5A,06,01,00,00,00,0403,0000,0302,00000000,0000,0000,3F,00,FF,00,00,00,00,00,00,00,00,00,00,00,00,00,00,00,00,00,00,00,00,00,00,00,00,00,00,00,00,00,00,00,00,00,00,00,00,00,00,00,00,00,00,00,00,00
24,genesis,zelda_v221,0008BE,00,00,00,00,00,00,00,00,00,00,DA,88,A5,05,01,00,00,00,0403,0000,0302,00000000,0000,0000,3F,00,FF,00,00,00,00,00,00,00,00,00,00,00,00,00,00,00,00,00,00,00,00,00,00,00,00,00,00,00,00,00,00,00,00,00,00,00,00,00,00,00,00,00,00,00,00,00
25,genesis,zelda_v221,00719E,00,00,00,00,00,00,00,00,00,00,8F,89,F1,04,01,00,00,00,0403,0000,0302,00000000,0000,0000,3F,00,FF,00,00,00,00,00,00,00,00,00,00,00,00,00,00,00,00,00,00,00,00,00,00,00,00,00,00,00,00,00,00,00,00,00,00,00,00,00,00,00,00,00,00,00,00,00
26,genesis,zelda_v221,000C10,00,00,00,00,00,00,00,00,00,00,43,8A,3C,04,01,00,00,00,0403,0000,0302,00000000,0000,0000,3F,00,FF,00,00,00,00,00,00,00,00,00,00,00,00,00,00,00,00,00,00,00,00,00,00,00,00,00,00,00,00,00,00,00,00,00,00,00,00,00,00,00,00,00,00,00,00,00
27,genesis,zelda_v221,00717C,00,00,00,00,00,00,00,00,00,00,F8,8A,87,03,01,00,00,00,0403,0000,0302,00000000,0000,0000,3F,00,FF,00,00,00,00,00,00,00,00,00,00,00,00,00,00,00,00,00,00,00,00,00,00,00,00,00,00,00,00,00,00,00,00,00,00,00,00,00,00,00,00,00,00,00,00,00
28,genesis,zelda_v221,000B06,00,00,00,00,00,00,00,00,00,00,AC,8B,D3,02,01,00,00,00,0403,0000,0302,00000000,0000,0000,3F,00,FF,00,00,00,00,00,00,00,00,00,00,00,00,00,00,00,00,00,00,00,00,00,00,00,00,00,00,00,00,00,00,00,00,00,00,00,00,00,00,00,00,00,00,00,00,00
29,genesis,zelda_v221,0008F2,00,00,00,00,00,00,00,00,00,00,61,8C,1E,02,01,00,00,00,0403,0000,0302,00000000,0000,0000,3F,00,FF,00,00,00,00,00,00,00,00,00,00,00,00,00,00,00,00,00,00,00,00,00,00,00,00,00,00,00,00,00,00,00,00,00,00,00,00,00,00,00,00,00,00,00,00,00
30,genesis,zelda_v221,0071C0,00,00,00,00,00,00,00,00,00,00,16,8D,69,01,01,00,00,00,0403,0000,0302,00000000,0000,0000,3F,00,FF,00,00,00,00,00,00,00,00,00,00,00,00,00,00,00,00,00,00,00,00,00,00,00,00,00,00,00,00,00,00,00,00,00,00,00,00,00,00,00,00,00,00,00,00,00
31,genesis,zelda_v221,000AE8,00,00,00,00,00,00,00,00,00,00,CA,8D,B5,00,01,00,00,00,0403,0000,0302,00000000,0000,0000,3F,00,FF,00,00,00,00,00,00,00,00,00,00,00,00,00,00,00,00,00,00,00,00,00,00,00,00,00,00,00,00,00,00,00,00,00,00,00,00,00,00,00,00,00,00,00,00,00
32,genesis,zelda_v221,007102,00,00,00,00,00,00,00,00,00,00,7F,8E,00,00,01,00,00,00,0403,0000,0302,00000000,0000,0000,3F,00,FF,00,00,00,00,00,00,00,00,00,00,00,00,00,00,00,00,00,00,00,00,00,00,00,00,00,00,00,00,00,00,00,00,00,00,00,00,00,00,00,00,00,00,00,00,00
33,genesis,zelda_v221,000B68,00,00,00,00,00,00,00,00,00,00,1A,8F,45,00,01,00,00,00,0403,0000,0302,00000000,0000,0000,3F,00,FF,00,00,00,00,00,00,00,00,00,00,00,00,00,00,00,00,00,00,00,00,00,00,00,00,00,00,00,00,00,00,00,00,00,00,00,00,00,00,00,00,00,00,00,00,00
34,genesis,zelda_v221,0007CE,00,00,00,00,00,00,00,00,00,00,00,03,FF,01,01,00,00,00,0203,0000,0302,00000000,0000,0000,3F,00,FF,00,00,00,00,00,00,00,00,00,00,00,00,00,00,00,00,00,00,00,00,00,00,00,00,00,00,00,00,00,00,00,00,00,00,00,00,00,00,00,00,00,00,00,00,00
35,genesis,zelda_v221,000B9C,00,00,00,00,00,00,00,00,00,00,20,24,00,01,01,00,00,00,0403,0000,0302,00000000,0000,0000,3F,00,FF,00,00,00,00,00,00,00,00,00,00,00,00,00,00,00,00,00,00,00,00,00,00,00,00,00,00,00,00,00,F8,00,00,00,F8,00,00,00,F8,00,00,00,F8,00,00,00
36,genesis,zelda_v221,000B84,00,00,00,00,00,00,00,00,00,00,20,24,00,01,01,00,00,00,0403,0000,0302,00000000,0000,0000,3F,00,FF,00,00,00,00,00,00,00,00,00,00,00,00,00,00,00,00,00,00,00,00,00,00,00,00,00,00,00,00,00,F8,00,00,00,F8,00,00,00,F8,00,00,00,F8,00,00,00
37,genesis,zelda_v221,000B68,00,00,00,00,00,00,00,00,00,00,20,24,00,01,01,00,00,00,0403,0000,0302,00000000,0000,0000,3F,00,FF,00,00,00,00,00,00,00,00,00,00,00,00,00,00,00,00,00,00,00,00,00,00,00,00,00,00,00,00,00,F8,00,00,00,F8,00,00,00,F8,00,00,00,F8,00,00,00
38,genesis,zelda_v221,0008E0,00,00,00,00,00,00,00,00,00,00,20,24,00,01,01,00,00,00,0403,0000,0302,00000000,0000,0000,3F,00,FF,00,00,00,00,00,00,00,00,00,00,00,00,00,00,00,00,00,00,00,00,00,00,00,00,00,00,00,00,00,F8,00,00,00,F8,00,00,00,F8,00,00,00,F8,00,00,00
39,genesis,zelda_v221,0008D4,00,00,00,00,00,00,00,00,00,00,20,24,00,01,01,00,00,00,0403,0000,0302,00000000,0000,0000,3F,00,FF,00,00,00,00,00,00,00,00,00,00,00,00,00,00,00,00,00,00,00,00,00,00,00,00,00,00,00,00,00,F8,00,00,00,F8,00,00,00,F8,00,00,00,F8,00,00,00
40,genesis,zelda_v221,000B68,00,00,00,00,00,00,00,00,00,00,28,24,00,01,01,00,00,00,0403,0000,0302,00000000,0000,0000,3F,00,FF,00,00,00,00,00,00,00,00,00,00,00,00,00,00,00,00,00,00,00,00,00,00,00,00,00,00,00,00,00,F8,00,00,00,F8,00,00,00,F8,00,00,00,F8,00,00,00
41,genesis,zelda_v221,000AEE,00,00,00,00,00,00,00,00,00,00,28,24,00,01,01,00,00,00,0403,0000,0302,00000000,0000,0000,3F,00,FF,00,00,00,00,00,00,00,00,00,00,00,00,00,00,00,00,00,00,00,00,00,00,00,00,00,00,00,00,00,F8,00,00,00,F8,00,00,00,F8,00,00,00,F8,00,00,00
42,genesis,zelda_v221,0008E0,00,00,00,00,00,00,00,00,00,00,28,24,00,01,01,00,00,00,0403,0000,0302,00000000,0000,0000,3F,00,FF,00,00,00,00,00,00,00,00,00,00,00,00,00,00,00,00,00,00,00,00,00,00,00,00,00,00,00,00,00,F8,00,00,00,F8,00,00,00,F8,00,00,00,F8,00,00,00
43,genesis,zelda_v221,0008E8,00,00,00,00,00,00,00,00,00,00,28,24,00,01,01,00,00,00,0403,0000,0302,00000000,0000,0000,3F,00,FF,00,00,00,00,00,00,00,00,00,00,00,00,00,00,00,00,00,00,00,00,00,00,00,00,00,00,00,00,00,F8,00,00,00,F8,00,00,00,F8,00,00,00,F8,00,00,00
44,genesis,zelda_v221,01656C,00,00,00,00,00,00,00,00,00,00,00,06,FF,01,01,00,00,00,0203,0000,0302,00000000,0000,0000,23,23,FF,3C,00,23,13,C1,00,FF,03,00,13,C1,00,FF,03,01,20,7C,00,00,83,44,10,30,18,00,20,7C,00,FF,F8,00,00,00,F8,00,00,00,F8,00,00,00,F8,00,00,00
45,genesis,zelda_v221,000DFC,00,00,00,00,00,00,00,00,00,00,00,03,FF,01,01,00,00,00,0313,0000,0302,00000000,0000,0000,3F,00,FF,3C,00,23,13,C1,00,FF,03,00,13,C1,00,FF,03,01,20,7C,00,00,83,44,10,30,18,00,20,7C,00,FF,F8,00,00,00,F8,00,00,00,F8,00,00,00,F8,00,00,00
46,genesis,zelda_v221,000E28,00,00,00,00,00,00,00,00,00,00,00,03,FF,01,01,00,00,00,0313,0000,0302,00000000,0000,0000,3F,00,FF,3C,00,23,13,C1,00,FF,03,00,13,C1,00,FF,03,01,20,7C,00,00,83,44,10,30,18,00,20,7C,00,FF,F8,00,00,00,F8,00,00,00,F8,00,00,00,F8,00,00,00
47,genesis,zelda_v221,000DD8,00,00,00,00,00,00,00,00,00,00,00,03,FF,01,01,00,00,00,0313,0000,0302,00000000,0000,0000,3F,00,FF,3C,00,23,13,C1,00,FF,03,00,13,C1,00,FF,03,01,20,7C,00,00,83,44,10,30,18,00,20,7C,00,FF,F8,00,00,00,F8,00,00,00,F8,00,00,00,F8,00,00,00
48,genesis,zelda_v221,000DE2,00,00,00,00,00,00,00,00,00,00,00,03,FF,01,01,00,00,00,0313,0000,0302,00000000,0000,0000,3F,00,FF,3C,00,23,13,C1,00,FF,03,00,13,C1,00,FF,03,01,20,7C,00,00,83,44,10,30,18,00,20,7C,00,FF,F8,00,00,00,F8,00,00,00,F8,00,00,00,F8,00,00,00
49,genesis,zelda_v221,000738,00,00,00,00,00,00,00,00,00,00,00,03,FF,01,01,00,00,00,0202,0000,0302,00000000,0000,0000,3F,00,FF,3C,00,23,13,C1,00,FF,03,00,13,C1,00,FF,03,01,20,7C,00,00,83,44,10,30,18,00,20,7C,00,FF,F8,00,00,00,F8,00,00,00,F8,00,00,00,F8,00,00,00
50,genesis,zelda_v221,00717A,00,00,00,00,00,00,00,00,00,00,1A,81,65,06,01,00,00,00,0403,0000,0302,00000000,0000,0000,3F,00,FF,3C,00,23,13,C1,00,FF,03,00,13,C1,00,FF,03,01,20,7C,00,00,83,44,10,30,18,00,20,7C,00,FF,F8,00,00,00,F8,00,00,00,F8,00,00,00,F8,00,00,00
51,genesis,zelda_v221,000B06,00,00,00,00,00,00,00,00,00,00,CE,81,B1,05,01,00,00,00,0403,0000,0302,00000000,0000,0000,3F,00,FF,3C,00,23,13,C1,00,FF,03,00,13,C1,00,FF,03,01,20,7C,00,00,83,44,10,30,18,00,20,7C,00,FF,F8,00,00,00,F8,00,00,00,F8,00,00,00,F8,00,00,00
52,genesis,zelda_v221,0008F2,00,00,00,00,00,00,00,00,00,00,83,82,FC,04,01,00,00,00,0403,0000,0302,00000000,0000,0000,3F,00,FF,3C,00,23,13,C1,00,FF,03,00,13,C1,00,FF,03,01,20,7C,00,00,83,44,10,30,18,00,20,7C,00,FF,F8,00,00,00,F8,00,00,00,F8,00,00,00,F8,00,00,00
53,genesis,zelda_v221,0071BE,00,00,00,00,00,00,00,00,00,00,38,83,47,04,01,00,00,00,0403,0000,0302,00000000,0000,0000,3F,00,FF,3C,00,23,13,C1,00,FF,03,00,13,C1,00,FF,03,01,20,7C,00,00,83,44,10,30,18,00,20,7C,00,FF,F8,00,00,00,F8,00,00,00,F8,00,00,00,F8,00,00,00
54,genesis,zelda_v221,0008FA,00,00,00,00,00,00,00,00,00,00,EC,83,93,03,01,00,00,00,0403,0000,0302,00000000,0000,0000,3F,00,FF,3C,00,23,13,C1,00,FF,03,00,13,C1,00,FF,03,01,20,7C,00,00,83,44,10,30,18,00,20,7C,00,FF,F8,00,00,00,F8,00,00,00,F8,00,00,00,F8,00,00,00
55,genesis,zelda_v221,0008C4,00,00,00,00,00,00,00,00,00,00,A1,84,DE,02,01,00,00,00,0403,0000,0302,00000000,0000,0000,3F,00,FF,3C,00,23,13,C1,00,FF,03,00,13,C1,00,FF,03,01,20,7C,00,00,83,44,10,30,18,00,20,7C,00,FF,F8,00,00,00,F8,00,00,00,F8,00,00,00,F8,00,00,00
56,genesis,zelda_v221,0071A4,00,00,00,00,00,00,00,00,00,00,56,85,2A,02,01,00,00,00,0403,0000,0302,00000000,0000,0000,3F,00,FF,3C,00,23,13,C1,00,FF,03,00,13,C1,00,FF,03,01,20,7C,00,00,83,44,10,30,18,00,20,7C,00,FF,F8,00,00,00,F8,00,00,00,F8,00,00,00,F8,00,00,00
57,genesis,zelda_v221,0008F6,00,00,00,00,00,00,00,00,00,00,0A,86,75,01,01,00,00,00,0403,0000,0302,00000000,0000,0000,3F,00,FF,3C,00,23,13,C1,00,FF,03,00,13,C1,00,FF,03,01,20,7C,00,00,83,44,10,30,18,00,20,7C,00,FF,F8,00,00,00,F8,00,00,00,F8,00,00,00,F8,00,00,00
58,genesis,zelda_v221,007182,00,00,00,00,00,00,00,00,00,00,BF,86,C0,00,01,00,00,00,0403,0000,0302,00000000,0000,0000,3F,00,FF,3C,00,23,13,C1,00,FF,03,00,13,C1,00,FF,03,01,20,7C,00,00,83,44,10,30,18,00,20,7C,00,FF,F8,00,00,00,F8,00,00,00,F8,00,00,00,F8,00,00,00
59,genesis,zelda_v221,0008FE,00,00,00,00,00,00,00,00,00,00,73,87,0C,00,01,00,00,00,0403,0000,0302,00000000,0000,0000,3F,00,FF,3C,00,23,13,C1,00,FF,03,00,13,C1,00,FF,03,01,20,7C,00,00,83,44,10,30,18,00,20,7C,00,FF,F8,00,00,00,F8,00,00,00,F8,00,00,00,F8,00,00,00
60,genesis,zelda_v221,0071AC,00,00,00,00,00,00,00,00,00,00,27,88,59,06,01,00,00,00,0403,0000,0302,00000000,0000,0000,3F,00,FF,3C,00,23,13,C1,00,FF,03,00,13,C1,00,FF,03,01,20,7C,00,00,83,44,10,30,18,00,20,7C,00,FF,F8,00,00,00,F8,00,00,00,F8,00,00,00,F8,00,00,00
61,genesis,zelda_v221,0008FA,00,00,00,00,00,00,00,00,00,00,DB,88,A4,05,01,00,00,00,0403,0000,0302,00000000,0000,0000,3F,00,FF,3C,00,23,13,C1,00,FF,03,00,13,C1,00,FF,03,01,20,7C,00,00,83,44,10,30,18,00,20,7C,00,FF,F8,00,00,00,F8,00,00,00,F8,00,00,00,F8,00,00,00
62,genesis,zelda_v221,007182,00,00,00,00,00,00,00,00,00,00,90,89,EF,04,01,00,00,00,0403,0000,0302,00000000,0000,0000,3F,00,FF,3C,00,23,13,C1,00,FF,03,00,13,C1,00,FF,03,01,20,7C,00,00,83,44,10,30,18,00,20,7C,00,FF,F8,00,00,00,F8,00,00,00,F8,00,00,00,F8,00,00,00
63,genesis,zelda_v221,007192,00,00,00,00,00,00,00,00,00,00,44,8A,3B,04,01,00,00,00,0403,0000,0302,00000000,0000,0000,3F,00,FF,3C,00,23,13,C1,00,FF,03,00,13,C1,00,FF,03,01,20,7C,00,00,83,44,10,30,18,00,20,7C,00,FF,F8,00,00,00,F8,00,00,00,F8,00,00,00,F8,00,00,00
64,genesis,zelda_v221,0008F2,00,00,00,00,00,00,00,00,00,00,F9,8A,86,03,01,00,00,00,0403,0000,0302,00000000,0000,0000,3F,00,FF,3C,00,23,13,C1,00,FF,03,00,13,C1,00,FF,03,01,20,7C,00,00,83,44,10,30,18,00,20,7C,00,FF,F8,00,00,00,F8,00,00,00,F8,00,00,00,F8,00,00,00
65,genesis,zelda_v221,0071C6,00,00,00,00,00,00,00,00,00,00,AE,8B,D1,02,01,00,00,00,0403,0000,0302,00000000,0000,0000,3F,00,FF,3C,00,23,13,C1,00,FF,03,00,13,C1,00,FF,03,01,20,7C,00,00,83,44,10,30,18,00,20,7C,00,FF,F8,00,00,00,F8,00,00,00,F8,00,00,00,F8,00,00,00
66,genesis,zelda_v221,000AEE,00,00,00,00,00,00,00,00,00,00,62,8C,1D,02,01,00,00,00,0403,0000,0302,00000000,0000,0000,3F,00,FF,3C,00,23,13,C1,00,FF,03,00,13,C1,00,FF,03,01,20,7C,00,00,83,44,10,30,18,00,20,7C,00,FF,F8,00,00,00,F8,00,00,00,F8,00,00,00,F8,00,00,00
67,genesis,zelda_v221,0008D4,00,00,00,00,00,00,00,00,00,00,17,8D,68,01,01,00,00,00,0403,0000,0302,00000000,0000,0000,3F,00,FF,3C,00,23,13,C1,00,FF,03,00,13,C1,00,FF,03,01,20,7C,00,00,83,44,10,30,18,00,20,7C,00,FF,F8,00,00,00,F8,00,00,00,F8,00,00,00,F8,00,00,00
68,genesis,zelda_v221,0071AE,00,00,00,00,00,00,00,00,00,00,CC,8D,B4,00,01,00,00,00,0403,0000,0302,00000000,0000,0000,3F,00,FF,3C,00,23,13,C1,00,FF,03,00,13,C1,00,FF,03,01,20,7C,00,00,83,44,10,30,18,00,20,7C,00,FF,F8,00,00,00,F8,00,00,00,F8,00,00,00,F8,00,00,00
69,genesis,zelda_v221,00716E,00,00,00,00,00,00,00,00,00,00,7F,8E,E0,00,01,00,00,00,0403,0000,0302,00000000,0000,0000,3F,00,FF,3C,00,23,13,C1,00,FF,03,00,13,C1,00,FF,03,01,20,7C,00,00,83,44,10,30,18,00,20,7C,00,FF,F8,00,00,00,F8,00,00,00,F8,00,00,00,F8,00,00,00
70,genesis,zelda_v221,00717C,00,00,00,00,00,00,00,00,00,00,0F,8F,50,00,01,00,00,00,0403,0000,0302,00000000,0000,0000,3F,00,FF,3C,00,23,13,C1,00,FF,03,00,13,C1,00,FF,03,01,20,7C,00,00,83,44,10,30,18,00,20,7C,00,FF,F8,00,00,00,F8,00,00,00,F8,00,00,00,F8,00,00,00
71,genesis,zelda_v221,000E16,00,00,00,00,00,00,00,00,00,00,00,03,FF,01,01,00,00,00,0421,0000,0302,00000000,0000,0000,3F,00,FF,3C,00,23,13,C1,00,FF,03,00,13,C1,00,FF,03,01,20,7C,00,00,83,44,10,30,18,00,20,7C,00,FF,F8,00,00,00,F8,00,00,00,F8,00,00,00,F8,00,00,00
72,genesis,zelda_v221,000DE8,00,00,00,00,00,00,00,00,00,00,00,03,FF,01,01,00,00,00,0421,0000,0302,00000000,0000,0000,3F,00,FF,3C,00,23,13,C1,00,FF,03,00,13,C1,00,FF,03,01,20,7C,00,00,83,44,10,30,18,00,20,7C,00,FF,F8,00,00,00,F8,00,00,00,F8,00,00,00,F8,00,00,00
73,genesis,zelda_v221,000B26,00,00,00,00,00,00,00,00,00,00,00,03,FF,01,01,00,00,00,0421,0000,0302,00000000,0000,0000,3F,00,FF,3C,00,23,13,C1,00,FF,03,00,13,C1,00,FF,03,01,20,7C,00,00,83,44,10,30,18,00,20,7C,00,FF,F8,00,00,00,F8,00,00,00,F8,00,00,00,F8,00,00,00
74,genesis,zelda_v221,000DBC,00,00,00,00,00,00,00,00,00,00,00,03,FF,01,01,00,00,00,0421,0000,0302,00000000,0000,0000,3F,00,FF,3C,00,23,13,C1,00,FF,03,00,13,C1,00,FF,03,01,20,7C,00,00,83,44,10,30,18,00,20,7C,00,FF,F8,00,00,00,F8,00,00,00,F8,00,00,00,F8,00,00,00
75,genesis,zelda_v221,000E1E,00,00,00,00,00,00,00,00,00,00,00,03,FF,01,01,00,00,00,0421,0000,0302,00000000,0000,0000,3F,00,FF,3C,00,23,13,C1,00,FF,03,00,13,C1,00,FF,03,01,20,7C,00,00,83,44,10,30,18,00,20,7C,00,FF,F8,00,00,00,F8,00,00,00,F8,00,00,00,F8,00,00,00
76,genesis,zelda_v221,0008E8,00,00,00,00,00,00,00,00,00,00,20,24,00,00,00,00,00,00,0403,0000,0302,00000000,0000,0000,3F,00,FF,3C,00,23,13,C1,00,FF,03,00,13,C1,00,FF,03,01,20,7C,00,00,83,44,10,30,18,00,20,7C,00,FF,F8,00,00,00,F8,00,00,00,F8,00,00,00,F8,00,00,00
77,genesis,zelda_v221,0008D6,00,00,00,00,00,00,00,00,00,00,20,24,00,01,01,00,00,00,0403,0000,0302,00000000,0004,0000,3F,00,FF,3C,00,23,13,C1,00,FF,03,00,13,C1,00,FF,03,01,20,7C,00,00,83,44,10,30,18,00,20,7C,00,FF,F8,00,00,00,F8,00,00,00,F8,00,00,00,F8,00,00,00
78,genesis,zelda_v221,0008E0,00,00,00,00,00,00,00,00,00,00,20,24,00,01,01,00,00,00,0403,0000,0302,00000000,0004,0000,3F,00,FF,3C,00,23,13,C1,00,FF,03,00,13,C1,00,FF,03,01,20,7C,00,00,83,44,10,30,18,00,20,7C,00,FF,F8,00,00,00,F8,00,00,00,F8,00,00,00,F8,00,00,00
79,genesis,zelda_v221,0008E8,00,00,00,00,00,00,00,00,00,00,20,24,00,01,01,00,00,00,0403,0000,0302,00000000,0004,0000,3F,00,FF,3C,00,23,13,C1,00,FF,03,00,13,C1,00,FF,03,01,20,7C,00,00,83,44,10,30,18,00,20,7C,00,FF,F8,00,00,00,F8,00,00,00,F8,00,00,00,F8,00,00,00
80,genesis,zelda_v221,0008DA,00,00,00,00,00,00,00,00,00,00,20,24,00,01,01,00,00,00,0403,0000,0302,00000000,0004,0000,3F,00,FF,3C,00,23,13,C1,00,FF,03,00,13,C1,00,FF,03,01,20,7C,00,00,83,44,10,30,18,00,20,7C,00,FF,F8,00,00,00,F8,00,00,00,F8,00,00,00,F8,00,00,00
81,genesis,zelda_v221,0008D0,00,00,00,00,00,00,00,00,00,00,28,24,00,01,01,00,00,00,0403,0000,0302,00000000,0004,0000,3F,00,FF,3C,00,23,13,C1,00,FF,03,00,13,C1,00,FF,03,01,20,7C,00,00,83,44,10,30,18,00,20,7C,00,FF,F8,00,00,00,F8,00,00,00,F8,00,00,00,F8,00,00,00
82,genesis,zelda_v221,000BC2,00,00,00,00,00,00,00,00,00,00,28,24,00,01,01,00,00,00,0403,0000,0302,00000000,0004,0000,3F,00,FF,3C,00,23,13,C1,00,FF,03,00,13,C1,00,FF,03,01,20,7C,00,00,83,44,10,30,18,00,20,7C,00,FF,F8,00,00,00,F8,00,00,00,F8,00,00,00,F8,00,00,00
83,genesis,zelda_v221,0008BE,00,00,00,00,00,00,00,00,00,00,28,24,00,01,01,00,00,00,0403,0000,0302,00000000,0004,0000,3F,00,FF,3C,00,23,13,C1,00,FF,03,00,13,C1,00,FF,03,01,20,7C,00,00,83,44,10,30,18,00,20,7C,00,FF,F8,00,00,00,F8,00,00,00,F8,00,00,00,F8,00,00,00
84,genesis,zelda_v221,000B80,00,00,00,00,00,00,00,00,00,00,28,24,00,01,01,00,00,00,0403,0000,0302,00000000,0004,0000,3F,00,FF,3C,00,23,13,C1,00,FF,03,00,13,C1,00,FF,03,01,20,7C,00,00,83,44,10,30,18,00,20,7C,00,FF,F8,00,00,00,F8,00,00,00,F8,00,00,00,F8,00,00,00
85,genesis,zelda_v221,0008EC,00,00,00,00,00,00,00,00,00,00,28,24,00,01,01,00,00,00,0403,0000,0302,00000000,0004,0000,3F,00,FF,3C,00,23,13,C1,00,FF,03,00,13,C1,00,FF,03,01,20,7C,00,00,83,44,10,30,18,00,20,7C,00,FF,F8,00,00,00,F8,00,00,00,F8,00,00,00,F8,00,00,00
86,genesis,zelda_v221,000B72,00,00,00,00,00,00,00,00,00,00,00,03,FF,01,01,00,00,00,0203,0000,0302,00000000,0008,0000,23,23,FF,3C,00,23,13,C1,00,FF,03,00,13,C1,00,FF,03,01,20,7C,00,00,83,44,10,30,18,00,20,7C,00,FF,F8,00,00,00,F8,00,00,00,F8,00,00,00,F8,00,00,00
87,genesis,zelda_v221,0008C4,01,00,00,10,00,00,00,00,00,00,00,03,FF,01,01,00,00,00,0203,0000,0302,00000000,0008,0000,3F,00,FF,3C,00,23,13,C1,00,FF,03,00,13,C1,00,FF,03,01,20,7C,00,00,83,44,10,30,18,00,20,7C,00,FF,F8,00,00,00,F8,00,00,00,F8,00,00,00,F8,00,00,00
88,genesis,zelda_v221,000736,01,00,00,10,00,00,00,00,00,00,00,03,FF,01,01,00,00,00,0403,0010,A869,0001758F,0008,0000,3F,00,FF,3C,00,23,13,C1,00,FF,03,00,13,C1,00,FF,03,01,20,7C,00,00,83,44,10,30,18,00,20,7C,00,FF,F8,00,00,00,F8,00,00,00,F8,00,00,00,F8,00,00,00
89,genesis,zelda_v221,0008D6,01,00,00,10,00,00,00,00,00,00,00,03,FF,01,01,00,00,00,0403,0010,A869,0001758F,0008,0000,3F,00,FF,3C,00,23,13,C1,00,FF,03,00,13,C1,00,FF,03,01,20,7C,00,00,83,44,10,30,18,00,20,7C,00,FF,F8,00,00,00,F8,00,00,00,F8,00,00,00,F8,00,00,00
90,genesis,zelda_v221,000B82,01,00,00,10,00,00,00,00,00,00,00,03,FF,01,01,00,00,00,0403,0010,A869,0001758F,0008,0000,3F,00,FF,3C,00,23,13,C1,00,FF,03,00,13,C1,00,FF,03,01,20,7C,00,00,83,44,10,30,18,00,20,7C,00,FF,F8,00,00,00,F8,00,00,00,F8,00,00,00,F8,00,00,00
91,genesis,zelda_v221,000AE8,01,00,00,10,00,00,00,00,00,00,00,03,FF,01,01,00,00,00,0403,0010,A869,0001758F,0008,0000,3F,00,FF,3C,00,23,13,C1,00,FF,03,00,13,C1,00,FF,03,01,20,7C,00,00,83,44,10,30,18,00,20,7C,00,FF,F8,00,00,00,F8,00,00,00,F8,00,00,00,F8,00,00,00
92,genesis,zelda_v221,000C00,01,00,00,10,00,00,00,00,00,00,00,03,FF,01,01,00,00,00,0403,0010,A869,0001758F,0008,0000,3F,00,FF,3C,00,23,13,C1,00,FF,03,00,13,C1,00,FF,03,01,20,7C,00,00,83,44,10,30,18,00,20,7C,00,FF,F8,00,00,00,F8,00,00,00,F8,00,00,00,F8,00,00,00
93,genesis,zelda_v221,000B8E,01,00,00,10,00,00,00,00,00,00,00,03,FF,01,01,00,00,00,0403,0010,A869,0001758F,0008,0000,3F,00,FF,3C,00,23,13,C1,00,FF,03,00,13,C1,00,FF,03,01,20,7C,00,00,83,44,10,30,18,00,20,7C,00,FF,F8,00,00,00,F8,00,00,00,F8,00,00,00,F8,00,00,00
94,genesis,zelda_v221,000AE8,01,00,00,10,00,00,00,00,00,00,00,03,FF,01,01,00,00,00,0403,0010,A869,0001758F,0008,0000,3F,00,FF,3C,00,23,13,C1,00,FF,03,00,13,C1,00,FF,03,01,20,7C,00,00,83,44,10,30,18,00,20,7C,00,FF,F8,00,00,00,F8,00,00,00,F8,00,00,00,F8,00,00,00
95,genesis,zelda_v221,0008CE,01,00,00,10,00,00,00,00,00,00,00,03,FF,01,01,00,00,00,0403,0010,A869,0001758F,0008,0000,3F,00,FF,3C,00,23,13,C1,00,FF,03,00,13,C1,00,FF,03,01,20,7C,00,00,83,44,10,30,18,00,20,7C,00,FF,F8,00,00,00,F8,00,00,00,F8,00,00,00,F8,00,00,00
96,genesis,zelda_v221,000B84,01,00,00,10,00,00,00,00,00,00,00,03,FF,01,01,00,00,00,0403,0010,A869,0001758F,0008,0000,3F,00,FF,3C,00,23,13,C1,00,FF,03,00,13,C1,00,FF,03,01,20,7C,00,00,83,44,10,30,18,00,20,7C,00,FF,F8,00,00,00,F8,00,00,00,F8,00,00,00,F8,00,00,00
97,genesis,zelda_v221,0008D6,01,00,00,10,00,00,00,00,00,00,00,03,FF,01,01,00,00,00,0403,0010,A869,0001758F,0008,0000,3F,00,FF,3C,00,23,13,C1,00,FF,03,00,13,C1,00,FF,03,01,20,7C,00,00,83,44,10,30,18,00,20,7C,00,FF,F8,00,00,00,F8,00,00,00,F8,00,00,00,F8,00,00,00
98,genesis,zelda_v221,0008FA,01,00,00,10,00,00,00,00,00,00,00,03,FF,01,01,00,00,00,0403,0010,A869,0001758F,0008,0000,3F,00,FF,3C,00,23,13,C1,00,FF,03,00,13,C1,00,FF,03,01,20,7C,00,00,83,44,10,30,18,00,20,7C,00,FF,F8,00,00,00,F8,00,00,00,F8,00,00,00,F8,00,00,00
99,genesis,zelda_v221,0008C4,01,00,00,10,00,00,00,00,00,00,00,03,FF,01,01,00,00,00,0403,0010,A869,0001758F,0008,0000,3F,00,FF,3C,00,23,13,C1,00,FF,03,00,13,C1,00,FF,03,01,20,7C,00,00,83,44,10,30,18,00,20,7C,00,FF,F8,00,00,00,F8,00,00,00,F8,00,00,00,F8,00,00,00
100,genesis,zelda_v221,000DBC,01,00,00,00,00,00,00,01,C8,C0,02,03,00,01,01,B2,00,00,0403,0000,0302,00000000,000C,0000,3F,00,FF,3C,00,23,13,20,00,FF,03,00,13,C1,00,FF,03,01,20,7C,00,00,83,44,10,30,18,00,20,7C,00,FF,F8,00,00,00,F8,00,00,00,F8,00,00,00,F8,00,00,00
101,genesis,zelda_v221,000DE4,01,00,00,00,00,00,00,01,C8,C0,02,03,00,01,01,B2,00,00,0403,0000,0302,00000000,000C,0000,3F,00,FF,3C,00,23,13,20,00,FF,03,00,13,C1,00,FF,03,01,20,7C,00,00,83,44,10,30,18,00,20,7C,00,FF,F8,00,00,00,F8,00,00,00,F8,00,00,00,F8,00,00,00
102,genesis,zelda_v221,000B26,01,00,00,00,00,00,00,01,C8,C0,02,03,00,01,01,B2,00,00,0403,0000,0302,00000000,000C,0000,3F,00,FF,3C,00,23,13,20,00,FF,03,00,13,C1,00,FF,03,01,20,7C,00,00,83,44,10,30,18,00,20,7C,00,FF,F8,00,00,00,F8,00,00,00,F8,00,00,00,F8,00,00,00
103,genesis,zelda_v221,000DB6,01,00,00,00,00,00,00,01,C8,C0,02,03,00,01,01,B2,00,00,0403,0000,0302,00000000,000C,0000,3F,00,FF,3C,00,23,13,20,00,FF,03,00,13,C1,00,FF,03,01,20,7C,00,00,83,44,10,30,18,00,20,7C,00,FF,F8,00,00,00,F8,00,00,00,F8,00,00,00,F8,00,00,00
104,genesis,zelda_v221,000E1A,01,00,00,00,00,00,00,01,C8,C0,02,03,00,01,01,B2,00,00,0403,0000,0302,00000000,000C,0000,3F,00,FF,3C,00,23,13,20,00,FF,03,00,13,C1,00,FF,03,01,20,7C,00,00,83,44,10,30,18,00,20,7C,00,FF,F8,00,00,00,F8,00,00,00,F8,00,00,00,F8,00,00,00
105,genesis,zelda_v221,000428,01,00,00,00,00,00,00,01,B2,C0,02,03,FF,01,01,B2,00,00,0477,0000,0302,00000000,000F,0000,3F,00,FF,3C,00,23,13,20,00,FF,03,00,13,C1,00,FF,03,01,20,7C,00,00,83,44,10,30,18,00,20,7C,00,FF,F8,00,00,00,F8,00,00,00,F8,00,00,00,F8,00,00,00
106,genesis,zelda_v221,0008EE,01,00,00,00,00,00,00,01,B2,C0,10,03,00,01,01,B2,00,00,0203,0000,0302,00000000,0016,0000,3F,00,FF,3C,00,23,13,20,00,FF,03,00,13,C1,00,FF,03,01,20,7C,00,00,83,44,10,30,18,00,20,7C,00,FF,F8,00,00,00,F8,00,00,00,F8,00,00,00,F8,00,00,00
107,genesis,zelda_v221,000AE8,01,00,00,00,00,00,00,01,B2,C0,10,03,00,01,01,B2,00,00,0203,0000,0302,00000000,001A,0000,3F,00,FF,3C,00,23,13,20,00,FF,03,00,13,C1,00,FF,03,01,20,7C,00,00,83,44,10,30,18,00,20,7C,00,FF,F8,00,00,00,F8,00,00,00,F8,00,00,00,F8,00,00,00
108,genesis,zelda_v221,000C02,01,00,00,00,00,00,00,01,B2,C0,10,03,00,01,01,B2,00,00,0203,0000,0302,00000000,001D,0000,3F,00,FF,3C,00,23,13,20,00,FF,03,00,13,C1,00,FF,03,01,20,7C,00,00,83,44,10,30,18,00,20,7C,00,FF,F8,00,00,00,F8,00,00,00,F8,00,00,00,F8,00,00,00
109,genesis,zelda_v221,000AEE,01,00,00,00,00,00,00,01,B2,C0,28,24,00,01,01,B2,00,00,0403,0000,0302,00000000,0021,0000,3F,00,FF,3C,00,23,13,7C,00,FF,03,00,13,C1,00,FF,03,01,20,7C,00,00,83,44,10,30,18,00,20,7C,00,FF,F8,00,00,00,F8,00,00,00,F8,00,00,00,F8,00,00,00
110,genesis,zelda_v221,0008FA,01,00,00,00,00,00,00,01,B2,C0,10,03,00,01,01,B2,00,00,0203,0000,0302,00000000,0024,0000,3F,00,FF,3C,00,23,13,7C,00,FF,03,00,13,C1,00,FF,03,01,20,7C,00,00,83,44,10,30,18,00,20,7C,00,FF,F8,00,00,00,F8,00,00,00,F8,00,00,00,F8,00,00,00
111,genesis,zelda_v221,0008F2,01,00,00,00,00,00,00,01,B2,C0,10,03,00,01,01,B2,00,00,0203,0000,0302,00000000,0028,0000,3F,00,FF,3C,00,23,13,7C,00,FF,03,00,13,C1,00,FF,03,01,20,7C,00,00,83,44,10,30,18,00,20,7C,00,FF,F8,00,00,00,F8,00,00,00,F8,00,00,00,F8,00,00,00
112,genesis,zelda_v221,0008FE,01,00,00,00,00,00,00,01,B2,C0,10,03,00,01,01,B2,00,00,0203,0000,0302,00000000,002B,0000,3F,00,FF,3C,00,23,13,7C,00,FF,03,00,13,C1,00,FF,03,01,20,7C,00,00,83,44,10,30,18,00,20,7C,00,FF,F8,00,00,00,F8,00,00,00,F8,00,00,00,F8,00,00,00
113,genesis,zelda_v221,000C10,01,00,00,00,00,00,00,01,B2,C0,10,03,00,01,01,B2,00,00,0203,0000,0302,00000000,002F,0000,3F,00,FF,3C,00,23,13,7C,00,FF,03,00,13,C1,00,FF,03,01,20,7C,00,00,83,44,10,30,18,00,20,7C,00,FF,F8,00,00,00,F8,00,00,00,F8,00,00,00,F8,00,00,00
114,genesis,zelda_v221,0008F2,01,00,00,00,00,00,00,01,B2,C0,10,03,00,01,01,B2,00,00,0403,0000,0302,00000000,0032,0000,3F,00,FF,3C,00,23,13,7C,00,FF,03,00,13,C1,00,FF,03,01,20,7C,00,00,83,44,10,30,18,00,20,7C,00,FF,F8,00,00,00,F8,00,00,00,F8,00,00,00,F8,00,00,00
115,genesis,zelda_v221,000F34,01,00,00,00,00,00,00,01,B2,C0,10,03,00,01,01,B2,00,00,0203,0000,0302,00000000,0036,0000,3F,00,FF,3C,00,23,13,00,00,FF,03,00,13,C1,00,FF,03,01,20,7C,00,00,83,44,10,30,18,00,20,7C,00,FF,F8,00,00,00,F8,00,00,00,F8,00,00,00,F8,00,00,00
116,genesis,zelda_v221,000F34,01,00,00,00,00,00,00,01,B2,C0,10,03,00,01,01,B2,00,00,0203,0000,0302,00000000,0039,0000,3F,00,FF,3C,00,23,13,00,00,FF,03,00,13,C1,00,FF,03,01,20,7C,00,00,83,44,10,30,18,00,20,7C,00,FF,F8,00,00,00,F8,00,00,00,F8,00,00,00,F8,00,00,00
117,genesis,zelda_v221,000F34,01,00,00,00,00,00,00,01,B2,C0,10,03,00,01,01,B2,00,00,0203,0000,0302,00000000,003D,0000,3F,00,FF,3C,00,23,13,00,00,FF,03,00,13,C1,00,FF,03,01,20,7C,00,00,83,44,10,30,18,00,20,7C,00,FF,F8,00,00,00,F8,00,00,00,F8,00,00,00,F8,00,00,00
118,genesis,zelda_v221,000F34,01,00,00,00,00,00,00,01,B2,C0,10,03,00,01,01,B2,00,00,0203,0000,0302,00000000,0040,0000,3F,00,FF,3C,00,23,13,00,00,FF,03,00,13,C1,00,FF,03,01,20,7C,00,00,83,44,10,30,18,00,20,7C,00,FF,F8,00,00,00,F8,00,00,00,F8,00,00,00,F8,00,00,00
119,genesis,zelda_v221,000F34,01,00,00,00,00,00,00,01,B2,C0,10,03,00,01,01,B2,00,00,0203,0000,0302,00000000,0044,0000,3F,00,FF,3C,00,23,13,00,00,FF,03,00,13,C1,00,FF,03,01,20,7C,00,00,83,44,10,30,18,00,20,7C,00,FF,F8,00,00,00,F8,00,00,00,F8,00,00,00,F8,00,00,00
120,genesis,zelda_v221,000F34,01,00,00,00,00,00,00,01,B2,C0,10,03,00,01,01,B2,00,00,0203,0000,0302,00000000,0047,0000,3F,00,FF,3C,00,23,13,00,00,FF,03,00,13,C1,00,FF,03,01,20,7C,00,00,83,44,10,30,18,00,20,7C,00,FF,F8,00,00,00,F8,00,00,00,F8,00,00,00,F8,00,00,00
121,genesis,zelda_v221,000F34,01,00,00,00,00,00,00,01,B2,C0,10,03,00,01,01,B2,00,00,0203,0000,0302,00000000,004B,0000,3F,00,FF,3C,00,23,13,FF,00,FF,03,00,13,C1,00,FF,03,01,20,7C,00,00,83,44,10,30,18,00,20,7C,00,FF,F8,00,00,00,F8,00,00,00,F8,00,00,00,F8,00,00,00
122,genesis,zelda_v221,000F34,01,00,00,00,00,00,00,01,B2,C0,10,03,00,01,01,B2,00,00,0203,0000,0302,00000000,004E,0000,3F,00,FF,3C,00,23,13,FF,00,FF,03,00,13,C1,00,FF,03,01,20,7C,00,00,83,44,10,30,18,00,20,7C,00,FF,F8,00,00,00,F8,00,00,00,F8,00,00,00,F8,00,00,00
123,genesis,zelda_v221,000F34,01,00,00,00,00,00,00,01,B2,C0,10,03,00,01,01,B2,00,00,0203,0000,0302,00000000,0052,0000,3F,00,FF,3C,00,23,13,FF,00,FF,03,00,13,C1,00,FF,03,01,20,7C,00,00,83,44,10,30,18,00,20,7C,00,FF,F8,00,00,00,F8,00,00,00,F8,00,00,00,F8,00,00,00
124,genesis,zelda_v221,000F34,01,00,00,00,00,00,00,01,B2,C0,10,03,00,01,01,B2,00,00,0203,0000,0302,00000000,0055,0000,3F,00,FF,3C,00,23,13,FF,00,FF,03,00,13,C1,00,FF,03,01,20,7C,00,00,83,44,10,30,18,00,20,7C,00,FF,F8,00,00,00,F8,00,00,00,F8,00,00,00,F8,00,00,00
125,genesis,zelda_v221,000F34,01,00,00,00,00,00,00,01,B2,C0,10,03,00,01,01,B2,00,00,0203,0000,0302,00000000,0059,0000,3F,00,FF,3C,00,23,13,FF,00,FF,03,00,13,C1,00,FF,03,01,20,7C,00,00,83,44,10,30,18,00,20,7C,00,FF,F8,00,00,00,F8,00,00,00,F8,00,00,00,F8,00,00,00
126,genesis,zelda_v221,000F34,01,00,00,00,00,00,00,01,B2,C0,10,03,00,01,01,B2,00,00,0203,0000,0302,00000000,005C,0000,3F,00,FF,3C,00,23,13,FF,00,FF,03,00,13,C1,00,FF,03,01,20,7C,00,00,83,44,10,30,18,00,20,7C,00,FF,F8,00,00,00,F8,00,00,00,F8,00,00,00,F8,00,00,00
127,genesis,zelda_v221,000F34,01,00,00,00,00,00,00,01,B2,C0,10,03,00,01,01,B2,00,00,0203,0000,0302,00000000,0060,0000,3F,00,FF,3C,00,23,13,03,00,FF,03,00,13,C1,00,FF,03,01,20,7C,00,00,83,44,10,30,18,00,20,7C,00,FF,F8,00,00,00,F8,00,00,00,F8,00,00,00,F8,00,00,00
128,genesis,zelda_v221,000F34,01,00,00,00,00,00,00,01,B2,C0,10,03,00,01,01,B2,00,00,0203,0000,0302,00000000,0063,0000,3F,00,FF,3C,00,23,13,03,00,FF,03,00,13,C1,00,FF,03,01,20,7C,00,00,83,44,10,30,18,00,20,7C,00,FF,F8,00,00,00,F8,00,00,00,F8,00,00,00,F8,00,00,00
129,genesis,zelda_v221,000F34,01,00,00,00,00,00,00,01,B2,C0,10,03,00,01,01,B2,00,00,0203,0000,0302,00000000,0067,0000,3F,00,FF,3C,00,23,13,03,00,FF,03,00,13,C1,00,FF,03,01,20,7C,00,00,83,44,10,30,18,00,20,7C,00,FF,F8,00,00,00,F8,00,00,00,F8,00,00,00,F8,00,00,00
130,genesis,zelda_v221,000F34,01,00,00,00,00,00,00,01,B2,C0,10,03,00,01,01,B2,00,00,0203,0000,0302,00000000,006A,0000,3F,00,FF,3C,00,23,13,03,00,FF,03,00,13,C1,00,FF,03,01,20,7C,00,00,83,44,10,30,18,00,20,7C,00,FF,F8,00,00,00,F8,00,00,00,F8,00,00,00,F8,00,00,00
131,genesis,zelda_v221,000F34,01,00,01,12,00,00,00,01,B2,C0,10,03,00,01,01,B2,00,00,0203,0000,0302,00000000,006E,0000,3F,00,FF,3C,00,23,13,03,00,FF,03,00,13,C1,00,FF,03,01,20,7C,00,00,83,44,10,30,18,00,20,7C,00,FF,F8,00,00,00,F8,00,00,00,F8,00,00,00,F8,00,00,00
132,genesis,zelda_v221,009B62,01,00,01,00,00,00,00,01,B2,C0,00,03,FF,01,01,B2,00,00,0318,0012,67F0,0001804B,0072,0000,3F,00,FF,3C,00,23,13,03,00,FF,03,00,13,C1,00,FF,03,01,20,7C,00,00,83,44,10,30,18,00,20,7C,00,FF,F8,00,00,00,F8,00,00,00,F8,00,00,00,F8,00,00,00
133,genesis,zelda_v221,009906,01,00,01,00,00,00,00,01,B2,C0,00,03,5F,01,01,B2,00,00,0318,0012,67F0,0001804B,0072,0000,3F,00,FF,3C,00,23,13,03,00,FF,03,00,13,C1,00,FF,03,01,20,7C,00,00,83,44,10,30,18,00,20,7C,00,FF,F8,00,00,00,F8,00,00,00,F8,00,00,00,F8,00,00,00
134,genesis,zelda_v221,0098EE,01,00,01,00,00,00,00,01,B2,C0,01,00,BE,01,01,B2,00,00,0318,0012,67F0,0001804B,0072,0000,3F,00,FF,3C,00,23,13,03,00,FF,03,00,13,C1,00,FF,03,01,20,7C,00,00,83,44,10,30,18,00,20,7C,00,FF,F8,00,00,00,F8,00,00,00,F8,00,00,00,F8,00,00,00
135,genesis,zelda_v221,009BF6,01,00,01,00,01,00,00,01,B2,C0,FF,00,00,01,01,B2,00,00,0318,0012,67F0,0001804B,0072,0000,3F,00,FF,3C,00,23,13,03,00,FF,03,00,13,C1,00,FF,03,01,20,7C,00,00,83,44,10,30,18,00,20,7C,00,FF,F8,00,00,00,F8,00,00,00,F8,00,00,00,F8,00,00,00
136,genesis,zelda_v221,00990C,01,00,01,00,01,00,00,01,B2,C0,01,00,C9,01,01,B2,00,00,0318,0012,67F0,0001804B,0072,0000,3F,00,FF,3C,00,23,13,03,00,FF,03,00,13,C1,00,FF,03,01,20,7C,00,00,83,44,10,30,18,00,20,7C,00,FF,F8,00,00,00,F8,00,00,00,F8,00,00,00,F8,00,00,00
137,genesis,zelda_v221,009996,01,00,01,00,01,00,00,01,B2,C0,00,3D,43,01,01,B2,00,00,0318,0012,67F0,0001804B,0072,0000,3F,00,FF,3C,00,23,13,03,00,FF,03,00,13,C1,00,FF,03,01,20,7C,00,00,83,44,10,30,18,00,20,7C,00,FF,F8,00,00,00,F8,00,00,00,F8,00,00,00,F8,00,00,00
138,genesis,zelda_v221,009BE8,01,00,01,00,02,00,00,01,B2,C0,FF,00,00,01,01,B2,00,00,0318,0012,67F0,0001804B,0072,0000,3F,00,FF,3C,00,23,13,03,00,FF,03,00,13,C1,00,FF,03,01,20,7C,00,00,83,44,10,30,18,00,20,7C,00,FF,F8,00,00,00,F8,00,00,00,F8,00,00,00,F8,00,00,00
139,genesis,zelda_v221,009874,01,00,01,00,02,00,00,01,B2,C0,01,00,33,01,01,B2,00,00,0318,0012,67F0,0001804B,0072,0000,3F,00,FF,3C,00,23,13,03,00,FF,03,00,13,C1,00,FF,03,01,20,7C,00,00,83,44,10,30,18,00,20,7C,00,FF,F8,00,00,00,F8,00,00,00,F8,00,00,00,F8,00,00,00
140,genesis,zelda_v221,00997C,01,00,01,00,02,00,00,01,B2,C0,01,44,3C,01,01,B2,00,00,0318,0012,67F0,0001804B,0072,0000,3F,00,FF,3C,00,23,13,03,00,FF,03,00,13,C1,00,FF,03,01,20,7C,00,00,83,44,10,30,18,00,20,7C,00,FF,F8,00,00,00,F8,00,00,00,F8,00,00,00,F8,00,00,00
141,genesis,zelda_v221,009874,01,00,01,00,02,00,00,01,B2,C0,00,00,9E,01,01,B2,00,00,0318,0012,67F0,0001804B,0072,0000,3F,00,FF,3C,00,23,13,03,00,FF,03,00,13,C1,00,FF,03,01,20,7C,00,00,83,44,10,30,18,00,20,7C,00,FF,F8,00,00,00,F8,00,00,00,F8,00,00,00,F8,00,00,00
142,genesis,zelda_v221,00985A,01,00,02,00,02,00,00,01,B2,C0,01,7C,28,01,82,F4,00,00,0318,0000,0302,00000000,0072,0000,3F,00,FF,3C,00,23,13,03,00,FF,03,00,13,C1,00,FF,03,01,20,7C,00,00,83,44,10,30,18,00,20,7C,00,FF,F8,00,00,00,F8,00,00,00,F8,00,00,00,F8,00,00,00
143,genesis,zelda_v221,009986,01,00,02,00,01,00,00,01,B2,C0,01,66,1A,0E,53,02,00,00,0318,0000,0302,00000000,0072,0000,3F,00,FF,3C,00,23,13,03,00,FF,03,00,13,C1,00,FF,03,01,20,7C,00,00,83,44,10,30,18,00,20,7C,00,FF,F8,00,00,00,F8,00,00,00,F8,00,00,00,F8,00,00,00
144,genesis,zelda_v221,009902,01,00,02,00,01,00,00,01,B2,C0,00,3C,0A,0E,53,02,00,00,0318,0000,0302,00000000,0072,0000,3F,00,FF,3C,00,23,13,03,00,FF,03,00,13,C1,00,FF,03,01,20,7C,00,00,83,44,10,30,18,00,20,7C,00,FF,F8,00,00,00,F8,00,00,00,F8,00,00,00,F8,00,00,00
145,genesis,zelda_v221,0098F4,01,00,02,00,00,00,00,01,B2,C0,10,3C,00,FF,14,39,00,00,0318,0000,0302,00000000,0072,0000,3F,00,FF,3C,00,23,13,03,00,FF,03,00,13,C1,00,FF,03,01,20,7C,00,00,83,44,10,30,18,00,20,7C,00,FF,F8,00,00,00,F8,00,00,00,F8,00,00,00,F8,00,00,00
146,genesis,zelda_v221,00990C,01,00,02,00,00,00,00,01,B2,C0,00,3C,ED,FF,14,39,00,00,0318,0000,0302,00000000,0072,0000,3F,00,FF,3C,00,23,13,03,00,FF,03,00,13,C1,00,FF,03,01,20,7C,00,00,83,44,10,30,18,00,20,7C,00,FF,F8,00,00,00,F8,00,00,00,F8,00,00,00,F8,00,00,00
147,genesis,zelda_v221,000602,00,01,00,00,00,00,00,01,B2,C0,00,03,FF,01,01,39,00,00,0318,0000,0302,00000000,0072,0000,3F,00,FF,3C,00,23,13,03,00,FF,03,00,13,C1,00,FF,03,01,20,7C,00,00,83,44,10,30,18,00,20,7C,00,FF,F8,00,00,00,F8,00,00,00,F8,00,00,00,F8,00,00,00
