frame,system,rom_label,pc,ram_0000_t49,ram_0002_t17,ram_0003_t18,ram_0004_t18,game_mode,screen_ready,ram_script,ram_subscript,ppu_load_index,ram_frm_cnt,cur_save_slot,rendering_flag,ram_004D,ram_next_script,ram_005C,se_ptr_lo,se_ptr_hi,ram_006C_se,ram_00F6,btn_press,btn_hold,scroll_y,scroll_x,ram_for_2001,ram_for_2000,ram_0415,ram_041A,ram_041F,ram_0421,ram_0423,spr_index_1,spr_index_2,ram_042D,ram_042E,ram_0528,ram_05F1,ram_05F4,ram_05F5,ram_music,ram_music_busy,ram_060A,ram_060B,ram_060C,ram_060D,ram_0611,ram_0612,ram_0613,ram_0616,ram_0617,ram_0619,ram_061B,ppu_buf_status,ppu_buf_index,ppu_buf_0,ppu_buf_1,ppu_buf_2,ppu_buf_3,ppu_buf_4,ppu_buf_5,ppu_buf_6,ppu_buf_7,trace_last,trace_seq,PPU_REQ_INDEX,PPU_REQ_PTR,PPU_REQ_RES,SEQ_EVT_COUNT,PPU_EVT_COUNT
0,genesis,zelda_v251,0003CA,00,00,00,00,00,00,00,00,00,00,00,00,00,00,00,00,00,00,00,00,00,00,00,00,00,00,00,00,00,00,00,00,00,00,00,00,00,00,00,00,00,00,00,00,00,00,00,00,00,00,00,00,00,00,00,00,00,00,00,00,00,0000,0000,0000,0000,00000000,0000,0000
1,genesis,zelda_v251,0003CC,00,00,00,00,00,00,00,00,00,00,00,00,00,00,00,00,00,00,00,00,00,00,00,00,00,00,00,00,00,00,00,00,00,00,00,00,00,00,00,00,00,00,00,00,00,00,00,00,00,00,00,00,00,00,00,00,00,00,00,00,00,0000,0000,0000,0000,00000000,0000,0000
2,genesis,zelda_v251,0003CC,00,00,00,00,00,00,00,00,00,00,00,00,00,00,00,00,00,00,00,00,00,00,00,00,00,00,00,00,00,00,00,00,00,00,00,00,00,00,00,00,00,00,00,00,00,00,00,00,00,00,00,00,00,00,00,00,00,00,00,00,00,0000,0000,0000,0000,00000000,0000,0000
3,genesis,zelda_v251,0003CA,00,00,00,00,00,00,00,00,00,00,00,00,00,00,00,00,00,00,00,00,00,00,00,00,00,00,00,00,00,00,00,00,00,00,00,00,00,00,00,00,00,00,00,00,00,00,00,00,00,00,00,00,00,00,00,00,00,00,00,00,00,0000,0000,0000,0000,00000000,0000,0000
4,genesis,zelda_v251,000A78,00,00,00,00,00,00,00,00,00,00,00,00,00,00,00,00,00,00,00,00,00,00,00,00,00,00,00,00,00,00,00,00,00,00,00,00,00,00,00,00,00,00,00,00,00,00,00,00,00,00,00,00,00,00,00,00,00,00,00,00,00,0000,0000,0000,0000,00000000,0000,0000
5,genesis,zelda_v251,000A80,00,00,00,00,00,00,00,00,00,00,00,00,00,00,00,00,00,00,00,00,00,00,00,00,00,00,00,00,00,00,00,00,00,00,00,00,00,00,00,00,00,00,00,00,00,00,00,00,00,00,00,00,00,00,00,00,00,00,00,00,00,0000,0000,0000,0000,00000000,0000,0000
6,genesis,zelda_v251,000A78,00,00,00,00,00,00,00,00,00,00,00,00,00,00,00,00,00,00,00,00,00,00,00,00,00,00,00,00,00,00,00,00,00,00,00,00,00,00,00,00,00,00,00,00,00,00,00,00,00,00,00,00,00,00,00,00,00,00,00,00,00,0000,0000,0000,0000,00000000,0000,0000
7,genesis,zelda_v251,000A80,00,00,00,00,00,00,00,00,00,00,00,00,00,00,00,00,00,00,00,00,00,00,00,00,00,00,00,00,00,00,00,00,00,00,00,00,00,00,00,00,00,00,00,00,00,00,00,00,00,00,00,00,00,00,00,00,00,00,00,00,00,0000,0000,0000,0000,00000000,0000,0000
8,genesis,zelda_v251,000AE2,00,00,00,00,00,00,00,00,00,00,00,00,00,00,00,00,00,00,00,00,00,00,00,00,00,00,00,00,00,00,00,00,00,00,00,00,00,00,00,00,00,00,00,00,00,00,00,00,00,00,00,00,00,00,00,00,00,00,00,00,00,0000,0000,0000,0000,00000000,0000,0000
9,genesis,zelda_v251,00061E,00,00,00,00,00,00,00,00,00,00,00,00,00,00,00,00,00,00,00,00,00,00,00,00,00,00,00,00,00,00,00,00,00,00,00,00,00,00,00,00,00,00,00,00,00,00,00,00,00,00,00,00,00,00,00,00,00,00,00,00,00,0000,0000,0000,0000,00000000,0000,0000
10,genesis,zelda_v251,00061E,00,00,00,00,00,00,00,00,00,00,00,00,00,00,00,00,00,00,00,00,00,00,00,00,00,00,00,00,00,00,00,00,00,00,00,00,00,00,00,00,00,00,00,00,00,00,00,00,00,00,00,00,00,00,00,00,00,00,00,00,00,0000,0000,0000,0000,00000000,0000,0000
11,genesis,zelda_v251,00061E,00,00,00,00,00,00,00,00,00,00,00,00,00,00,00,00,00,00,00,00,00,00,00,00,00,00,00,00,00,00,00,00,00,00,00,00,00,00,00,00,00,00,00,00,00,00,00,00,00,00,00,00,00,00,00,00,00,00,00,00,00,0000,0000,0000,0000,00000000,0000,0000
12,genesis,zelda_v251,00473C,00,FF,01,01,00,00,00,00,00,01,00,00,00,00,00,00,00,00,00,FF,FF,00,00,1E,80,00,00,00,00,00,00,00,00,00,00,00,00,00,00,00,00,00,00,00,00,00,00,00,00,00,00,3F,00,FF,00,00,00,00,00,00,00,0203,0014,0000,0302,00000000,0000,0000
13,genesis,zelda_v251,007196,18,67,06,01,00,00,00,00,00,02,00,00,00,00,00,00,00,00,00,00,FF,00,00,00,80,00,00,00,00,00,00,00,00,00,00,00,00,00,00,00,00,00,00,00,00,00,00,00,00,00,00,3F,00,FF,00,00,00,00,00,00,00,0403,002B,0000,0302,00000000,0000,0000
14,genesis,zelda_v251,000C00,CD,B2,05,01,00,00,00,00,00,02,00,00,00,00,00,00,00,00,00,00,FF,00,00,00,80,00,00,00,00,00,00,00,00,00,00,00,00,00,00,00,00,00,00,00,00,00,00,00,00,00,00,3F,00,FF,00,00,00,00,00,00,00,0403,002B,0000,0302,00000000,0000,0000
15,genesis,zelda_v251,007172,82,FD,04,01,00,00,00,00,00,02,00,00,00,00,00,00,00,00,00,00,FF,00,00,00,80,00,00,00,00,00,00,00,00,00,00,00,00,00,00,00,00,00,00,00,00,00,00,00,00,00,00,3F,00,FF,00,00,00,00,00,00,00,0403,002B,0000,0302,00000000,0000,0000
16,genesis,zelda_v251,000AF6,36,49,04,01,00,00,00,00,00,02,00,00,00,00,00,00,00,00,00,00,FF,00,00,00,80,00,00,00,00,00,00,00,00,00,00,00,00,00,00,00,00,00,00,00,00,00,00,00,00,00,00,3F,00,FF,00,00,00,00,00,00,00,0403,002B,0000,0302,00000000,0000,0000
17,genesis,zelda_v251,0008F2,EB,94,03,01,00,00,00,00,00,02,00,00,00,00,00,00,00,00,00,00,FF,00,00,00,80,00,00,00,00,00,00,00,00,00,00,00,00,00,00,00,00,00,00,00,00,00,00,00,00,00,00,3F,00,FF,00,00,00,00,00,00,00,0403,002B,0000,0302,00000000,0000,0000
18,genesis,zelda_v251,0071B4,A0,E0,02,01,00,00,00,00,00,02,00,00,00,00,00,00,00,00,00,00,FF,00,00,00,80,00,00,00,00,00,00,00,00,00,00,00,00,00,00,00,00,00,00,00,00,00,00,00,00,00,00,3F,00,FF,00,00,00,00,00,00,00,0403,002B,0000,0302,00000000,0000,0000
19,genesis,zelda_v251,0008FA,54,2B,02,01,00,00,00,00,00,02,00,00,00,00,00,00,00,00,00,00,FF,00,00,00,80,00,00,00,00,00,00,00,00,00,00,00,00,00,00,00,00,00,00,00,00,00,00,00,00,00,00,3F,00,FF,00,00,00,00,00,00,00,0403,002B,0000,0302,00000000,0000,0000
20,genesis,zelda_v251,0008BE,09,76,01,01,00,00,00,00,00,02,00,00,00,00,00,00,00,00,00,00,FF,00,00,00,80,00,00,00,00,00,00,00,00,00,00,00,00,00,00,00,00,00,00,00,00,00,00,00,00,00,00,3F,00,FF,00,00,00,00,00,00,00,0403,002B,0000,0302,00000000,0000,0000
21,genesis,zelda_v251,00719E,BE,C2,00,01,00,00,00,00,00,02,00,00,00,00,00,00,00,00,00,00,FF,00,00,00,80,00,00,00,00,00,00,00,00,00,00,00,00,00,00,00,00,00,00,00,00,00,00,00,00,00,00,3F,00,FF,00,00,00,00,00,00,00,0403,002B,0000,0302,00000000,0000,0000
22,genesis,zelda_v251,000C0C,72,0D,00,01,00,00,00,00,00,02,00,00,00,00,00,00,00,00,00,00,FF,00,00,00,80,00,00,00,00,00,00,00,00,00,00,00,00,00,00,00,00,00,00,00,00,00,00,00,00,00,00,3F,00,FF,00,00,00,00,00,00,00,0403,002B,0000,0302,00000000,0000,0000
23,genesis,zelda_v251,0008FA,25,5A,06,01,00,00,00,00,00,02,00,00,00,00,00,00,00,00,00,00,FF,00,00,00,80,00,00,00,00,00,00,00,00,00,00,00,00,00,00,00,00,00,00,00,00,00,00,00,00,00,00,3F,00,FF,00,00,00,00,00,00,00,0403,002D,0000,0302,00000000,0000,0000
24,genesis,zelda_v251,0008BE,DA,A5,05,01,00,00,00,00,00,02,00,00,00,00,00,00,00,00,00,00,FF,00,00,00,80,00,00,00,00,00,00,00,00,00,00,00,00,00,00,00,00,00,00,00,00,00,00,00,00,00,00,3F,00,FF,00,00,00,00,00,00,00,0403,002D,0000,0302,00000000,0000,0000
25,genesis,zelda_v251,00719E,8F,F1,04,01,00,00,00,00,00,02,00,00,00,00,00,00,00,00,00,00,FF,00,00,00,80,00,00,00,00,00,00,00,00,00,00,00,00,00,00,00,00,00,00,00,00,00,00,00,00,00,00,3F,00,FF,00,00,00,00,00,00,00,0403,002D,0000,0302,00000000,0000,0000
26,genesis,zelda_v251,000C10,43,3C,04,01,00,00,00,00,00,02,00,00,00,00,00,00,00,00,00,00,FF,00,00,00,80,00,00,00,00,00,00,00,00,00,00,00,00,00,00,00,00,00,00,00,00,00,00,00,00,00,00,3F,00,FF,00,00,00,00,00,00,00,0403,002D,0000,0302,00000000,0000,0000
27,genesis,zelda_v251,00717C,F8,87,03,01,00,00,00,00,00,02,00,00,00,00,00,00,00,00,00,00,FF,00,00,00,80,00,00,00,00,00,00,00,00,00,00,00,00,00,00,00,00,00,00,00,00,00,00,00,00,00,00,3F,00,FF,00,00,00,00,00,00,00,0403,002D,0000,0302,00000000,0000,0000
28,genesis,zelda_v251,000B06,AC,D3,02,01,00,00,00,00,00,02,00,00,00,00,00,00,00,00,00,00,FF,00,00,00,80,00,00,00,00,00,00,00,00,00,00,00,00,00,00,00,00,00,00,00,00,00,00,00,00,00,00,3F,00,FF,00,00,00,00,00,00,00,0403,002D,0000,0302,00000000,0000,0000
29,genesis,zelda_v251,0008F2,61,1E,02,01,00,00,00,00,00,02,00,00,00,00,00,00,00,00,00,00,FF,00,00,00,80,00,00,00,00,00,00,00,00,00,00,00,00,00,00,00,00,00,00,00,00,00,00,00,00,00,00,3F,00,FF,00,00,00,00,00,00,00,0403,002D,0000,0302,00000000,0000,0000
30,genesis,zelda_v251,0071C0,16,69,01,01,00,00,00,00,00,02,00,00,00,00,00,00,00,00,00,00,FF,00,00,00,80,00,00,00,00,00,00,00,00,00,00,00,00,00,00,00,00,00,00,00,00,00,00,00,00,00,00,3F,00,FF,00,00,00,00,00,00,00,0403,002D,0000,0302,00000000,0000,0000
31,genesis,zelda_v251,000AE8,CA,B5,00,01,00,00,00,00,00,02,00,00,00,00,00,00,00,00,00,00,FF,00,00,00,80,00,00,00,00,00,00,00,00,00,00,00,00,00,00,00,00,00,00,00,00,00,00,00,00,00,00,3F,00,FF,00,00,00,00,00,00,00,0403,002D,0000,0302,00000000,0000,0000
32,genesis,zelda_v251,007102,7F,00,00,01,00,00,00,00,00,02,00,00,00,00,00,00,00,00,00,00,FF,00,00,00,80,00,00,00,00,00,00,00,00,00,00,00,00,00,00,00,00,00,00,00,00,00,00,00,00,00,00,3F,00,FF,00,00,00,00,00,00,00,0403,002D,0000,0302,00000000,0000,0000
33,genesis,zelda_v251,000B68,1A,45,00,01,00,00,00,00,00,02,00,00,00,00,00,00,00,00,00,00,FF,00,00,00,80,00,00,00,00,00,00,00,00,00,00,00,00,00,00,00,00,00,00,00,00,00,00,00,00,00,00,3F,00,FF,00,00,00,00,00,00,00,0403,002F,0000,0302,00000000,0000,0000
34,genesis,zelda_v251,0007CE,00,FF,01,01,00,00,00,00,00,03,00,00,00,00,00,00,00,00,A5,00,FF,00,00,1E,80,00,00,00,00,00,00,00,00,00,00,00,00,00,00,00,00,00,00,00,00,00,00,00,00,00,00,3F,00,FF,00,00,00,00,00,00,00,0203,0045,0000,0302,00000000,0000,0000
35,genesis,zelda_v251,000B9C,20,00,01,01,00,00,00,00,00,04,00,00,00,00,00,00,00,00,A5,00,FF,00,00,00,B0,00,00,00,00,00,00,00,00,00,00,00,00,00,00,00,00,00,00,00,00,00,00,00,00,00,00,3F,00,FF,00,00,00,00,00,00,00,0403,005A,0000,0302,00000000,0000,0000
36,genesis,zelda_v251,000B84,20,00,01,01,00,00,00,00,00,04,00,00,00,00,00,00,00,00,A5,00,FF,00,00,00,B0,00,00,00,00,00,00,00,00,00,00,00,00,00,00,00,00,00,00,00,00,00,00,00,00,00,00,3F,00,FF,00,00,00,00,00,00,00,0403,005A,0000,0302,00000000,0000,0000
37,genesis,zelda_v251,000B68,20,00,01,01,00,00,00,00,00,04,00,00,00,00,00,00,00,00,A5,00,FF,00,00,00,B0,00,00,00,00,00,00,00,00,00,00,00,00,00,00,00,00,00,00,00,00,00,00,00,00,00,00,3F,00,FF,00,00,00,00,00,00,00,0403,005A,0000,0302,00000000,0000,0000
38,genesis,zelda_v251,0008E0,20,00,01,01,00,00,00,00,00,04,00,00,00,00,00,00,00,00,A5,00,FF,00,00,00,B0,00,00,00,00,00,00,00,00,00,00,00,00,00,00,00,00,00,00,00,00,00,00,00,00,00,00,3F,00,FF,00,00,00,00,00,00,00,0403,005A,0000,0302,00000000,0000,0000
39,genesis,zelda_v251,0008D4,20,00,01,01,00,00,00,00,00,04,00,00,00,00,00,00,00,00,A5,00,FF,00,00,00,B0,00,00,00,00,00,00,00,00,00,00,00,00,00,00,00,00,00,00,00,00,00,00,00,00,00,00,3F,00,FF,00,00,00,00,00,00,00,0403,005A,0000,0302,00000000,0000,0000
40,genesis,zelda_v251,000B68,28,00,01,01,00,00,00,00,00,04,00,00,00,00,00,00,00,00,A5,00,FF,00,00,00,B0,00,00,00,00,00,00,00,00,00,00,00,00,00,00,00,00,00,00,00,00,00,00,00,00,00,00,3F,00,FF,00,00,00,00,00,00,00,0403,005C,0000,0302,00000000,0000,0000
41,genesis,zelda_v251,000AEE,28,00,01,01,00,00,00,00,00,04,00,00,00,00,00,00,00,00,A5,00,FF,00,00,00,B0,00,00,00,00,00,00,00,00,00,00,00,00,00,00,00,00,00,00,00,00,00,00,00,00,00,00,3F,00,FF,00,00,00,00,00,00,00,0403,005C,0000,0302,00000000,0000,0000
42,genesis,zelda_v251,0008E0,28,00,01,01,00,00,00,00,00,04,00,00,00,00,00,00,00,00,A5,00,FF,00,00,00,B0,00,00,00,00,00,00,00,00,00,00,00,00,00,00,00,00,00,00,00,00,00,00,00,00,00,00,3F,00,FF,00,00,00,00,00,00,00,0403,005C,0000,0302,00000000,0000,0000
43,genesis,zelda_v251,0008E8,28,00,01,01,00,00,00,00,00,04,00,00,00,00,00,00,00,00,A5,00,FF,00,00,00,B0,00,00,00,00,00,00,00,00,00,00,00,00,00,00,00,00,00,00,00,00,00,00,00,00,00,00,3F,00,FF,00,00,00,00,00,00,00,0403,005C,0000,0302,00000000,0000,0000
44,genesis,zelda_v251,016602,00,FF,01,01,00,00,00,00,00,00,00,00,00,00,00,00,00,00,00,00,00,00,00,00,00,00,00,00,00,00,00,00,02,00,00,00,00,00,00,00,00,00,00,00,00,00,00,00,00,00,00,23,23,FF,3C,00,23,13,C1,00,FF,0203,0075,0000,0302,00000000,0000,0000
45,genesis,zelda_v251,000DFC,00,FF,01,01,00,00,00,00,00,01,00,00,00,00,00,00,00,00,00,FF,FF,00,00,1E,80,00,00,00,00,00,00,00,02,00,00,00,00,00,00,00,00,00,00,00,00,00,00,00,00,00,00,3F,00,FF,3C,00,23,13,C1,00,FF,0313,0086,0000,0302,00000000,0000,0000
46,genesis,zelda_v251,000E28,00,FF,01,01,00,00,00,00,00,01,00,00,00,00,00,00,00,00,00,FF,FF,00,00,1E,80,00,00,00,00,00,00,00,02,00,00,00,00,00,00,00,00,00,00,00,00,00,00,00,00,00,00,3F,00,FF,3C,00,23,13,C1,00,FF,0313,0086,0000,0302,00000000,0000,0000
47,genesis,zelda_v251,000DD8,00,FF,01,01,00,00,00,00,00,01,00,00,00,00,00,00,00,00,00,FF,FF,00,00,1E,80,00,00,00,00,00,00,00,02,00,00,00,00,00,00,00,00,00,00,00,00,00,00,00,00,00,00,3F,00,FF,3C,00,23,13,C1,00,FF,0313,0086,0000,0302,00000000,0000,0000
48,genesis,zelda_v251,000DE2,00,FF,01,01,00,00,00,00,00,01,00,00,00,00,00,00,00,00,00,FF,FF,00,00,1E,80,00,00,00,00,00,00,00,02,00,00,00,00,00,00,00,00,00,00,00,00,00,00,00,00,00,00,3F,00,FF,3C,00,23,13,C1,00,FF,0313,0086,0000,0302,00000000,0000,0000
49,genesis,zelda_v251,000738,00,FF,01,01,00,00,00,00,00,01,00,00,00,00,00,00,00,00,00,FF,FF,00,00,1E,80,00,00,00,00,00,00,00,02,00,00,00,00,00,00,00,00,00,00,00,00,00,00,00,00,00,00,3F,00,FF,3C,00,23,13,C1,00,FF,0202,0089,0000,0302,00000000,0000,0000
50,genesis,zelda_v251,00717A,1A,65,06,01,00,00,00,00,00,02,00,00,00,00,00,00,00,00,00,00,FF,00,00,00,80,00,00,00,00,00,00,00,02,00,00,00,00,00,00,00,00,00,00,00,00,00,00,00,00,00,00,3F,00,FF,3C,00,23,13,C1,00,FF,0403,009E,0000,0302,00000000,0000,0000
51,genesis,zelda_v251,000B06,CE,B1,05,01,00,00,00,00,00,02,00,00,00,00,00,00,00,00,00,00,FF,00,00,00,80,00,00,00,00,00,00,00,02,00,00,00,00,00,00,00,00,00,00,00,00,00,00,00,00,00,00,3F,00,FF,3C,00,23,13,C1,00,FF,0403,009E,0000,0302,00000000,0000,0000
52,genesis,zelda_v251,0008F2,83,FC,04,01,00,00,00,00,00,02,00,00,00,00,00,00,00,00,00,00,FF,00,00,00,80,00,00,00,00,00,00,00,02,00,00,00,00,00,00,00,00,00,00,00,00,00,00,00,00,00,00,3F,00,FF,3C,00,23,13,C1,00,FF,0403,009E,0000,0302,00000000,0000,0000
53,genesis,zelda_v251,0071BE,38,47,04,01,00,00,00,00,00,02,00,00,00,00,00,00,00,00,00,00,FF,00,00,00,80,00,00,00,00,00,00,00,02,00,00,00,00,00,00,00,00,00,00,00,00,00,00,00,00,00,00,3F,00,FF,3C,00,23,13,C1,00,FF,0403,009E,0000,0302,00000000,0000,0000
54,genesis,zelda_v251,0008FA,EC,93,03,01,00,00,00,00,00,02,00,00,00,00,00,00,00,00,00,00,FF,00,00,00,80,00,00,00,00,00,00,00,02,00,00,00,00,00,00,00,00,00,00,00,00,00,00,00,00,00,00,3F,00,FF,3C,00,23,13,C1,00,FF,0403,009E,0000,0302,00000000,0000,0000
55,genesis,zelda_v251,0008C4,A1,DE,02,01,00,00,00,00,00,02,00,00,00,00,00,00,00,00,00,00,FF,00,00,00,80,00,00,00,00,00,00,00,02,00,00,00,00,00,00,00,00,00,00,00,00,00,00,00,00,00,00,3F,00,FF,3C,00,23,13,C1,00,FF,0403,009E,0000,0302,00000000,0000,0000
56,genesis,zelda_v251,0071A4,56,2A,02,01,00,00,00,00,00,02,00,00,00,00,00,00,00,00,00,00,FF,00,00,00,80,00,00,00,00,00,00,00,02,00,00,00,00,00,00,00,00,00,00,00,00,00,00,00,00,00,00,3F,00,FF,3C,00,23,13,C1,00,FF,0403,009E,0000,0302,00000000,0000,0000
57,genesis,zelda_v251,0008F6,0A,75,01,01,00,00,00,00,00,02,00,00,00,00,00,00,00,00,00,00,FF,00,00,00,80,00,00,00,00,00,00,00,02,00,00,00,00,00,00,00,00,00,00,00,00,00,00,00,00,00,00,3F,00,FF,3C,00,23,13,C1,00,FF,0403,009E,0000,0302,00000000,0000,0000
58,genesis,zelda_v251,007182,BF,C0,00,01,00,00,00,00,00,02,00,00,00,00,00,00,00,00,00,00,FF,00,00,00,80,00,00,00,00,00,00,00,02,00,00,00,00,00,00,00,00,00,00,00,00,00,00,00,00,00,00,3F,00,FF,3C,00,23,13,C1,00,FF,0403,009E,0000,0302,00000000,0000,0000
59,genesis,zelda_v251,0008FE,73,0C,00,01,00,00,00,00,00,02,00,00,00,00,00,00,00,00,00,00,FF,00,00,00,80,00,00,00,00,00,00,00,02,00,00,00,00,00,00,00,00,00,00,00,00,00,00,00,00,00,00,3F,00,FF,3C,00,23,13,C1,00,FF,0403,009E,0000,0302,00000000,0000,0000
60,genesis,zelda_v251,0071AC,27,59,06,01,00,00,00,00,00,02,00,00,00,00,00,00,00,00,00,00,FF,00,00,00,80,00,00,00,00,00,00,00,02,00,00,00,00,00,00,00,00,00,00,00,00,00,00,00,00,00,00,3F,00,FF,3C,00,23,13,C1,00,FF,0403,00A0,0000,0302,00000000,0000,0000
61,genesis,zelda_v251,0008FA,DB,A4,05,01,00,00,00,00,00,02,00,00,00,00,00,00,00,00,00,00,FF,00,00,00,80,00,00,00,00,00,00,00,02,00,00,00,00,00,00,00,00,00,00,00,00,00,00,00,00,00,00,3F,00,FF,3C,00,23,13,C1,00,FF,0403,00A0,0000,0302,00000000,0000,0000
62,genesis,zelda_v251,007182,90,EF,04,01,00,00,00,00,00,02,00,00,00,00,00,00,00,00,00,00,FF,00,00,00,80,00,00,00,00,00,00,00,02,00,00,00,00,00,00,00,00,00,00,00,00,00,00,00,00,00,00,3F,00,FF,3C,00,23,13,C1,00,FF,0403,00A0,0000,0302,00000000,0000,0000
63,genesis,zelda_v251,007192,44,3B,04,01,00,00,00,00,00,02,00,00,00,00,00,00,00,00,00,00,FF,00,00,00,80,00,00,00,00,00,00,00,02,00,00,00,00,00,00,00,00,00,00,00,00,00,00,00,00,00,00,3F,00,FF,3C,00,23,13,C1,00,FF,0403,00A0,0000,0302,00000000,0000,0000
64,genesis,zelda_v251,0008F2,F9,86,03,01,00,00,00,00,00,02,00,00,00,00,00,00,00,00,00,00,FF,00,00,00,80,00,00,00,00,00,00,00,02,00,00,00,00,00,00,00,00,00,00,00,00,00,00,00,00,00,00,3F,00,FF,3C,00,23,13,C1,00,FF,0403,00A0,0000,0302,00000000,0000,0000
65,genesis,zelda_v251,0071C6,AE,D1,02,01,00,00,00,00,00,02,00,00,00,00,00,00,00,00,00,00,FF,00,00,00,80,00,00,00,00,00,00,00,02,00,00,00,00,00,00,00,00,00,00,00,00,00,00,00,00,00,00,3F,00,FF,3C,00,23,13,C1,00,FF,0403,00A0,0000,0302,00000000,0000,0000
66,genesis,zelda_v251,000AEE,62,1D,02,01,00,00,00,00,00,02,00,00,00,00,00,00,00,00,00,00,FF,00,00,00,80,00,00,00,00,00,00,00,02,00,00,00,00,00,00,00,00,00,00,00,00,00,00,00,00,00,00,3F,00,FF,3C,00,23,13,C1,00,FF,0403,00A0,0000,0302,00000000,0000,0000
67,genesis,zelda_v251,0008D4,17,68,01,01,00,00,00,00,00,02,00,00,00,00,00,00,00,00,00,00,FF,00,00,00,80,00,00,00,00,00,00,00,02,00,00,00,00,00,00,00,00,00,00,00,00,00,00,00,00,00,00,3F,00,FF,3C,00,23,13,C1,00,FF,0403,00A0,0000,0302,00000000,0000,0000
68,genesis,zelda_v251,0071AE,CC,B4,00,01,00,00,00,00,00,02,00,00,00,00,00,00,00,00,00,00,FF,00,00,00,80,00,00,00,00,00,00,00,02,00,00,00,00,00,00,00,00,00,00,00,00,00,00,00,00,00,00,3F,00,FF,3C,00,23,13,C1,00,FF,0403,00A0,0000,0302,00000000,0000,0000
69,genesis,zelda_v251,00716E,7F,E0,00,01,00,00,00,00,00,02,00,00,00,00,00,00,00,00,00,00,FF,00,00,00,80,00,00,00,00,00,00,00,02,00,00,00,00,00,00,00,00,00,00,00,00,00,00,00,00,00,00,3F,00,FF,3C,00,23,13,C1,00,FF,0403,00A2,0000,0302,00000000,0000,0000
70,genesis,zelda_v251,00717C,0F,50,00,01,00,00,00,00,00,02,00,00,00,00,00,00,00,00,00,00,FF,00,00,00,80,00,00,00,00,00,00,00,02,00,00,00,00,00,00,00,00,00,00,00,00,00,00,00,00,00,00,3F,00,FF,3C,00,23,13,C1,00,FF,0403,00A2,0000,0302,00000000,0000,0000
71,genesis,zelda_v251,000E16,00,FF,01,01,00,00,00,00,00,03,00,00,00,00,00,00,00,00,A5,00,FF,00,00,1E,80,00,00,00,00,00,00,00,02,00,00,00,00,00,00,00,00,00,00,00,00,00,00,00,00,00,00,3F,00,FF,3C,00,23,13,C1,00,FF,0421,00B7,0000,0302,00000000,0000,0000
72,genesis,zelda_v251,000DE8,00,FF,01,01,00,00,00,00,00,03,00,00,00,00,00,00,00,00,A5,00,FF,00,00,1E,80,00,00,00,00,00,00,00,02,00,00,00,00,00,00,00,00,00,00,00,00,00,00,00,00,00,00,3F,00,FF,3C,00,23,13,C1,00,FF,0421,00B7,0000,0302,00000000,0000,0000
73,genesis,zelda_v251,000B26,00,FF,01,01,00,00,00,00,00,03,00,00,00,00,00,00,00,00,A5,00,FF,00,00,1E,80,00,00,00,00,00,00,00,02,00,00,00,00,00,00,00,00,00,00,00,00,00,00,00,00,00,00,3F,00,FF,3C,00,23,13,C1,00,FF,0421,00B7,0000,0302,00000000,0000,0000
74,genesis,zelda_v251,000DBC,00,FF,01,01,00,00,00,00,00,03,00,00,00,00,00,00,00,00,A5,00,FF,00,00,1E,80,00,00,00,00,00,00,00,02,00,00,00,00,00,00,00,00,00,00,00,00,00,00,00,00,00,00,3F,00,FF,3C,00,23,13,C1,00,FF,0421,00B7,0000,0302,00000000,0000,0000
75,genesis,zelda_v251,000E1E,00,FF,01,01,00,00,00,00,00,03,00,00,00,00,00,00,00,00,A5,00,FF,00,00,1E,80,00,00,00,00,00,00,00,02,00,00,00,00,00,00,00,00,00,00,00,00,00,00,00,00,00,00,3F,00,FF,3C,00,23,13,C1,00,FF,0421,00B7,0000,0302,00000000,0000,0000
76,genesis,zelda_v251,0008E8,20,00,00,00,00,00,00,00,00,00,00,00,00,00,00,00,00,00,A5,00,FF,00,00,00,B0,00,00,00,00,00,00,00,00,00,00,00,00,00,80,00,00,00,00,00,00,00,00,00,00,00,00,3F,00,FF,3C,00,23,13,C1,00,FF,0403,00D1,0000,0302,00000000,0000,0000
77,genesis,zelda_v251,0008D6,20,00,01,01,00,00,00,00,00,01,00,00,00,00,00,0F,8F,01,A5,00,FF,00,00,00,B0,00,00,00,00,00,00,00,00,00,00,80,10,CE,F8,80,01,17,F8,CF,00,1F,00,00,66,01,01,3F,00,FF,3C,00,23,13,C1,00,FF,0403,00F0,0000,0302,00000000,0004,0000
78,genesis,zelda_v251,0008E0,20,00,01,01,00,00,00,00,00,01,00,00,00,00,00,0F,8F,01,A5,00,FF,00,00,00,B0,00,00,00,00,00,00,00,00,00,00,80,10,CE,F8,80,01,17,F8,CF,00,1F,00,00,66,01,01,3F,00,FF,3C,00,23,13,C1,00,FF,0403,00F0,0000,0302,00000000,0004,0000
79,genesis,zelda_v251,0008E8,20,00,01,01,00,00,00,00,00,01,00,00,00,00,00,0F,8F,01,A5,00,FF,00,00,00,B0,00,00,00,00,00,00,00,00,00,00,80,10,CE,F8,80,01,17,F8,CF,00,1F,00,00,66,01,01,3F,00,FF,3C,00,23,13,C1,00,FF,0403,00F0,0000,0302,00000000,0004,0000
80,genesis,zelda_v251,0008DA,20,00,01,01,00,00,00,00,00,01,00,00,00,00,00,0F,8F,01,A5,00,FF,00,00,00,B0,00,00,00,00,00,00,00,00,00,00,80,10,CE,F8,80,01,17,F8,CF,00,1F,00,00,66,01,01,3F,00,FF,3C,00,23,13,C1,00,FF,0403,00F0,0000,0302,00000000,0004,0000
81,genesis,zelda_v251,0008D0,28,00,01,01,00,00,00,00,00,01,00,00,00,00,00,0F,8F,01,A5,00,FF,00,00,00,B0,00,00,00,00,00,00,00,00,00,00,80,10,CE,F8,80,01,17,F8,CF,00,1F,00,00,66,01,01,3F,00,FF,3C,00,23,13,C1,00,FF,0403,00F2,0000,0302,00000000,0004,0000
82,genesis,zelda_v251,000BC2,28,00,01,01,00,00,00,00,00,01,00,00,00,00,00,0F,8F,01,A5,00,FF,00,00,00,B0,00,00,00,00,00,00,00,00,00,00,80,10,CE,F8,80,01,17,F8,CF,00,1F,00,00,66,01,01,3F,00,FF,3C,00,23,13,C1,00,FF,0403,00F2,0000,0302,00000000,0004,0000
83,genesis,zelda_v251,0008BE,28,00,01,01,00,00,00,00,00,01,00,00,00,00,00,0F,8F,01,A5,00,FF,00,00,00,B0,00,00,00,00,00,00,00,00,00,00,80,10,CE,F8,80,01,17,F8,CF,00,1F,00,00,66,01,01,3F,00,FF,3C,00,23,13,C1,00,FF,0403,00F2,0000,0302,00000000,0004,0000
84,genesis,zelda_v251,000B80,28,00,01,01,00,00,00,00,00,01,00,00,00,00,00,0F,8F,01,A5,00,FF,00,00,00,B0,00,00,00,00,00,00,00,00,00,00,80,10,CE,F8,80,01,17,F8,CF,00,1F,00,00,66,01,01,3F,00,FF,3C,00,23,13,C1,00,FF,0403,00F2,0000,0302,00000000,0004,0000
85,genesis,zelda_v251,0008EC,28,00,01,01,00,00,00,00,00,01,00,00,00,00,00,0F,8F,01,A5,00,FF,00,00,00,B0,00,00,00,00,00,00,00,00,00,00,80,10,CE,F8,80,01,17,F8,CF,00,1F,00,00,66,01,01,3F,00,FF,3C,00,23,13,C1,00,FF,0403,00F2,0000,0302,00000000,0004,0000
86,genesis,zelda_v251,000B72,00,FF,01,01,00,00,00,00,00,02,00,00,00,00,00,8B,94,1A,A5,00,FF,00,00,00,B0,00,00,00,00,00,00,00,02,00,00,01,20,4F,00,00,01,1E,3C,50,F8,1F,00,00,10,80,01,23,23,FF,3C,00,23,13,C1,00,FF,0203,0115,0000,0302,00000000,0008,0000
87,genesis,zelda_v251,0008C4,00,FF,01,01,00,01,00,00,10,03,00,00,00,00,00,8B,94,1A,A5,00,FF,00,00,00,B0,00,00,00,00,00,00,00,00,00,00,01,20,4F,80,00,01,1E,3C,50,F8,1F,00,00,10,80,01,3F,00,FF,3C,00,23,13,C1,00,FF,0203,012C,0000,0302,00000000,0008,0000
88,genesis,zelda_v251,000736,00,FF,01,01,00,01,00,00,10,03,00,00,00,00,00,8B,94,1A,A5,00,FF,00,00,00,B0,00,00,00,00,00,00,00,00,00,00,01,20,4F,80,00,01,1E,3C,50,F8,1F,00,00,10,80,01,3F,00,FF,3C,00,23,13,C1,00,FF,0403,0139,0010,A869,00017625,0008,0000
89,genesis,zelda_v251,0008D6,00,FF,01,01,00,01,00,00,10,03,00,00,00,00,00,8B,94,1A,A5,00,FF,00,00,00,B0,00,00,00,00,00,00,00,00,00,00,01,20,4F,80,00,01,1E,3C,50,F8,1F,00,00,10,80,01,3F,00,FF,3C,00,23,13,C1,00,FF,0403,0143,0010,A869,00017625,0008,0000
90,genesis,zelda_v251,000B82,00,FF,01,01,00,01,00,00,10,03,00,00,00,00,00,8B,94,1A,A5,00,FF,00,00,00,B0,00,00,00,00,00,00,00,00,00,00,01,20,4F,80,00,01,1E,3C,50,F8,1F,00,00,10,80,01,3F,00,FF,3C,00,23,13,C1,00,FF,0403,014B,0010,A869,00017625,0008,0000
91,genesis,zelda_v251,000AE8,00,FF,01,01,00,01,00,00,10,03,00,00,00,00,00,8B,94,1A,A5,00,FF,00,00,00,B0,00,00,00,00,00,00,00,00,00,00,01,20,4F,80,00,01,1E,3C,50,F8,1F,00,00,10,80,01,3F,00,FF,3C,00,23,13,C1,00,FF,0403,0159,0010,A869,00017625,0008,0000
92,genesis,zelda_v251,000C00,00,FF,01,01,00,01,00,00,10,03,00,00,00,00,00,8B,94,1A,A5,00,FF,00,00,00,B0,00,00,00,00,00,00,00,00,00,00,01,20,4F,80,00,01,1E,3C,50,F8,1F,00,00,10,80,01,3F,00,FF,3C,00,23,13,C1,00,FF,0403,0167,0010,A869,00017625,0008,0000
93,genesis,zelda_v251,000B8E,00,FF,01,01,00,01,00,00,10,03,00,00,00,00,00,8B,94,1A,A5,00,FF,00,00,00,B4,00,00,00,00,00,00,00,00,00,00,01,20,4F,80,00,01,1E,3C,50,F8,1F,00,00,10,80,01,3F,00,FF,3C,00,23,13,C1,00,FF,0403,0171,0010,A869,00017625,0008,0000
94,genesis,zelda_v251,000AE8,00,FF,01,01,00,01,00,00,10,03,00,00,00,00,00,8B,94,1A,A5,00,FF,00,00,00,B0,00,00,00,00,00,00,00,00,00,00,01,20,4F,80,00,01,1E,3C,50,F8,1F,00,00,10,80,01,3F,00,FF,3C,00,23,13,C1,00,FF,0403,0179,0010,A869,00017625,0008,0000
95,genesis,zelda_v251,0008CE,00,FF,01,01,00,01,00,00,10,03,00,00,00,00,00,8B,94,1A,A5,00,FF,00,00,00,B0,00,00,00,00,00,00,00,00,00,00,01,20,4F,80,00,01,1E,3C,50,F8,1F,00,00,10,80,01,3F,00,FF,3C,00,23,13,C1,00,FF,0403,0181,0010,A869,00017625,0008,0000
96,genesis,zelda_v251,000B84,00,FF,01,01,00,01,00,00,10,03,00,00,00,00,00,8B,94,1A,A5,00,FF,00,00,00,B4,00,00,00,00,00,00,00,00,00,00,01,20,4F,80,00,01,1E,3C,50,F8,1F,00,00,10,80,01,3F,00,FF,3C,00,23,13,C1,00,FF,0403,018B,0010,A869,00017625,0008,0000
97,genesis,zelda_v251,0008D6,00,FF,01,01,00,01,00,00,10,03,00,00,00,00,00,8B,94,1A,A5,00,FF,00,00,00,B0,00,00,00,00,00,00,00,00,00,00,01,20,4F,80,00,01,1E,3C,50,F8,1F,00,00,10,80,01,3F,00,FF,3C,00,23,13,C1,00,FF,0403,0195,0010,A869,00017625,0008,0000
98,genesis,zelda_v251,0008FA,00,FF,01,01,00,01,00,00,10,03,00,00,00,00,00,8B,94,1A,A5,00,FF,00,00,00,B0,00,00,00,00,00,00,00,00,00,00,01,20,4F,80,00,01,1E,3C,50,F8,1F,00,00,10,80,01,3F,00,FF,3C,00,23,13,C1,00,FF,0403,019F,0010,A869,00017625,0008,0000
99,genesis,zelda_v251,0008C4,00,FF,01,01,00,01,00,00,10,03,00,00,00,00,00,8B,94,1A,A5,00,FF,00,00,00,B4,00,00,00,00,00,00,00,00,00,00,01,20,4F,80,00,01,1E,3C,50,F8,1F,00,00,10,80,01,3F,00,FF,3C,00,23,13,C1,00,FF,0403,01AD,0010,A869,00017625,0008,0000
100,genesis,zelda_v251,000DD8,02,00,01,01,00,01,00,00,00,04,00,00,00,00,00,DC,94,1B,A5,00,FF,00,00,1E,B0,00,00,01,C8,C0,00,00,00,00,00,80,20,23,00,05,11,80,B2,10,1C,00,0C,00,75,5E,4E,3F,00,FF,3C,00,23,13,20,00,FF,0403,01D3,0000,0302,00000000,000C,0000
101,genesis,zelda_v251,000DF8,02,00,01,01,00,01,00,00,00,04,00,00,00,00,00,DC,94,1B,A5,00,FF,00,00,1E,B0,00,00,01,C8,C0,00,00,00,00,00,80,20,23,00,05,11,80,B2,10,1C,00,0C,00,75,5E,4E,3F,00,FF,3C,00,23,13,20,00,FF,0403,01D3,0000,0302,00000000,000C,0000
102,genesis,zelda_v251,000DBA,02,00,01,01,00,01,00,00,00,04,00,00,00,00,00,DC,94,1B,A5,00,FF,00,00,1E,B0,00,00,01,C8,C0,00,00,00,00,00,80,20,23,00,05,11,80,B2,10,1C,00,0C,00,75,5E,4E,3F,00,FF,3C,00,23,13,20,00,FF,0403,01D3,0000,0302,00000000,000C,0000
103,genesis,zelda_v251,000DCA,02,00,01,01,00,01,00,00,00,04,00,00,00,00,00,DC,94,1B,A5,00,FF,00,00,1E,B0,00,00,01,C8,C0,00,00,00,00,00,80,20,23,00,05,11,80,B2,10,1C,00,0C,00,75,5E,4E,3F,00,FF,3C,00,23,13,20,00,FF,0403,01D3,0000,0302,00000000,000C,0000
104,genesis,zelda_v251,000E2E,02,00,01,01,00,01,00,00,00,04,00,00,00,00,00,DC,94,1B,A5,00,FF,00,00,1E,B0,00,00,01,C8,C0,00,00,00,00,00,80,20,23,00,05,11,80,B2,10,1C,00,0C,00,75,5E,4E,3F,00,FF,3C,00,23,13,20,00,FF,0403,01D3,0000,0302,00000000,000C,0000
105,genesis,zelda_v251,00544E,02,FF,01,01,00,01,00,00,00,05,00,00,00,00,00,8B,94,1A,A5,00,FF,00,00,1E,B0,00,01,01,B2,C0,00,00,00,00,00,01,20,4F,B2,B2,01,1E,3C,4F,B2,1F,10,00,01,80,01,3F,00,FF,3C,00,23,13,20,00,FF,048E,01EE,0000,0302,00000000,000F,0000
106,genesis,zelda_v251,001250,10,00,01,01,00,01,00,00,00,07,00,00,00,00,00,8B,94,1A,A5,00,FF,00,00,1E,B0,00,02,01,B2,C0,00,00,00,00,00,01,20,4F,B2,49,00,39,B2,20,0F,00,FF,00,00,49,39,3F,00,FF,3C,00,23,13,20,00,FF,0203,020F,0000,0302,00000000,0010,0000
107,genesis,zelda_v251,0008FA,10,00,01,01,00,01,00,00,00,08,00,00,00,00,00,8B,94,1A,A5,00,FF,00,00,1E,B0,00,02,01,B2,C0,00,00,00,00,00,01,20,4F,00,05,11,80,B2,10,1C,00,0C,00,75,5E,4E,3F,00,FF,3C,00,23,13,20,00,FF,0203,022B,0000,0302,00000000,0014,0000
108,genesis,zelda_v251,0008F2,10,00,01,01,00,01,00,00,00,09,00,00,00,00,00,8B,94,1A,A5,00,FF,00,00,1E,B0,00,03,01,B2,C0,00,00,00,00,00,01,20,4F,B2,49,00,39,B2,20,0F,00,FF,00,00,49,39,3F,00,FF,3C,00,23,13,20,00,FF,0403,0241,0000,0302,00000000,0014,0000
109,genesis,zelda_v251,000DF6,28,00,01,01,00,01,00,00,00,0A,00,00,00,00,00,8B,94,1A,A5,00,FF,00,00,1E,B0,00,03,01,B2,C0,00,00,00,00,00,01,20,4F,00,05,11,80,B2,10,1C,00,0C,00,75,5E,4E,3F,00,FF,3C,00,23,13,7C,00,FF,0403,025F,0000,0302,00000000,0018,0000
110,genesis,zelda_v251,000B06,10,00,01,01,00,01,00,00,00,0B,00,00,00,00,00,8B,94,1A,A5,00,FF,00,00,1E,B4,00,04,01,B2,C0,00,00,00,00,00,01,20,4F,B2,49,00,39,B2,20,0F,00,FF,00,00,49,39,3F,00,FF,3C,00,23,13,7C,00,FF,0203,0283,0000,0302,00000000,0018,0018
111,genesis,zelda_v251,0008F2,10,00,01,01,00,01,00,00,00,0C,00,00,00,00,00,8B,94,1A,A5,00,FF,00,00,1E,B4,00,04,01,B2,C0,00,00,00,00,00,01,20,4F,00,05,11,80,B2,10,1C,00,0C,00,75,5E,4E,3F,00,FF,3C,00,23,13,7C,00,FF,0203,029F,0000,0302,00000000,001C,0018
112,genesis,zelda_v251,0008F2,10,00,01,01,00,01,00,00,00,0D,00,00,00,00,00,8B,94,1A,A5,00,FF,00,00,1E,B4,00,05,01,B2,C0,00,00,00,00,00,01,20,4F,B2,49,00,39,B2,20,0F,00,FF,00,00,49,39,3F,00,FF,3C,00,23,13,7C,00,FF,0203,02B3,0000,0302,00000000,001C,0018
113,genesis,zelda_v251,000AEE,10,00,01,01,00,01,00,00,00,0E,00,00,00,00,00,8B,94,1A,A5,00,FF,00,00,1E,B4,00,05,01,B2,C0,00,00,00,00,00,01,20,4F,00,05,11,80,B2,10,1C,00,0C,00,75,5E,4E,3F,00,FF,3C,00,23,13,7C,00,FF,0203,02CF,0000,0302,00000000,0020,0018
114,genesis,zelda_v251,0008FA,10,00,01,01,00,01,00,00,00,0F,00,00,00,00,00,8B,94,1A,A5,00,FF,00,00,1E,B4,00,06,01,B2,C0,00,00,00,00,00,01,20,4F,B2,49,00,39,B2,20,0F,00,FF,00,00,49,39,3F,00,FF,3C,00,23,13,7C,00,FF,0203,02E3,0000,0302,00000000,0020,0018
115,genesis,zelda_v251,0008F2,10,00,01,01,00,01,00,00,00,10,00,00,00,00,00,8B,94,1A,A5,00,FF,00,00,1E,B4,00,06,01,B2,C0,00,00,00,00,00,01,20,4F,00,05,11,80,B2,10,1C,00,0C,00,75,5E,4E,3F,00,FF,3C,00,23,13,00,00,FF,0403,0301,0000,0302,00000000,0024,0018
116,genesis,zelda_v251,000F34,10,00,01,01,00,01,00,00,00,11,00,00,00,00,00,8B,94,1A,A5,00,FF,00,00,1E,B4,00,07,01,B2,C0,00,00,00,00,00,01,20,4F,B2,49,00,39,B2,20,0F,00,FF,00,00,49,39,3F,00,FF,3C,00,23,13,00,00,FF,0203,0315,0000,0302,00000000,0024,0018
117,genesis,zelda_v251,000F34,10,00,01,01,00,01,00,00,00,12,00,00,00,00,00,8B,94,1A,A5,00,FF,00,00,1E,B4,00,07,01,B2,C0,00,00,00,00,00,01,20,4F,00,05,11,80,B2,10,1C,00,0C,00,75,5E,4E,3F,00,FF,3C,00,23,13,00,00,FF,0203,0331,0000,0302,00000000,0028,0018
118,genesis,zelda_v251,000F34,10,00,01,01,00,01,00,00,00,13,00,00,00,00,00,8B,94,1A,A5,00,FF,00,00,1E,B4,00,08,01,B2,C0,00,00,00,00,00,01,20,4F,B2,49,00,39,B2,20,0F,00,FF,00,00,49,39,3F,00,FF,3C,00,23,13,00,00,FF,0203,0345,0000,0302,00000000,0028,0018
119,genesis,zelda_v251,000F34,10,00,01,01,00,01,00,00,00,14,00,00,00,00,00,8B,94,1A,A5,00,FF,00,00,1E,B4,00,08,01,B2,C0,00,00,00,00,00,01,20,4F,00,05,11,80,B2,10,1C,00,0C,00,75,5E,4E,3F,00,FF,3C,00,23,13,00,00,FF,0203,0361,0000,0302,00000000,002C,0018
120,genesis,zelda_v251,000F34,10,00,01,01,00,01,00,00,00,15,00,00,00,00,00,8B,94,1A,A5,00,FF,00,00,1E,B4,00,09,01,B2,C0,00,00,00,00,00,01,20,4F,B2,49,00,39,B2,20,0F,00,FF,00,00,49,39,3F,00,FF,3C,00,23,13,00,00,FF,0203,0375,0000,0302,00000000,002C,0018
121,genesis,zelda_v251,000F34,10,00,01,01,00,01,00,00,00,16,00,00,00,00,00,8B,94,1A,A5,00,FF,00,00,1E,B4,00,09,01,B2,C0,00,00,00,00,00,01,20,4F,00,05,11,80,B2,10,1C,00,0C,00,75,5E,4E,3F,00,FF,3C,00,23,13,FF,00,FF,0203,0391,0000,0302,00000000,0030,0018
122,genesis,zelda_v251,000F34,10,00,01,01,00,01,00,00,00,17,00,00,00,00,00,8B,94,1A,A5,00,FF,00,00,1E,B4,00,0A,01,B2,C0,00,00,00,00,00,01,20,4F,B2,49,00,39,B2,20,0F,00,FF,00,00,49,39,3F,00,FF,3C,00,23,13,FF,00,FF,0203,03A5,0000,0302,00000000,0030,0018
123,genesis,zelda_v251,000F34,10,00,01,01,00,01,00,00,00,18,00,00,00,00,00,8B,94,1A,A5,00,FF,00,00,1E,B4,00,0A,01,B2,C0,00,00,00,00,00,01,20,4F,00,05,11,80,B2,10,1C,00,0C,00,75,5E,4E,3F,00,FF,3C,00,23,13,FF,00,FF,0203,03C1,0000,0302,00000000,0034,0018
124,genesis,zelda_v251,000F34,10,00,01,01,00,01,00,00,00,19,00,00,00,00,00,8B,94,1A,A5,00,FF,00,00,1E,B4,00,0B,01,B2,C0,00,00,00,00,00,01,20,4F,B2,49,00,39,B2,20,0F,00,FF,00,00,49,39,3F,00,FF,3C,00,23,13,FF,00,FF,0203,03D5,0000,0302,00000000,0034,0018
125,genesis,zelda_v251,000F34,10,00,01,01,00,01,00,00,00,1A,00,00,00,00,00,8B,94,1A,A5,00,FF,00,00,1E,B4,00,0B,01,B2,C0,00,00,00,00,00,01,20,4F,00,05,11,80,B2,10,1C,00,0C,00,75,5E,4E,3F,00,FF,3C,00,23,13,FF,00,FF,0203,03F1,0000,0302,00000000,0038,0018
126,genesis,zelda_v251,000F34,10,00,01,01,00,01,00,00,00,1B,00,00,00,00,00,8B,94,1A,A5,00,FF,00,00,1E,B4,00,0C,01,B2,C0,00,00,00,00,00,01,20,4F,B2,49,00,39,B2,20,0F,00,FF,00,00,49,39,3F,00,FF,3C,00,23,13,FF,00,FF,0203,0405,0000,0302,00000000,0038,0018
127,genesis,zelda_v251,000F34,10,00,01,01,00,01,00,00,00,1C,00,00,00,00,00,8B,94,1A,A5,00,FF,00,00,1E,B4,00,0C,01,B2,C0,00,00,00,00,00,01,20,4F,00,05,11,80,B2,10,1C,00,0C,00,75,5E,4E,3F,00,FF,3C,00,23,13,03,00,FF,0203,0421,0000,0302,00000000,003C,0018
128,genesis,zelda_v251,000F34,10,00,01,01,00,01,00,00,00,1D,00,00,00,00,00,8B,94,1A,A5,00,FF,00,00,1E,B4,00,0D,01,B2,C0,00,00,00,00,00,01,20,4F,B2,49,00,39,B2,20,0F,00,FF,00,00,49,39,3F,00,FF,3C,00,23,13,03,00,FF,0203,0435,0000,0302,00000000,003C,0018
129,genesis,zelda_v251,000F34,10,00,01,01,00,01,00,00,00,1E,00,00,00,00,00,8B,94,1A,A5,00,FF,00,00,1E,B4,00,0D,01,B2,C0,00,00,00,00,00,01,20,4F,00,05,11,80,B2,10,1C,00,0C,00,75,5E,4E,3F,00,FF,3C,00,23,13,03,00,FF,0203,0451,0000,0302,00000000,0040,0018
130,genesis,zelda_v251,000F34,10,00,01,01,00,01,00,00,00,1F,00,00,00,00,00,8B,94,1A,A5,00,FF,00,00,1E,B4,00,0E,01,B2,C0,00,00,00,00,00,01,20,4F,B2,49,00,39,B2,20,0F,00,FF,00,00,49,39,3F,00,FF,3C,00,23,13,03,00,FF,0203,0465,0000,0302,00000000,0040,0018
131,genesis,zelda_v251,000F34,10,00,01,01,00,01,00,00,00,20,00,00,00,00,00,8B,94,1A,A5,00,FF,00,00,1E,B4,00,0E,01,B2,C0,00,00,00,00,00,01,20,4F,00,05,11,80,B2,10,1C,00,0C,00,75,5E,4E,3F,00,FF,3C,00,23,13,03,00,FF,0203,0481,0000,0302,00000000,0044,0018
132,genesis,zelda_v251,000F34,10,00,01,01,00,01,00,00,00,21,00,00,00,00,00,8B,94,1A,A5,00,FF,00,00,1E,B4,00,0F,01,B2,C0,00,00,00,00,00,01,20,4F,B2,49,00,39,B2,20,0F,00,FF,00,00,49,39,3F,00,FF,3C,00,23,13,03,00,FF,0203,0495,0000,0302,00000000,0044,0018
133,genesis,zelda_v251,000F34,10,00,01,01,00,01,00,00,00,22,00,00,00,00,00,8B,94,1A,A5,00,FF,00,00,1E,B4,00,0F,01,B2,C0,00,00,00,00,00,01,20,4F,00,05,11,80,B2,10,1C,00,0C,00,75,5E,4E,3F,00,FF,3C,00,23,13,02,00,FF,0203,04B1,0000,0302,00000000,0048,0018
134,genesis,zelda_v251,000F34,10,00,01,01,00,01,00,00,00,23,00,00,00,00,00,8B,94,1A,A5,00,FF,00,00,1E,B4,00,10,01,B2,C0,00,00,00,00,00,01,20,4F,B2,49,00,39,B2,20,0F,00,FF,00,00,49,39,3F,00,FF,3C,00,23,13,02,00,FF,0203,04C5,0000,0302,00000000,0048,0018
135,genesis,zelda_v251,000F34,10,00,01,01,00,01,00,00,00,24,00,00,00,00,00,8B,94,1A,A5,00,FF,00,00,1E,B4,00,10,01,B2,C0,00,00,00,00,00,01,20,4F,00,05,11,80,B2,10,1C,00,0C,00,75,5E,4E,3F,00,FF,3C,00,23,13,02,00,FF,0203,04E1,0000,0302,00000000,004C,0018
136,genesis,zelda_v251,000F34,10,00,01,01,00,01,00,00,00,25,00,00,00,00,00,8B,94,1A,A5,00,FF,00,00,1E,B4,00,11,01,B2,C0,00,00,00,00,00,01,20,4F,B2,49,00,39,B2,20,0F,00,FF,00,00,49,39,3F,00,FF,3C,00,23,13,02,00,FF,0203,04F5,0000,0302,00000000,004C,0018
137,genesis,zelda_v251,000F34,10,00,01,01,00,01,00,00,00,26,00,00,00,00,00,8B,94,1A,A5,00,FF,00,00,1E,B4,00,11,01,B2,C0,00,00,00,00,00,01,20,4F,00,05,11,80,B2,10,1C,00,0C,00,75,5E,4E,3F,00,FF,3C,00,23,13,02,00,FF,0203,0511,0000,0302,00000000,0050,0018
138,genesis,zelda_v251,000F34,10,00,01,01,00,01,00,00,00,27,00,00,00,00,00,8B,94,1A,A5,00,FF,00,00,1E,B4,00,12,01,B2,C0,00,00,00,00,00,01,20,4F,B2,49,00,39,B2,20,0F,00,FF,00,00,49,39,3F,00,FF,3C,00,23,13,02,00,FF,0203,0525,0000,0302,00000000,0050,0018
139,genesis,zelda_v251,000F34,10,00,01,01,00,01,00,00,00,28,00,00,00,00,00,8B,94,1A,A5,00,FF,00,00,1E,B4,00,12,01,B2,C0,00,00,00,00,00,01,20,4F,00,05,11,80,B2,10,1C,00,0C,00,75,5E,4E,3F,00,FF,3C,00,23,13,11,00,FF,0203,0541,0000,0302,00000000,0054,0018
140,genesis,zelda_v251,000F34,10,00,01,01,00,01,00,00,00,29,00,00,00,00,00,8B,94,1A,A5,00,FF,00,00,1E,B4,00,13,01,B2,C0,00,00,00,00,00,01,20,4F,B2,49,00,39,B2,20,0F,00,FF,00,00,49,39,3F,00,FF,3C,00,23,13,11,00,FF,0203,0555,0000,0302,00000000,0054,0018
141,genesis,zelda_v251,000F34,10,00,01,01,00,01,00,00,00,2A,00,00,00,00,00,8B,94,1A,A5,00,FF,00,00,1E,B4,00,13,01,B2,C0,00,00,00,00,00,01,20,4F,00,05,11,80,B2,10,1C,00,0C,00,75,5E,4E,3F,00,FF,3C,00,23,13,11,00,FF,0203,0571,0000,0302,00000000,0058,0018
142,genesis,zelda_v251,000F34,10,00,01,01,00,01,00,00,00,2B,00,00,00,00,00,8B,94,1A,A5,00,FF,00,00,1E,B4,00,14,01,B2,C0,00,00,00,00,00,01,20,4F,B2,49,00,39,B2,20,0F,00,FF,00,00,49,39,3F,00,FF,3C,00,23,13,11,00,FF,0203,0585,0000,0302,00000000,0058,0018
143,genesis,zelda_v251,000F34,10,00,01,01,00,01,00,00,00,2C,00,00,00,00,00,8B,94,1A,A5,00,FF,00,00,1E,B4,00,14,01,B2,C0,00,00,00,00,00,01,20,4F,00,05,11,80,B2,10,1C,00,0C,00,75,5E,4E,3F,00,FF,3C,00,23,13,11,00,FF,0203,05A1,0000,0302,00000000,005C,0018
144,genesis,zelda_v251,000F34,10,00,01,01,00,01,00,00,00,2D,00,00,00,00,00,8B,94,1A,A5,00,FF,00,00,1E,B4,00,15,01,B2,C0,00,00,00,00,00,01,20,4F,B2,49,00,39,B2,20,0F,00,FF,00,00,49,39,3F,00,FF,3C,00,23,13,11,00,FF,0203,05B5,0000,0302,00000000,005C,0018
145,genesis,zelda_v251,000F34,10,00,01,01,00,01,00,00,00,2E,00,00,00,00,00,8B,94,1A,A5,00,FF,00,00,1E,B4,00,15,01,B2,C0,00,00,00,00,00,01,20,4F,00,05,11,80,B2,10,1C,00,0C,00,75,5E,4E,3F,00,FF,3C,00,23,13,80,00,FF,0203,05D1,0000,0302,00000000,0060,0018
146,genesis,zelda_v251,000F34,10,00,01,01,00,01,00,00,00,2F,00,00,00,00,00,8B,94,1A,A5,00,FF,00,00,1E,B4,00,16,01,B2,C0,00,00,00,00,00,01,20,4F,B2,49,00,39,B2,20,0F,00,FF,00,00,49,39,3F,00,FF,3C,00,23,13,80,00,FF,0203,05E5,0000,0302,00000000,0060,0018
147,genesis,zelda_v251,000F34,10,00,01,01,00,01,00,00,00,30,00,00,00,00,00,8B,94,1A,A5,00,FF,00,00,1E,B4,00,16,01,B2,C0,00,00,00,00,00,01,20,4F,00,05,11,80,B2,10,1C,00,0C,00,75,5E,4E,3F,00,FF,3C,00,23,13,80,00,FF,0203,0601,0000,0302,00000000,0064,0018
148,genesis,zelda_v251,000F34,10,00,01,01,00,01,00,00,00,31,00,00,00,00,00,8B,94,1A,A5,00,FF,00,00,1E,B4,00,17,01,B2,C0,00,00,00,00,00,01,20,4F,B2,49,00,39,B2,20,0F,00,FF,00,00,49,39,3F,00,FF,3C,00,23,13,80,00,FF,0203,0615,0000,0302,00000000,0064,0018
149,genesis,zelda_v251,000F34,10,00,01,01,00,01,00,00,00,32,00,00,00,00,00,8B,94,1A,A5,00,FF,00,00,1E,B4,00,17,01,B2,C0,00,00,00,00,00,01,20,4F,00,05,11,80,B2,10,1C,00,0C,00,75,5E,4E,3F,00,FF,3C,00,23,13,80,00,FF,0203,0631,0000,0302,00000000,0068,0018
150,genesis,zelda_v251,000F34,10,00,01,01,00,01,00,00,00,33,00,00,00,00,00,8B,94,1A,A5,00,FF,00,00,1E,B4,00,18,01,B2,C0,00,00,00,00,00,01,20,4F,B2,49,00,39,B2,20,0F,00,FF,00,00,49,39,3F,00,FF,3C,00,23,13,80,00,FF,0203,0645,0000,0302,00000000,0068,0018
151,genesis,zelda_v251,000F34,10,00,01,01,00,01,00,00,00,34,00,00,00,00,00,8B,94,1A,A5,00,FF,00,00,1E,B4,00,18,01,B2,C0,00,00,00,00,00,01,20,4F,00,05,11,80,B2,10,1C,00,0C,00,75,5E,4E,3F,00,FF,3C,00,23,13,80,00,FF,0203,0661,0000,0302,00000000,006C,0018
152,genesis,zelda_v251,000F34,10,00,01,01,00,01,00,00,00,35,00,00,00,00,00,8B,94,1A,A5,00,FF,00,00,1E,B4,00,19,01,B2,C0,00,00,00,00,00,01,20,4F,B2,49,00,39,B2,20,0F,00,FF,00,00,49,39,3F,00,FF,3C,00,23,13,80,00,FF,0203,0675,0000,0302,00000000,006C,0018
153,genesis,zelda_v251,000F34,10,00,01,01,00,01,00,00,00,36,00,00,00,00,00,8B,94,1A,A5,00,FF,00,00,1E,B4,00,19,01,B2,C0,00,00,00,00,00,01,20,4F,00,05,11,80,B2,10,1C,00,0C,00,75,5E,4E,3F,00,FF,3C,00,23,13,80,00,FF,0203,0691,0000,0302,00000000,0070,0018
154,genesis,zelda_v251,000F34,10,00,01,01,00,01,00,00,00,37,00,00,00,00,00,8B,94,1A,A5,00,FF,00,00,1E,B4,00,1A,01,B2,C0,00,00,00,00,00,01,20,4F,B2,49,00,39,B2,20,0F,00,FF,00,00,49,39,3F,00,FF,3C,00,23,13,80,00,FF,0203,06A5,0000,0302,00000000,0070,0018
155,genesis,zelda_v251,000F34,10,00,01,01,00,01,00,00,00,38,00,00,00,00,00,8B,94,1A,A5,00,FF,00,00,1E,B4,00,1A,01,B2,C0,00,00,00,00,00,01,20,4F,00,05,11,80,B2,10,1C,00,0C,00,75,5E,4E,3F,00,FF,3C,00,23,13,80,00,FF,0203,06C1,0000,0302,00000000,0074,0018
156,genesis,zelda_v251,000F34,10,00,01,01,00,01,00,00,00,39,00,00,00,00,00,8B,94,1A,A5,00,FF,00,00,1E,B4,00,1B,01,B2,C0,00,00,00,00,00,01,20,4F,B2,49,00,39,B2,20,0F,00,FF,00,00,49,39,3F,00,FF,3C,00,23,13,80,00,FF,0203,06D5,0000,0302,00000000,0074,0018
157,genesis,zelda_v251,000F34,10,00,01,01,00,01,00,00,00,3A,00,00,00,00,00,8B,94,1A,A5,00,FF,00,00,1E,B4,00,1B,01,B2,C0,00,00,00,00,00,01,20,4F,00,05,11,80,B2,10,1C,00,0C,00,75,5E,4E,3F,00,FF,3C,00,23,13,80,00,FF,0203,06F1,0000,0302,00000000,0078,0018
158,genesis,zelda_v251,000F34,10,00,01,01,00,01,00,00,00,3B,00,00,00,00,00,8B,94,1A,A5,00,FF,00,00,1E,B4,00,1C,01,B2,C0,00,00,00,00,00,01,20,4F,B2,49,00,39,B2,20,0F,00,FF,00,00,49,39,3F,00,FF,3C,00,23,13,80,00,FF,0203,0705,0000,0302,00000000,0078,0018
159,genesis,zelda_v251,000F34,10,00,01,01,00,01,00,00,00,3C,00,00,00,00,00,8B,94,1A,A5,00,FF,00,00,1E,B4,00,1C,01,B2,C0,00,00,00,00,00,01,20,4F,00,05,11,80,B2,10,1C,00,0C,00,75,5E,4E,3F,00,FF,3C,00,23,13,80,00,FF,0203,0721,0000,0302,00000000,007C,0018
160,genesis,zelda_v251,000F34,10,00,01,01,00,01,00,00,00,3D,00,00,00,00,00,8B,94,1A,A5,00,FF,00,00,1E,B4,00,1D,01,B2,C0,00,00,00,00,00,01,20,4F,B2,49,00,39,B2,20,0F,00,FF,00,00,49,39,3F,00,FF,3C,00,23,13,80,00,FF,0203,0735,0000,0302,00000000,007C,0018
161,genesis,zelda_v251,000F34,10,00,01,01,00,01,00,00,00,3E,00,00,00,00,00,8B,94,1A,A5,00,FF,00,00,1E,B4,00,1D,01,B2,C0,00,00,00,00,00,01,20,4F,00,05,11,80,B2,10,1C,00,0C,00,75,5E,4E,3F,00,FF,3C,00,23,13,20,00,FF,0203,0751,0000,0302,00000000,0080,0018
162,genesis,zelda_v251,000F34,10,00,01,01,00,01,00,00,00,3F,00,00,00,00,00,8B,94,1A,A5,00,FF,00,00,1E,B4,00,1E,01,B2,C0,00,00,00,00,00,01,20,4F,B2,49,00,39,B2,20,0F,00,FF,00,00,49,39,3F,00,FF,3C,00,23,13,20,00,FF,0203,0765,0000,0302,00000000,0080,0018
163,genesis,zelda_v251,000F34,10,00,01,01,00,01,00,00,00,40,00,00,00,00,00,8B,94,1A,A5,00,FF,00,00,1E,B4,00,1E,01,B2,C0,00,00,00,00,00,01,20,4F,00,05,11,80,B2,10,1C,00,0C,00,75,5E,4E,3F,00,FF,3C,00,23,13,20,00,FF,0203,0781,0000,0302,00000000,0084,0018
164,genesis,zelda_v251,000F34,10,00,01,01,00,01,00,00,00,41,00,00,00,00,00,8B,94,1A,A5,00,FF,00,00,1E,B4,00,1F,01,B2,C0,00,00,00,00,00,01,20,4F,B2,49,00,39,B2,20,0F,00,FF,00,00,49,39,3F,00,FF,3C,00,23,13,20,00,FF,0203,0795,0000,0302,00000000,0084,0018
165,genesis,zelda_v251,000F34,10,00,01,01,00,01,00,00,00,42,00,00,00,00,00,8B,94,1A,A5,00,FF,00,00,1E,B4,00,1F,01,B2,C0,00,00,00,00,00,01,20,4F,00,05,11,80,B2,10,1C,00,0C,00,75,5E,4E,3F,00,FF,3C,00,23,13,20,00,FF,0203,07B1,0000,0302,00000000,0088,0018
166,genesis,zelda_v251,000F34,10,00,01,01,00,01,00,00,00,43,00,00,00,00,00,8B,94,1A,A5,00,FF,00,00,1E,B4,00,20,01,B2,C0,00,00,00,00,00,01,20,4F,B2,49,00,39,B2,20,0F,00,FF,00,00,49,39,3F,00,FF,3C,00,23,13,20,00,FF,0203,07C5,0000,0302,00000000,0088,0018
167,genesis,zelda_v251,000F34,10,00,01,01,00,01,00,00,00,44,00,00,00,00,00,8B,94,1A,A5,00,FF,00,00,1E,B4,00,20,01,B2,C0,00,00,00,00,00,01,20,4F,00,05,11,80,B2,10,1C,00,0C,00,75,5E,4E,3F,00,FF,3C,00,23,13,7C,00,FF,0203,07E1,0000,0302,00000000,008C,0018
168,genesis,zelda_v251,000F34,10,00,01,01,00,01,00,00,00,45,00,00,00,00,00,8B,94,1A,A5,00,FF,00,00,1E,B4,00,21,01,B2,C0,00,00,00,00,00,01,20,4F,B2,49,00,39,B2,20,0F,00,FF,00,00,49,39,3F,00,FF,3C,00,23,13,7C,00,FF,0203,07F5,0000,0302,00000000,008C,0018
169,genesis,zelda_v251,000F34,10,00,01,01,00,01,00,00,00,46,00,00,00,00,00,8B,94,1A,A5,00,FF,00,00,1E,B4,00,21,01,B2,C0,00,00,00,00,00,01,20,4F,00,05,11,80,B2,10,1C,00,0C,00,75,5E,4E,3F,00,FF,3C,00,23,13,7C,00,FF,0203,0811,0000,0302,00000000,0090,0018
170,genesis,zelda_v251,000F34,10,00,01,01,00,01,00,00,00,47,00,00,00,00,00,8B,94,1A,A5,00,FF,00,00,1E,B4,00,22,01,B2,C0,00,00,00,00,00,01,20,4F,B2,49,00,39,B2,20,0F,00,FF,00,00,49,39,3F,00,FF,3C,00,23,13,7C,00,FF,0203,0825,0000,0302,00000000,0090,0018
171,genesis,zelda_v251,000F34,10,00,01,01,00,01,00,00,00,48,00,00,00,00,00,8B,94,1A,A5,00,FF,00,00,1E,B4,00,22,01,B2,C0,00,00,00,00,00,01,20,4F,00,05,11,80,B2,10,1C,00,0C,00,75,5E,4E,3F,00,FF,3C,00,23,13,7C,00,FF,0203,0841,0000,0302,00000000,0094,0018
172,genesis,zelda_v251,000F34,10,00,01,01,00,01,00,00,00,49,00,00,00,00,00,8B,94,1A,A5,00,FF,00,00,1E,B4,00,23,01,B2,C0,00,00,00,00,00,01,20,4F,B2,49,00,39,B2,20,0F,00,FF,00,00,49,39,3F,00,FF,3C,00,23,13,7C,00,FF,0203,0855,0000,0302,00000000,0094,0018
173,genesis,zelda_v251,000F34,10,00,01,01,00,01,00,00,00,4A,00,00,00,00,00,8B,94,1A,A5,00,FF,00,00,1E,B4,00,23,01,B2,C0,00,00,00,00,00,01,20,4F,00,05,11,80,B2,10,1C,00,0C,00,75,5E,4E,3F,00,FF,3C,00,23,13,00,00,FF,0203,0871,0000,0302,00000000,0098,0018
174,genesis,zelda_v251,000F34,10,00,01,01,00,01,00,00,00,4B,00,00,00,00,00,8B,94,1A,A5,00,FF,00,00,1E,B4,00,24,01,B2,C0,00,00,00,00,00,01,20,4F,B2,49,00,39,B2,20,0F,00,FF,00,00,49,39,3F,00,FF,3C,00,23,13,00,00,FF,0203,0885,0000,0302,00000000,0098,0018
175,genesis,zelda_v251,000F34,10,00,01,01,00,01,00,00,00,4C,00,00,00,00,00,8B,94,1A,A5,00,FF,00,00,1E,B4,00,24,01,B2,C0,00,00,00,00,00,01,20,4F,00,05,11,80,B2,10,1C,00,0C,00,75,5E,4E,3F,00,FF,3C,00,23,13,00,00,FF,0203,08A1,0000,0302,00000000,009C,0018
176,genesis,zelda_v251,000F34,10,00,01,01,00,01,00,00,00,4D,00,00,00,00,00,8B,94,1A,A5,00,FF,00,00,1E,B4,00,25,01,B2,C0,00,00,00,00,00,01,20,4F,B2,49,00,39,B2,20,0F,00,FF,00,00,49,39,3F,00,FF,3C,00,23,13,00,00,FF,0203,08B5,0000,0302,00000000,009C,0018
177,genesis,zelda_v251,000F34,10,00,01,01,00,01,00,00,00,4E,00,00,00,00,00,8B,94,1A,A5,00,FF,00,00,1E,B4,00,25,01,B2,C0,00,00,00,00,00,01,20,4F,00,05,11,80,B2,10,1C,00,0C,00,75,5E,4E,3F,00,FF,3C,00,23,13,00,00,FF,0203,08D1,0000,0302,00000000,00A0,0018
178,genesis,zelda_v251,000F34,10,00,01,01,00,01,00,00,00,4F,00,00,00,00,00,8B,94,1A,A5,00,FF,00,00,1E,B4,00,26,01,B2,C0,00,00,00,00,00,01,20,4F,B2,49,00,39,B2,20,0F,00,FF,00,00,49,39,3F,00,FF,3C,00,23,13,00,00,FF,0203,08E5,0000,0302,00000000,00A0,0018
179,genesis,zelda_v251,000F34,10,00,01,01,00,01,00,00,00,50,00,00,00,00,00,8B,94,1A,A5,00,FF,00,00,1E,B4,00,26,01,B2,C0,00,00,00,00,00,01,20,4F,00,05,11,80,B2,10,1C,00,0C,00,75,5E,4E,3F,00,FF,3C,00,23,13,FF,00,FF,0203,0901,0000,0302,00000000,00A4,0018
180,genesis,zelda_v251,000F34,10,00,01,01,00,01,00,00,00,51,00,00,00,00,00,8B,94,1A,A5,00,FF,00,00,1E,B4,00,27,01,B2,C0,00,00,00,00,00,01,20,4F,B2,49,00,39,B2,20,0F,00,FF,00,00,49,39,3F,00,FF,3C,00,23,13,FF,00,FF,0203,0915,0000,0302,00000000,00A4,0018
181,genesis,zelda_v251,000F34,10,00,01,01,00,01,00,00,00,52,00,00,00,00,00,8B,94,1A,A5,00,FF,00,00,1E,B4,00,27,01,B2,C0,00,00,00,00,00,01,20,4F,00,05,11,80,B2,10,1C,00,0C,00,75,5E,4E,3F,00,FF,3C,00,23,13,FF,00,FF,0203,0931,0000,0302,00000000,00A8,0018
182,genesis,zelda_v251,000F34,10,00,01,01,00,01,00,00,00,53,00,00,00,00,00,8B,94,1A,A5,00,FF,00,00,1E,B4,00,28,01,B2,C0,00,00,00,00,00,01,20,4F,B2,49,00,39,B2,20,0F,00,FF,00,00,49,39,3F,00,FF,3C,00,23,13,FF,00,FF,0203,0945,0000,0302,00000000,00A8,0018
183,genesis,zelda_v251,000F34,10,00,01,01,00,01,00,00,00,54,00,00,00,00,00,8B,94,1A,A5,00,FF,00,00,1E,B4,00,28,01,B2,C0,00,00,00,00,00,01,20,4F,00,05,11,80,B2,10,1C,00,0C,00,75,5E,4E,3F,00,FF,3C,00,23,13,FF,00,FF,0203,0961,0000,0302,00000000,00AC,0018
184,genesis,zelda_v251,000F34,10,00,01,01,00,01,00,00,00,55,00,00,00,00,00,8B,94,1A,A5,00,FF,00,00,1E,B4,00,29,01,B2,C0,00,00,00,00,00,01,20,4F,B2,49,00,39,B2,20,0F,00,FF,00,00,49,39,3F,00,FF,3C,00,23,13,FF,00,FF,0203,0975,0000,0302,00000000,00AC,0018
185,genesis,zelda_v251,000F34,10,00,01,01,00,01,00,00,00,56,00,00,00,00,00,8B,94,1A,A5,00,FF,00,00,1E,B4,00,29,01,B2,C0,00,00,00,00,00,01,20,4F,00,05,11,80,B2,10,1C,00,0C,00,75,5E,4E,3F,00,FF,3C,00,23,13,03,00,FF,0203,0991,0000,0302,00000000,00B0,0018
186,genesis,zelda_v251,000F34,10,00,01,01,00,01,00,00,00,57,00,00,00,00,00,8B,94,1A,A5,00,FF,00,00,1E,B4,00,2A,01,B2,C0,00,00,00,00,00,01,20,4F,B2,49,00,39,B2,20,0F,00,FF,00,00,49,39,3F,00,FF,3C,00,23,13,03,00,FF,0203,09A5,0000,0302,00000000,00B0,0018
187,genesis,zelda_v251,000F34,10,00,01,01,00,01,00,00,00,58,00,00,00,00,00,8B,94,1A,A5,00,FF,00,00,1E,B4,00,2A,01,B2,C0,00,00,00,00,00,01,20,4F,00,05,11,80,B2,10,1C,00,0C,00,75,5E,4E,3F,00,FF,3C,00,23,13,03,00,FF,0203,09C1,0000,0302,00000000,00B4,0018
188,genesis,zelda_v251,000F34,10,00,01,01,00,01,00,00,00,59,00,00,00,00,00,8B,94,1A,A5,00,FF,00,00,1E,B4,00,2B,01,B2,C0,00,00,00,00,00,01,20,4F,B2,49,00,39,B2,20,0F,00,FF,00,00,49,39,3F,00,FF,3C,00,23,13,03,00,FF,0203,09D5,0000,0302,00000000,00B4,0018
189,genesis,zelda_v251,000F34,10,00,01,01,00,01,00,00,00,5A,00,00,00,00,00,8B,94,1A,A5,00,FF,00,00,1E,B4,00,2B,01,B2,C0,00,00,00,00,00,01,20,4F,00,05,11,80,B2,10,1C,00,0C,00,75,5E,4E,3F,00,FF,3C,00,23,13,03,00,FF,0203,09F1,0000,0302,00000000,00B8,0018
190,genesis,zelda_v251,000F34,10,00,01,01,00,01,00,00,00,5B,00,00,00,00,00,8B,94,1A,A5,00,FF,00,00,1E,B4,00,2C,01,B2,C0,00,00,00,00,00,01,20,4F,B2,49,00,39,B2,20,0F,00,FF,00,00,49,39,3F,00,FF,3C,00,23,13,03,00,FF,0203,0A05,0000,0302,00000000,00B8,0018
191,genesis,zelda_v251,000F34,10,00,01,01,00,01,00,00,00,5C,00,00,00,00,00,8B,94,1A,A5,00,FF,00,00,1E,B4,00,2C,01,B2,C0,00,00,00,00,00,01,20,4F,00,05,11,80,B2,10,1C,00,0C,00,75,5E,4E,3F,00,FF,3C,00,23,13,02,00,FF,0203,0A21,0000,0302,00000000,00BC,0018
192,genesis,zelda_v251,000F34,10,00,01,01,00,01,00,00,00,5D,00,00,00,00,00,8B,94,1A,A5,00,FF,00,00,1E,B4,00,2D,01,B2,C0,00,00,00,00,00,01,20,4F,B2,49,00,39,B2,20,0F,00,FF,00,00,49,39,3F,00,FF,3C,00,23,13,02,00,FF,0203,0A35,0000,0302,00000000,00BC,0018
193,genesis,zelda_v251,000F34,10,00,01,01,00,01,00,00,00,5E,00,00,00,00,00,8B,94,1A,A5,00,FF,00,00,1E,B4,00,2D,01,B2,C0,00,00,00,00,00,01,20,4F,00,05,11,80,B2,10,1C,00,0C,00,75,5E,4E,3F,00,FF,3C,00,23,13,02,00,FF,0203,0A51,0000,0302,00000000,00C0,0018
194,genesis,zelda_v251,000F34,10,00,01,01,00,01,00,00,00,5F,00,00,00,00,00,8B,94,1A,A5,00,FF,00,00,1E,B4,00,2E,01,B2,C0,00,00,00,00,00,01,20,4F,B2,49,00,39,B2,20,0F,00,FF,00,00,49,39,3F,00,FF,3C,00,23,13,02,00,FF,0203,0A65,0000,0302,00000000,00C0,0018
195,genesis,zelda_v251,000F34,10,00,01,01,00,01,00,00,00,60,00,00,00,00,00,8B,94,1A,A5,00,FF,00,00,1E,B4,00,2E,01,B2,C0,00,00,00,00,00,01,20,4F,00,05,11,80,B2,10,1C,00,0C,00,75,5E,4E,3F,00,FF,3C,00,23,13,02,00,FF,0203,0A81,0000,0302,00000000,00C4,0018
196,genesis,zelda_v251,000F34,10,00,01,01,00,01,00,00,00,61,00,00,00,00,00,8B,94,1A,A5,00,FF,00,00,1E,B4,00,2F,01,B2,C0,00,00,00,00,00,01,20,4F,B2,49,00,39,B2,20,0F,00,FF,00,00,49,39,3F,00,FF,3C,00,23,13,02,00,FF,0203,0A95,0000,0302,00000000,00C4,0018
197,genesis,zelda_v251,000F34,10,00,01,01,00,01,00,00,00,62,00,00,00,00,00,8B,94,1A,A5,00,FF,00,00,1E,B4,00,2F,01,B2,C0,00,00,00,00,00,01,20,4F,00,05,11,80,B2,10,1C,00,0C,00,75,5E,4E,3F,00,FF,3C,00,23,13,11,00,FF,0203,0AB1,0000,0302,00000000,00C8,0018
198,genesis,zelda_v251,000F34,10,00,01,01,00,01,00,00,00,63,00,00,00,00,00,8B,94,1A,A5,00,FF,00,00,1E,B4,00,30,01,B2,C0,00,00,00,00,00,01,20,4F,B2,49,00,39,B2,20,0F,00,FF,00,00,49,39,3F,00,FF,3C,00,23,13,11,00,FF,0203,0AC5,0000,0302,00000000,00C8,0018
199,genesis,zelda_v251,000F34,10,00,01,01,00,01,00,00,00,64,00,00,00,00,00,8B,94,1A,A5,00,FF,00,00,1E,B4,00,30,01,B2,C0,00,00,00,00,00,01,20,4F,00,05,11,80,B2,10,1C,00,0C,00,75,5E,4E,3F,00,FF,3C,00,23,13,11,00,FF,0203,0AE1,0000,0302,00000000,00CC,0018
200,genesis,zelda_v251,000F34,10,00,01,01,00,01,00,00,00,65,00,00,00,00,00,8B,94,1A,A5,00,FF,00,00,1E,B4,00,31,01,B2,C0,00,00,00,00,00,01,20,4F,B2,49,00,39,B2,20,0F,00,FF,00,00,49,39,3F,00,FF,3C,00,23,13,11,00,FF,0203,0AF5,0000,0302,00000000,00CC,0018
201,genesis,zelda_v251,000F34,10,00,01,01,00,01,00,00,00,66,00,00,00,00,00,8B,94,1A,A5,00,FF,00,00,1E,B4,00,31,01,B2,C0,00,00,00,00,00,01,20,4F,00,05,11,80,B2,10,1C,00,0C,00,75,5E,4E,3F,00,FF,3C,00,23,13,11,00,FF,0203,0B11,0000,0302,00000000,00D0,0018
202,genesis,zelda_v251,000F34,10,00,01,01,00,01,00,00,00,67,00,00,00,00,00,8B,94,1A,A5,00,FF,00,00,1E,B4,00,32,01,B2,C0,00,00,00,00,00,01,20,4F,B2,49,00,39,B2,20,0F,00,FF,00,00,49,39,3F,00,FF,3C,00,23,13,11,00,FF,0203,0B25,0000,0302,00000000,00D0,0018
203,genesis,zelda_v251,000F34,10,00,01,01,00,01,00,00,00,68,00,00,00,00,00,8B,94,1A,A5,00,FF,00,00,1E,B4,00,32,01,B2,C0,00,00,00,00,00,01,20,4F,00,05,11,80,B2,10,1C,00,0C,00,75,5E,4E,3F,00,FF,3C,00,23,13,80,00,FF,0203,0B41,0000,0302,00000000,00D4,0018
204,genesis,zelda_v251,000F34,10,00,01,01,00,01,00,00,00,69,00,00,00,00,00,8B,94,1A,A5,00,FF,00,00,1E,B4,00,33,01,B2,C0,00,00,00,00,00,01,20,4F,B2,49,00,39,B2,20,0F,00,FF,00,00,49,39,3F,00,FF,3C,00,23,13,80,00,FF,0203,0B55,0000,0302,00000000,00D4,0018
205,genesis,zelda_v251,000F34,10,00,01,01,00,01,00,00,00,6A,00,00,00,00,00,8B,94,1A,A5,00,FF,00,00,1E,B4,00,33,01,B2,C0,00,00,00,00,00,01,20,4F,00,05,11,80,B2,10,1C,00,0C,00,75,5E,4E,3F,00,FF,3C,00,23,13,80,00,FF,0203,0B71,0000,0302,00000000,00D8,0018
206,genesis,zelda_v251,000F34,10,00,01,01,00,01,00,00,00,6B,00,00,00,00,00,8B,94,1A,A5,00,FF,00,00,1E,B4,00,34,01,B2,C0,00,00,00,00,00,01,20,4F,B2,49,00,39,B2,20,0F,00,FF,00,00,49,39,3F,00,FF,3C,00,23,13,80,00,FF,0203,0B85,0000,0302,00000000,00D8,0018
207,genesis,zelda_v251,000F34,10,00,01,01,00,01,00,00,00,6C,00,00,00,00,00,8B,94,1A,A5,00,FF,00,00,1E,B4,00,34,01,B2,C0,00,00,00,00,00,01,20,4F,00,05,11,80,B2,10,1C,00,0C,00,75,5E,4E,3F,00,FF,3C,00,23,13,80,00,FF,0203,0BA1,0000,0302,00000000,00DC,0018
208,genesis,zelda_v251,000F34,10,00,01,01,00,01,00,00,00,6D,00,00,00,00,00,8B,94,1A,A5,00,FF,00,00,1E,B4,00,35,01,B2,C0,00,00,00,00,00,01,20,4F,B2,49,00,39,B2,20,0F,00,FF,00,00,49,39,3F,00,FF,3C,00,23,13,80,00,FF,0203,0BB5,0000,0302,00000000,00DC,0018
209,genesis,zelda_v251,000F34,10,00,01,01,00,01,00,00,00,6E,00,00,00,00,00,8B,94,1A,A5,00,FF,00,00,1E,B4,00,35,01,B2,C0,00,00,00,00,00,01,20,4F,00,05,11,80,B2,10,1C,00,0C,00,75,5E,4E,3F,00,FF,3C,00,23,13,80,00,FF,0203,0BD1,0000,0302,00000000,00E0,0018
210,genesis,zelda_v251,000F34,10,00,01,01,00,01,00,00,00,6F,00,00,00,00,00,8B,94,1A,A5,00,FF,00,00,1E,B4,00,36,01,B2,C0,00,00,00,00,00,01,20,4F,B2,49,00,39,B2,20,0F,00,FF,00,00,49,39,3F,00,FF,3C,00,23,13,80,00,FF,0203,0BE5,0000,0302,00000000,00E0,0018
211,genesis,zelda_v251,000F34,10,00,01,01,00,01,00,00,00,70,00,00,00,00,00,8B,94,1A,A5,00,FF,00,00,1E,B4,00,36,01,B2,C0,00,00,00,00,00,01,20,4F,00,05,11,80,B2,10,1C,00,0C,00,75,5E,4E,3F,00,FF,3C,00,23,13,80,00,FF,0203,0C01,0000,0302,00000000,00E4,0018
212,genesis,zelda_v251,000F34,10,00,01,01,00,01,00,00,00,71,00,00,00,00,00,8B,94,1A,A5,00,FF,00,00,1E,B4,00,37,01,B2,C0,00,00,00,00,00,01,20,4F,B2,49,00,39,B2,20,0F,00,FF,00,00,49,39,3F,00,FF,3C,00,23,13,80,00,FF,0203,0C15,0000,0302,00000000,00E4,0018
213,genesis,zelda_v251,000F34,10,00,01,01,00,01,00,00,00,72,00,00,00,00,00,8B,94,1A,A5,00,FF,00,00,1E,B4,00,37,01,B2,C0,00,00,00,00,00,01,20,4F,00,05,11,80,B2,10,1C,00,0C,00,75,5E,4E,3F,00,FF,3C,00,23,13,80,00,FF,0203,0C31,0000,0302,00000000,00E8,0018
214,genesis,zelda_v251,000F34,10,00,01,01,00,01,00,00,00,73,00,00,00,00,00,8B,94,1A,A5,00,FF,00,00,1E,B4,00,38,01,B2,C0,00,00,00,00,00,01,20,4F,B2,49,00,39,B2,20,0F,00,FF,00,00,49,39,3F,00,FF,3C,00,23,13,80,00,FF,0203,0C45,0000,0302,00000000,00E8,0018
215,genesis,zelda_v251,000F34,10,00,01,01,00,01,00,00,00,74,00,00,00,00,00,8B,94,1A,A5,00,FF,00,00,1E,B4,00,38,01,B2,C0,00,00,00,00,00,01,20,4F,00,05,11,80,B2,10,1C,00,0C,00,75,5E,4E,3F,00,FF,3C,00,23,13,80,00,FF,0203,0C61,0000,0302,00000000,00EC,0018
216,genesis,zelda_v251,000F34,10,00,01,01,00,01,00,00,00,75,00,00,00,00,00,8B,94,1A,A5,00,FF,00,00,1E,B4,00,39,01,B2,C0,00,00,00,00,00,01,20,4F,B2,49,00,39,B2,20,0F,00,FF,00,00,49,39,3F,00,FF,3C,00,23,13,80,00,FF,0203,0C75,0000,0302,00000000,00EC,0018
217,genesis,zelda_v251,000F34,10,00,01,01,00,01,00,00,00,76,00,00,00,00,00,8B,94,1A,A5,00,FF,00,00,1E,B4,00,39,01,B2,C0,00,00,00,00,00,01,20,4F,00,05,11,80,B2,10,1C,00,0C,00,75,5E,4E,3F,00,FF,3C,00,23,13,80,00,FF,0203,0C91,0000,0302,00000000,00F0,0018
218,genesis,zelda_v251,000F34,10,00,01,01,00,01,00,00,00,77,00,00,00,00,00,8B,94,1A,A5,00,FF,00,00,1E,B4,00,3A,01,B2,C0,00,00,00,00,00,01,20,4F,B2,49,00,39,B2,20,0F,00,FF,00,00,49,39,3F,00,FF,3C,00,23,13,80,00,FF,0203,0CA5,0000,0302,00000000,00F0,0018
219,genesis,zelda_v251,000F34,10,00,01,01,00,01,00,00,00,78,00,00,00,00,00,8B,94,1A,A5,00,FF,00,00,1E,B4,00,3A,01,B2,C0,00,00,00,00,00,01,20,4F,00,05,11,80,B2,10,1C,00,0C,00,75,5E,4E,3F,00,FF,3C,00,23,13,20,00,FF,0203,0CC1,0000,0302,00000000,00F4,0018
220,genesis,zelda_v251,000F34,10,00,01,01,00,01,00,00,00,79,00,00,00,00,00,8B,94,1A,A5,00,FF,00,00,1E,B4,00,3B,01,B2,C0,00,00,00,00,00,01,20,4F,B2,49,00,39,B2,20,0F,00,FF,00,00,49,39,3F,00,FF,3C,00,23,13,20,00,FF,0203,0CD5,0000,0302,00000000,00F4,0018
221,genesis,zelda_v251,000F34,10,00,01,01,00,01,00,00,00,7A,00,00,00,00,00,8B,94,1A,A5,00,FF,00,00,1E,B4,00,3B,01,B2,C0,00,00,00,00,00,01,20,4F,00,05,11,80,B2,10,1C,00,0C,00,75,5E,4E,3F,00,FF,3C,00,23,13,20,00,FF,0203,0CF1,0000,0302,00000000,00F8,0018
222,genesis,zelda_v251,000F34,10,00,01,01,00,01,00,00,00,7B,00,00,00,00,00,8B,94,1A,A5,00,FF,00,00,1E,B4,00,3C,01,B2,C0,00,00,00,00,00,01,20,4F,B2,49,00,39,B2,20,0F,00,FF,00,00,49,39,3F,00,FF,3C,00,23,13,20,00,FF,0203,0D05,0000,0302,00000000,00F8,0018
223,genesis,zelda_v251,000F34,10,00,01,01,00,01,00,00,00,7C,00,00,00,00,00,8B,94,1A,A5,00,FF,00,00,1E,B4,00,3C,01,B2,C0,00,00,00,00,00,01,20,4F,00,05,11,80,B2,10,1C,00,0C,00,75,5E,4E,3F,00,FF,3C,00,23,13,20,00,FF,0203,0D21,0000,0302,00000000,00FC,0018
224,genesis,zelda_v251,000F34,10,00,01,01,00,01,00,00,00,7D,00,00,00,00,00,8B,94,1A,A5,00,FF,00,00,1E,B4,00,3D,01,B2,C0,00,00,00,00,00,01,20,4F,B2,49,00,39,B2,20,0F,00,FF,00,00,49,39,3F,00,FF,3C,00,23,13,20,00,FF,0203,0D35,0000,0302,00000000,00FC,0018
225,genesis,zelda_v251,000F34,10,00,01,01,00,01,00,00,00,7E,00,00,00,00,00,8B,94,1A,A5,00,FF,00,00,1E,B4,00,3D,01,B2,C0,00,00,00,00,00,01,20,4F,00,05,11,80,B2,10,1C,00,0C,00,75,5E,4E,3F,00,FF,3C,00,23,13,7C,00,FF,0203,0D51,0000,0302,00000000,0100,0018
226,genesis,zelda_v251,000F34,10,00,01,01,00,01,00,00,00,7F,00,00,00,00,00,8B,94,1A,A5,00,FF,00,00,1E,B4,00,3E,01,B2,C0,00,00,00,00,00,01,20,4F,B2,49,00,39,B2,20,0F,00,FF,00,00,49,39,3F,00,FF,3C,00,23,13,7C,00,FF,0203,0D65,0000,0302,00000000,0100,0018
227,genesis,zelda_v251,000F34,10,00,01,01,00,01,00,00,00,80,00,00,00,00,00,8B,94,1A,A5,00,FF,00,00,1E,B4,00,3E,01,B2,C0,00,00,00,00,00,01,20,4F,00,05,11,80,B2,10,1C,00,0C,00,75,5E,4E,3F,00,FF,3C,00,23,13,7C,00,FF,0203,0D81,0000,0302,00000000,0104,0018
228,genesis,zelda_v251,000F34,10,00,01,01,00,01,00,00,00,81,00,00,00,00,00,8B,94,1A,A5,00,FF,00,00,1E,B4,00,3F,01,B2,C0,00,00,00,00,00,01,20,4F,B2,49,00,39,B2,20,0F,00,FF,00,00,49,39,3F,00,FF,3C,00,23,13,7C,00,FF,0203,0D95,0000,0302,00000000,0104,0018
229,genesis,zelda_v251,000F34,10,00,01,01,00,01,00,00,00,82,00,00,00,00,00,8B,94,1A,A5,00,FF,00,00,1E,B4,00,3F,01,B2,C0,00,00,00,00,00,01,20,4F,00,05,11,80,B2,10,1C,00,0C,00,75,5E,4E,3F,00,FF,3C,00,23,13,7C,00,FF,0203,0DB1,0000,0302,00000000,0108,0018
230,genesis,zelda_v251,000F34,10,00,01,01,00,01,00,00,00,83,00,00,00,00,00,8B,94,1A,A5,00,FF,00,00,1E,B4,00,40,01,B2,C0,00,00,00,00,00,01,20,4F,B2,49,00,39,B2,20,0F,00,FF,00,00,49,39,3F,00,FF,3C,00,23,13,7C,00,FF,0203,0DC5,0000,0302,00000000,0108,0018
231,genesis,zelda_v251,000F34,10,00,01,01,00,01,00,00,00,84,00,00,00,00,00,8B,94,1A,A5,00,FF,00,00,1E,B4,00,40,01,B2,C0,00,00,00,00,00,01,20,4F,00,05,11,80,B2,10,1C,00,0C,00,75,5E,4E,3F,00,FF,3C,00,23,13,00,00,FF,0203,0DE1,0000,0302,00000000,010C,0018
232,genesis,zelda_v251,000F34,10,00,01,01,00,01,00,00,00,85,00,00,00,00,00,8B,94,1A,A5,00,FF,00,00,1E,B4,00,41,01,B2,C0,00,00,00,00,00,01,20,4F,B2,49,00,39,B2,20,0F,00,FF,00,00,49,39,3F,00,FF,3C,00,23,13,00,00,FF,0203,0DF5,0000,0302,00000000,010C,0018
233,genesis,zelda_v251,000F34,10,00,01,01,00,01,00,00,00,86,00,00,00,00,00,8B,94,1A,A5,00,FF,00,00,1E,B4,00,41,01,B2,C0,00,00,00,00,00,01,20,4F,00,05,11,80,B2,10,1C,00,0C,00,75,5E,4E,3F,00,FF,3C,00,23,13,00,00,FF,0203,0E11,0000,0302,00000000,0110,0018
234,genesis,zelda_v251,000F34,10,00,01,01,00,01,00,00,00,87,00,00,00,00,00,8B,94,1A,A5,00,FF,00,00,1E,B4,00,42,01,B2,C0,00,00,00,00,00,01,20,4F,B2,49,00,39,B2,20,0F,00,FF,00,00,49,39,3F,00,FF,3C,00,23,13,00,00,FF,0203,0E25,0000,0302,00000000,0110,0018
235,genesis,zelda_v251,000F34,10,00,01,01,00,01,00,00,00,88,00,00,00,00,00,8B,94,1A,A5,00,FF,00,00,1E,B4,00,42,01,B2,C0,00,00,00,00,00,01,20,4F,00,05,11,80,B2,10,1C,00,0C,00,75,5E,4E,3F,00,FF,3C,00,23,13,00,00,FF,0203,0E41,0000,0302,00000000,0114,0018
236,genesis,zelda_v251,000F34,10,00,01,01,00,01,00,00,00,89,00,00,00,00,00,8B,94,1A,A5,00,FF,00,00,1E,B4,00,43,01,B2,C0,00,00,00,00,00,01,20,4F,B2,49,00,39,B2,20,0F,00,FF,00,00,49,39,3F,00,FF,3C,00,23,13,00,00,FF,0203,0E55,0000,0302,00000000,0114,0018
237,genesis,zelda_v251,000F34,10,00,01,01,00,01,00,00,00,8A,00,00,00,00,00,8B,94,1A,A5,00,FF,00,00,1E,B4,00,43,01,B2,C0,00,00,00,00,00,01,20,4F,00,05,11,80,B2,10,1C,00,0C,00,75,5E,4E,3F,00,FF,3C,00,23,13,FF,00,FF,0203,0E71,0000,0302,00000000,0118,0018
238,genesis,zelda_v251,000F34,10,00,01,01,00,01,00,00,00,8B,00,00,00,00,00,8B,94,1A,A5,00,FF,00,00,1E,B4,00,44,01,B2,C0,00,00,00,00,00,01,20,4F,B2,49,00,39,B2,20,0F,00,FF,00,00,49,39,3F,00,FF,3C,00,23,13,FF,00,FF,0203,0E85,0000,0302,00000000,0118,0018
239,genesis,zelda_v251,000F34,10,00,01,01,00,01,00,00,00,8C,00,00,00,00,00,8B,94,1A,A5,00,FF,00,00,1E,B4,00,44,01,B2,C0,00,00,00,00,00,01,20,4F,00,05,11,80,B2,10,1C,00,0C,00,75,5E,4E,3F,00,FF,3C,00,23,13,FF,00,FF,0203,0EA1,0000,0302,00000000,011C,0018
240,genesis,zelda_v251,000F34,10,00,01,01,00,01,00,00,00,8D,00,00,00,00,00,8B,94,1A,A5,00,FF,00,00,1E,B4,00,45,01,B2,C0,00,00,00,00,00,01,20,4F,B2,49,00,39,B2,20,0F,00,FF,00,00,49,39,3F,00,FF,3C,00,23,13,FF,00,FF,0203,0EB5,0000,0302,00000000,011C,0018
241,genesis,zelda_v251,000F34,10,00,01,01,00,01,00,00,00,8E,00,00,00,00,00,8B,94,1A,A5,00,FF,00,00,1E,B4,00,45,01,B2,C0,00,00,00,00,00,01,20,4F,00,05,11,80,B2,10,1C,00,0C,00,75,5E,4E,3F,00,FF,3C,00,23,13,FF,00,FF,0203,0ED1,0000,0302,00000000,0120,0018
242,genesis,zelda_v251,000F34,10,00,01,01,00,01,00,00,00,8F,00,00,00,00,00,8B,94,1A,A5,00,FF,00,00,1E,B4,00,46,01,B2,C0,00,00,00,00,00,01,20,4F,B2,49,00,39,B2,20,0F,00,FF,00,00,49,39,3F,00,FF,3C,00,23,13,FF,00,FF,0203,0EE5,0000,0302,00000000,0120,0018
243,genesis,zelda_v251,000F34,10,00,01,01,00,01,00,00,00,90,00,00,00,00,00,8B,94,1A,A5,00,FF,00,00,1E,B4,00,46,01,B2,C0,00,00,00,00,00,01,20,4F,00,05,11,80,B2,10,1C,00,0C,00,75,5E,4E,3F,00,FF,3C,00,23,13,03,00,FF,0203,0F01,0000,0302,00000000,0124,0018
244,genesis,zelda_v251,000F34,10,00,01,01,00,01,00,00,00,91,00,00,00,00,00,8B,94,1A,A5,00,FF,00,00,1E,B4,00,47,01,B2,C0,00,00,00,00,00,01,20,4F,B2,49,00,39,B2,20,0F,00,FF,00,00,49,39,3F,00,FF,3C,00,23,13,03,00,FF,0203,0F15,0000,0302,00000000,0124,0018
245,genesis,zelda_v251,000F34,10,00,01,01,00,01,00,00,00,92,00,00,00,00,00,8B,94,1A,A5,00,FF,00,00,1E,B4,00,47,01,B2,C0,00,00,00,00,00,01,20,4F,00,05,11,80,B2,10,1C,00,0C,00,75,5E,4E,3F,00,FF,3C,00,23,13,03,00,FF,0203,0F31,0000,0302,00000000,0128,0018
246,genesis,zelda_v251,000F34,10,00,01,01,00,01,00,00,00,93,00,00,00,00,00,8B,94,1A,A5,00,FF,00,00,1E,B4,00,48,01,B2,C0,00,00,00,00,00,01,20,4F,B2,49,00,39,B2,20,0F,00,FF,00,00,49,39,3F,00,FF,3C,00,23,13,03,00,FF,0203,0F45,0000,0302,00000000,0128,0018
247,genesis,zelda_v251,000F34,10,00,01,01,00,01,00,00,00,94,00,00,00,00,00,8B,94,1A,A5,00,FF,00,00,1E,B4,00,48,01,B2,C0,00,00,00,00,00,01,20,4F,00,05,11,80,B2,10,1C,00,0C,00,75,5E,4E,3F,00,FF,3C,00,23,13,03,00,FF,0203,0F61,0000,0302,00000000,012C,0018
248,genesis,zelda_v251,000F34,10,00,01,01,00,01,00,00,00,95,00,00,00,00,00,8B,94,1A,A5,00,FF,00,00,1E,B4,00,49,01,B2,C0,00,00,00,00,00,01,20,4F,B2,49,00,39,B2,20,0F,00,FF,00,00,49,39,3F,00,FF,3C,00,23,13,03,00,FF,0203,0F75,0000,0302,00000000,012C,0018
249,genesis,zelda_v251,000F34,10,00,01,01,00,01,00,00,00,96,00,00,00,00,00,8B,94,1A,A5,00,FF,00,00,1E,B4,00,49,01,B2,C0,00,00,00,00,00,01,20,4F,00,05,11,80,B2,10,1C,00,0C,00,75,5E,4E,3F,00,FF,3C,00,23,13,02,00,FF,0203,0F91,0000,0302,00000000,0130,0018
250,genesis,zelda_v251,000F34,10,00,01,01,00,01,00,00,00,97,00,00,00,00,00,8B,94,1A,A5,00,FF,00,00,1E,B4,00,4A,01,B2,C0,00,00,00,00,00,01,20,4F,B2,49,00,39,B2,20,0F,00,FF,00,00,49,39,3F,00,FF,3C,00,23,13,02,00,FF,0203,0FA5,0000,0302,00000000,0130,0018
251,genesis,zelda_v251,000F34,10,00,01,01,00,01,00,00,00,98,00,00,00,00,00,8B,94,1A,A5,00,FF,00,00,1E,B4,00,4A,01,B2,C0,00,00,00,00,00,01,20,4F,00,05,11,80,B2,10,1C,00,0C,00,75,5E,4E,3F,00,FF,3C,00,23,13,02,00,FF,0203,0FC1,0000,0302,00000000,0134,0018
252,genesis,zelda_v251,000F34,10,00,01,01,00,01,00,00,00,99,00,00,00,00,00,8B,94,1A,A5,00,FF,00,00,1E,B4,00,4B,01,B2,C0,00,00,00,00,00,01,20,4F,B2,49,00,39,B2,20,0F,00,FF,00,00,49,39,3F,00,FF,3C,00,23,13,02,00,FF,0203,0FD5,0000,0302,00000000,0134,0018
253,genesis,zelda_v251,000F34,10,00,01,01,00,01,00,00,00,9A,00,00,00,00,00,8B,94,1A,A5,00,FF,00,00,1E,B4,00,4B,01,B2,C0,00,00,00,00,00,01,20,4F,00,05,11,80,B2,10,1C,00,0C,00,75,5E,4E,3F,00,FF,3C,00,23,13,02,00,FF,0203,0FF1,0000,0302,00000000,0138,0018
254,genesis,zelda_v251,000F34,10,00,01,01,00,01,00,00,00,9B,00,00,00,00,00,8B,94,1A,A5,00,FF,00,00,1E,B4,00,4C,01,B2,C0,00,00,00,00,00,01,20,4F,B2,49,00,39,B2,20,0F,00,FF,00,00,49,39,3F,00,FF,3C,00,23,13,02,00,FF,0203,1005,0000,0302,00000000,0138,0018
255,genesis,zelda_v251,000F34,10,00,01,01,00,01,00,00,00,9C,00,00,00,00,00,8B,94,1A,A5,00,FF,00,00,1E,B4,00,4C,01,B2,C0,00,00,00,00,00,01,20,4F,00,05,11,80,B2,10,1C,00,0C,00,75,5E,4E,3F,00,FF,3C,00,23,13,11,00,FF,0203,1021,0000,0302,00000000,013C,0018
256,genesis,zelda_v251,000F34,10,00,01,01,00,01,00,00,00,9D,00,00,00,00,00,8B,94,1A,A5,00,FF,00,00,1E,B4,00,4D,01,B2,C0,00,00,00,00,00,01,20,4F,B2,49,00,39,B2,20,0F,00,FF,00,00,49,39,3F,00,FF,3C,00,23,13,11,00,FF,0203,1035,0000,0302,00000000,013C,0018
257,genesis,zelda_v251,000F34,10,00,01,01,00,01,00,00,00,9E,00,00,00,00,00,8B,94,1A,A5,00,FF,00,00,1E,B4,00,4D,01,B2,C0,00,00,00,00,00,01,20,4F,00,05,11,80,B2,10,1C,00,0C,00,75,5E,4E,3F,00,FF,3C,00,23,13,11,00,FF,0203,1051,0000,0302,00000000,0140,0018
258,genesis,zelda_v251,000F34,10,00,01,01,00,01,00,00,00,9F,00,00,00,00,00,8B,94,1A,A5,00,FF,00,00,1E,B4,00,4E,01,B2,C0,00,00,00,00,00,01,20,4F,B2,49,00,39,B2,20,0F,00,FF,00,00,49,39,3F,00,FF,3C,00,23,13,11,00,FF,0203,1065,0000,0302,00000000,0140,0018
259,genesis,zelda_v251,000F34,10,00,01,01,00,01,00,00,00,A0,00,00,00,00,00,8B,94,1A,A5,00,FF,00,00,1E,B4,00,4E,01,B2,C0,00,00,00,00,00,01,20,4F,00,05,11,80,B2,10,1C,00,0C,00,75,5E,4E,3F,00,FF,3C,00,23,13,11,00,FF,0203,1081,0000,0302,00000000,0144,0018
260,genesis,zelda_v251,000F34,10,00,01,01,00,01,00,00,00,A1,00,00,00,00,00,8B,94,1A,A5,00,FF,00,00,1E,B4,00,4F,01,B2,C0,00,00,00,00,00,01,20,4F,B2,49,00,39,B2,20,0F,00,FF,00,00,49,39,3F,00,FF,3C,00,23,13,11,00,FF,0203,1095,0000,0302,00000000,0144,0018
261,genesis,zelda_v251,000F34,10,00,01,01,00,01,00,00,00,A2,00,00,00,00,00,8B,94,1A,A5,00,FF,00,00,1E,B4,00,4F,01,B2,C0,00,00,00,00,00,01,20,4F,00,05,11,80,B2,10,1C,00,0C,00,75,5E,4E,3F,00,FF,3C,00,23,13,80,00,FF,0203,10B1,0000,0302,00000000,0148,0018
262,genesis,zelda_v251,000F34,10,00,01,01,00,01,00,00,00,A3,00,00,00,00,00,8B,94,1A,A5,00,FF,00,00,1E,B4,00,50,01,B2,C0,00,00,00,00,00,01,20,4F,B2,49,00,39,B2,20,0F,00,FF,00,00,49,39,3F,00,FF,3C,00,23,13,80,00,FF,0203,10C5,0000,0302,00000000,0148,0018
263,genesis,zelda_v251,000F34,10,00,01,01,00,01,00,00,00,A4,00,00,00,00,00,8B,94,1A,A5,00,FF,00,00,1E,B4,00,50,01,B2,C0,00,00,00,00,00,01,20,4F,00,05,11,80,B2,10,1C,00,0C,00,75,5E,4E,3F,00,FF,3C,00,23,13,80,00,FF,0203,10E1,0000,0302,00000000,014C,0018
264,genesis,zelda_v251,000F34,10,00,01,01,00,01,00,00,00,A5,00,00,00,00,00,8B,94,1A,A5,00,FF,00,00,1E,B4,00,51,01,B2,C0,00,00,00,00,00,01,20,4F,B2,49,00,39,B2,20,0F,00,FF,00,00,49,39,3F,00,FF,3C,00,23,13,80,00,FF,0203,10F5,0000,0302,00000000,014C,0018
265,genesis,zelda_v251,000F34,10,00,01,01,00,01,00,00,00,A6,00,00,00,00,00,8B,94,1A,A5,00,FF,00,00,1E,B4,00,51,01,B2,C0,00,00,00,00,00,01,20,4F,00,05,11,80,B2,10,1C,00,0C,00,75,5E,4E,3F,00,FF,3C,00,23,13,80,00,FF,0203,1111,0000,0302,00000000,0150,0018
266,genesis,zelda_v251,000F34,10,00,01,01,00,01,00,00,00,A7,00,00,00,00,00,8B,94,1A,A5,00,FF,00,00,1E,B4,00,52,01,B2,C0,00,00,00,00,00,01,20,4F,B2,49,00,39,B2,20,0F,00,FF,00,00,49,39,3F,00,FF,3C,00,23,13,80,00,FF,0203,1125,0000,0302,00000000,0150,0018
267,genesis,zelda_v251,000F34,10,00,01,01,00,01,00,00,00,A8,00,00,00,00,00,8B,94,1A,A5,00,FF,00,00,1E,B4,00,52,01,B2,C0,00,00,00,00,00,01,20,4F,00,05,11,80,B2,10,1C,00,0C,00,75,5E,4E,3F,00,FF,3C,00,23,13,80,00,FF,0203,1141,0000,0302,00000000,0154,0018
268,genesis,zelda_v251,000F34,10,00,01,01,00,01,00,00,00,A9,00,00,00,00,00,8B,94,1A,A5,00,FF,00,00,1E,B4,00,53,01,B2,C0,00,00,00,00,00,01,20,4F,B2,49,00,39,B2,20,0F,00,FF,00,00,49,39,3F,00,FF,3C,00,23,13,80,00,FF,0203,1155,0000,0302,00000000,0154,0018
269,genesis,zelda_v251,000F34,10,00,01,01,00,01,00,00,00,AA,00,00,00,00,00,8B,94,1A,A5,00,FF,00,00,1E,B4,00,53,01,B2,C0,00,00,00,00,00,01,20,4F,00,05,11,80,B2,10,1C,00,0C,00,75,5E,4E,3F,00,FF,3C,00,23,13,80,00,FF,0203,1171,0000,0302,00000000,0158,0018
270,genesis,zelda_v251,000F34,10,00,01,01,00,01,00,00,00,AB,00,00,00,00,00,8B,94,1A,A5,00,FF,00,00,1E,B4,00,54,01,B2,C0,00,00,00,00,00,01,20,4F,B2,49,00,39,B2,20,0F,00,FF,00,00,49,39,3F,00,FF,3C,00,23,13,80,00,FF,0203,1185,0000,0302,00000000,0158,0018
271,genesis,zelda_v251,000F34,10,00,01,01,00,01,00,00,00,AC,00,00,00,00,00,8B,94,1A,A5,00,FF,00,00,1E,B4,00,54,01,B2,C0,00,00,00,00,00,01,20,4F,00,05,11,80,B2,10,1C,00,0C,00,75,5E,4E,3F,00,FF,3C,00,23,13,80,00,FF,0203,11A1,0000,0302,00000000,015C,0018
272,genesis,zelda_v251,000F34,10,00,01,01,00,01,00,00,00,AD,00,00,00,00,00,8B,94,1A,A5,00,FF,00,00,1E,B4,00,55,01,B2,C0,00,00,00,00,00,01,20,4F,B2,49,00,39,B2,20,0F,00,FF,00,00,49,39,3F,00,FF,3C,00,23,13,80,00,FF,0203,11B5,0000,0302,00000000,015C,0018
273,genesis,zelda_v251,000F34,10,00,01,01,00,01,00,00,00,AE,00,00,00,00,00,8B,94,1A,A5,00,FF,00,00,1E,B4,00,55,01,B2,C0,00,00,00,00,00,01,20,4F,00,05,11,80,B2,10,1C,00,0C,00,75,5E,4E,3F,00,FF,3C,00,23,13,80,00,FF,0203,11D1,0000,0302,00000000,0160,0018
274,genesis,zelda_v251,000F34,10,00,01,01,00,01,00,00,00,AF,00,00,00,00,00,8B,94,1A,A5,00,FF,00,00,1E,B4,00,56,01,B2,C0,00,00,00,00,00,01,20,4F,B2,49,00,39,B2,20,0F,00,FF,00,00,49,39,3F,00,FF,3C,00,23,13,80,00,FF,0203,11E5,0000,0302,00000000,0160,0018
275,genesis,zelda_v251,000F34,10,00,01,01,00,01,00,00,00,B0,00,00,00,00,00,8B,94,1A,A5,00,FF,00,00,1E,B4,00,56,01,B2,C0,00,00,00,00,00,01,20,4F,00,05,11,80,B2,10,1C,00,0C,00,75,5E,4E,3F,00,FF,3C,00,23,13,80,00,FF,0203,1201,0000,0302,00000000,0164,0018
276,genesis,zelda_v251,000F34,10,00,01,01,00,01,00,00,00,B1,00,00,00,00,00,8B,94,1A,A5,00,FF,00,00,1E,B4,00,57,01,B2,C0,00,00,00,00,00,01,20,4F,B2,49,00,39,B2,20,0F,00,FF,00,00,49,39,3F,00,FF,3C,00,23,13,80,00,FF,0203,1215,0000,0302,00000000,0164,0018
277,genesis,zelda_v251,000F34,10,00,01,01,00,01,00,00,00,B2,00,00,00,00,00,8B,94,1A,A5,00,FF,00,00,1E,B4,00,57,01,B2,C0,00,00,00,00,00,01,20,4F,00,05,11,80,B2,10,1C,00,0C,00,75,5E,4E,3F,00,FF,3C,00,23,13,20,00,FF,0203,1231,0000,0302,00000000,0168,0018
278,genesis,zelda_v251,000F34,10,00,01,01,00,01,00,00,00,B3,00,00,00,00,00,8B,94,1A,A5,00,FF,00,00,1E,B4,00,58,01,B2,C0,00,00,00,00,00,01,20,4F,B2,49,00,39,B2,20,0F,00,FF,00,00,49,39,3F,00,FF,3C,00,23,13,20,00,FF,0203,1245,0000,0302,00000000,0168,0018
279,genesis,zelda_v251,000F34,10,00,01,01,00,01,00,00,00,B4,00,00,00,00,00,8B,94,1A,A5,00,FF,00,00,1E,B4,00,58,01,B2,C0,00,00,00,00,00,01,20,4F,00,05,11,80,B2,10,1C,00,0C,00,75,5E,4E,3F,00,FF,3C,00,23,13,20,00,FF,0203,1261,0000,0302,00000000,016C,0018
280,genesis,zelda_v251,000F34,10,00,01,01,00,01,00,00,00,B5,00,00,00,00,00,8B,94,1A,A5,00,FF,00,00,1E,B4,00,59,01,B2,C0,00,00,00,00,00,01,20,4F,B2,49,00,39,B2,20,0F,00,FF,00,00,49,39,3F,00,FF,3C,00,23,13,20,00,FF,0203,1275,0000,0302,00000000,016C,0018
281,genesis,zelda_v251,000F34,10,00,01,01,00,01,00,00,00,B6,00,00,00,00,00,8B,94,1A,A5,00,FF,00,00,1E,B4,00,59,01,B2,C0,00,00,00,00,00,01,20,4F,00,05,11,80,B2,10,1C,00,0C,00,75,5E,4E,3F,00,FF,3C,00,23,13,20,00,FF,0203,1291,0000,0302,00000000,0170,0018
282,genesis,zelda_v251,000F34,10,00,01,01,00,01,00,00,00,B7,00,00,00,00,00,8B,94,1A,A5,00,FF,00,00,1E,B4,00,5A,01,B2,C0,00,00,00,00,00,01,20,4F,B2,49,00,39,B2,20,0F,00,FF,00,00,49,39,3F,00,FF,3C,00,23,13,20,00,FF,0203,12A5,0000,0302,00000000,0170,0018
283,genesis,zelda_v251,000F34,10,00,01,01,00,01,00,00,00,B8,00,00,00,00,00,8B,94,1A,A5,00,FF,00,00,1E,B4,00,5A,01,B2,C0,00,00,00,00,00,01,20,4F,00,05,11,80,B2,10,1C,00,0C,00,75,5E,4E,3F,00,FF,3C,00,23,13,7C,00,FF,0203,12C1,0000,0302,00000000,0174,0018
284,genesis,zelda_v251,000F34,10,00,01,01,00,01,00,00,00,B9,00,00,00,00,00,8B,94,1A,A5,00,FF,00,00,1E,B4,00,5B,01,B2,C0,00,00,00,00,00,01,20,4F,B2,49,00,39,B2,20,0F,00,FF,00,00,49,39,3F,00,FF,3C,00,23,13,7C,00,FF,0203,12D5,0000,0302,00000000,0174,0018
285,genesis,zelda_v251,000F34,10,00,01,01,00,01,00,00,00,BA,00,00,00,00,00,8B,94,1A,A5,00,FF,00,00,1E,B4,00,5B,01,B2,C0,00,00,00,00,00,01,20,4F,00,05,11,80,B2,10,1C,00,0C,00,75,5E,4E,3F,00,FF,3C,00,23,13,7C,00,FF,0203,12F1,0000,0302,00000000,0178,0018
286,genesis,zelda_v251,000F34,10,00,01,01,00,01,00,00,00,BB,00,00,00,00,00,8B,94,1A,A5,00,FF,00,00,1E,B4,00,5C,01,B2,C0,00,00,00,00,00,01,20,4F,B2,49,00,39,B2,20,0F,00,FF,00,00,49,39,3F,00,FF,3C,00,23,13,7C,00,FF,0203,1305,0000,0302,00000000,0178,0018
287,genesis,zelda_v251,000F34,10,00,01,01,00,01,00,00,00,BC,00,00,00,00,00,8B,94,1A,A5,00,FF,00,00,1E,B4,00,5C,01,B2,C0,00,00,00,00,00,01,20,4F,00,05,11,80,B2,10,1C,00,0C,00,75,5E,4E,3F,00,FF,3C,00,23,13,7C,00,FF,0203,1321,0000,0302,00000000,017C,0018
288,genesis,zelda_v251,000F34,10,00,01,01,00,01,00,00,00,BD,00,00,00,00,00,8B,94,1A,A5,00,FF,00,00,1E,B4,00,5D,01,B2,C0,00,00,00,00,00,01,20,4F,B2,49,00,39,B2,20,0F,00,FF,00,00,49,39,3F,00,FF,3C,00,23,13,7C,00,FF,0203,1335,0000,0302,00000000,017C,0018
289,genesis,zelda_v251,000F34,10,00,01,01,00,01,00,00,00,BE,00,00,00,00,00,8B,94,1A,A5,00,FF,00,00,1E,B4,00,5D,01,B2,C0,00,00,00,00,00,01,20,4F,00,05,11,80,B2,10,1C,00,0C,00,75,5E,4E,3F,00,FF,3C,00,23,13,00,00,FF,0203,1351,0000,0302,00000000,0180,0018
290,genesis,zelda_v251,000F34,10,00,01,01,00,01,00,00,00,BF,00,00,00,00,00,8B,94,1A,A5,00,FF,00,00,1E,B4,00,5E,01,B2,C0,00,00,00,00,00,01,20,4F,B2,49,00,39,B2,20,0F,00,FF,00,00,49,39,3F,00,FF,3C,00,23,13,00,00,FF,0203,1365,0000,0302,00000000,0180,0018
291,genesis,zelda_v251,000F34,10,00,01,01,00,01,00,00,00,C0,00,00,00,00,00,8B,94,1A,A5,00,FF,00,00,1E,B4,00,5E,01,B2,C0,00,00,00,00,00,01,20,4F,00,05,11,80,B2,10,1C,00,0C,00,75,5E,4E,3F,00,FF,3C,00,23,13,00,00,FF,0203,1381,0000,0302,00000000,0184,0018
292,genesis,zelda_v251,000F34,10,00,01,01,00,01,00,00,00,C1,00,00,00,00,00,8B,94,1A,A5,00,FF,00,00,1E,B4,00,5F,01,B2,C0,00,00,00,00,00,01,20,4F,B2,49,00,39,B2,20,0F,00,FF,00,00,49,39,3F,00,FF,3C,00,23,13,00,00,FF,0203,1395,0000,0302,00000000,0184,0018
293,genesis,zelda_v251,000F34,10,00,01,01,00,01,00,00,00,C2,00,00,00,00,00,8B,94,1A,A5,00,FF,00,00,1E,B4,00,5F,01,B2,C0,00,00,00,00,00,01,20,4F,00,05,11,80,B2,10,1C,00,0C,00,75,5E,4E,3F,00,FF,3C,00,23,13,00,00,FF,0203,13B1,0000,0302,00000000,0188,0018
294,genesis,zelda_v251,000F34,10,00,01,01,00,01,00,00,00,C3,00,00,00,00,00,8B,94,1A,A5,00,FF,00,00,1E,B4,00,60,01,B2,C0,00,00,00,00,00,01,20,4F,B2,49,00,39,B2,20,0F,00,FF,00,00,49,39,3F,00,FF,3C,00,23,13,00,00,FF,0203,13C5,0000,0302,00000000,0188,0018
295,genesis,zelda_v251,000F34,10,00,01,01,00,01,00,00,00,C4,00,00,00,00,00,8B,94,1A,A5,00,FF,00,00,1E,B4,00,60,01,B2,C0,00,00,00,00,00,01,20,4F,00,05,11,80,B2,10,1C,00,0C,00,75,5E,4E,3F,00,FF,3C,00,23,13,FF,00,FF,0203,13E1,0000,0302,00000000,018C,0018
296,genesis,zelda_v251,000F34,10,00,01,01,00,01,00,00,00,C5,00,00,00,00,00,8B,94,1A,A5,00,FF,00,00,1E,B4,00,61,01,B2,C0,00,00,00,00,00,01,20,4F,B2,49,00,39,B2,20,0F,00,FF,00,00,49,39,3F,00,FF,3C,00,23,13,FF,00,FF,0203,13F5,0000,0302,00000000,018C,0018
297,genesis,zelda_v251,000F34,10,00,01,01,00,01,00,00,00,C6,00,00,00,00,00,8B,94,1A,A5,00,FF,00,00,1E,B4,00,61,01,B2,C0,00,00,00,00,00,01,20,4F,00,05,11,80,B2,10,1C,00,0C,00,75,5E,4E,3F,00,FF,3C,00,23,13,FF,00,FF,0203,1411,0000,0302,00000000,0190,0018
298,genesis,zelda_v251,000F34,10,00,01,01,00,01,00,00,00,C7,00,00,00,00,00,8B,94,1A,A5,00,FF,00,00,1E,B4,00,62,01,B2,C0,00,00,00,00,00,01,20,4F,B2,49,00,39,B2,20,0F,00,FF,00,00,49,39,3F,00,FF,3C,00,23,13,FF,00,FF,0203,1425,0000,0302,00000000,0190,0018
299,genesis,zelda_v251,000F34,10,00,01,01,00,01,00,00,00,C8,00,00,00,00,00,8B,94,1A,A5,00,FF,00,00,1E,B4,00,62,01,B2,C0,00,00,00,00,00,01,20,4F,00,05,11,80,B2,10,1C,00,0C,00,75,5E,4E,3F,00,FF,3C,00,23,13,FF,00,FF,0203,1441,0000,0302,00000000,0194,0018
300,genesis,zelda_v251,000F34,10,00,01,01,00,01,00,00,00,C9,00,00,00,00,00,8B,94,1A,A5,00,FF,00,00,1E,B4,00,63,01,B2,C0,00,00,00,00,00,01,20,4F,B2,49,00,39,B2,20,0F,00,FF,00,00,49,39,3F,00,FF,3C,00,23,13,FF,00,FF,0203,1455,0000,0302,00000000,0194,0018
