frame,system,rom_label,pc,ram_0000_t49,ram_0002_t17,ram_0003_t18,ram_0004_t18,game_mode,screen_ready,ram_script,ram_subscript,ppu_load_index,ram_frm_cnt,cur_save_slot,rendering_flag,ram_004D,ram_next_script,ram_005C,se_ptr_lo,se_ptr_hi,ram_006C_se,ram_00F6,btn_press,btn_hold,scroll_y,scroll_x,ram_for_2001,ram_for_2000,ram_0415,ram_041A,ram_041F,ram_0421,ram_0423,spr_index_1,spr_index_2,ram_042D,ram_042E,ram_0528,ram_05F1,ram_05F4,ram_05F5,ram_music,ram_music_busy,ram_060A,ram_060B,ram_060C,ram_060D,ram_0611,ram_0612,ram_0613,ram_0616,ram_0617,ram_0619,ram_061B,ppu_buf_status,ppu_buf_index,ppu_buf_0,ppu_buf_1,ppu_buf_2,ppu_buf_3,ppu_buf_4,ppu_buf_5,ppu_buf_6,ppu_buf_7
0,nes,current_nes,0000,00,00,00,FF,00,00,00,00,FF,FF,FF,FF,FF,00,FF,FF,FF,FF,FF,00,00,FF,FF,FF,FF,FF,00,FF,00,00,00,FF,FF,FF,00,00,FF,FF,00,00,00,00,FF,FF,00,00,00,FF,FF,00,00,00,00,00,00,FF,FF,FF,FF,00,00
1,nes,current_nes,FF5C,00,00,00,FF,00,00,00,00,FF,FF,FF,FF,FF,00,FF,FF,FF,FF,FF,00,00,FF,FF,FF,FF,FF,00,FF,00,00,00,FF,FF,FF,00,00,FF,FF,00,00,00,00,FF,FF,00,00,00,FF,FF,00,00,00,00,00,00,FF,FF,FF,FF,00,00
2,nes,current_nes,FF64,00,00,00,FF,00,00,00,00,FF,FF,FF,FF,FF,00,FF,FF,FF,FF,FF,00,00,FF,FF,FF,FF,FF,00,FF,00,00,00,FF,FF,FF,00,00,FF,FF,00,00,00,00,FF,FF,00,00,00,FF,FF,00,00,00,00,00,00,FF,FF,FF,FF,00,00
3,nes,current_nes,E5BF,20,00,00,00,00,00,00,00,00,00,00,00,00,00,00,00,00,00,00,00,00,00,00,00,30,00,00,00,00,00,00,00,00,00,00,00,00,00,00,00,00,00,00,00,00,00,00,00,00,00,00,00,00,FF,00,00,00,00,00,00,00
4,nes,current_nes,E45D,28,00,00,00,00,00,00,00,00,00,00,00,00,00,00,00,00,00,00,00,00,00,00,00,B0,00,00,00,00,00,00,00,00,00,00,00,00,00,00,00,00,00,00,00,00,00,00,00,00,00,00,00,00,FF,00,00,00,00,00,00,00
5,nes,current_nes,8D28,03,92,6E,02,00,00,00,00,00,01,00,00,00,00,00,00,00,00,00,00,00,00,00,1E,30,00,00,00,00,00,00,00,00,00,00,00,00,00,00,00,00,00,00,00,00,00,00,00,00,00,00,3F,00,FF,00,00,00,00,00,00,00
6,nes,current_nes,8D1D,40,CF,70,02,00,00,00,00,00,01,00,00,00,00,00,00,00,00,00,00,00,00,00,1E,30,00,00,00,00,00,00,00,00,00,00,00,00,00,00,00,00,00,00,00,00,00,00,00,00,00,00,3F,00,FF,00,00,00,00,00,00,00
7,nes,current_nes,8D14,7C,0C,73,02,00,00,00,00,00,01,00,00,00,00,00,00,00,00,00,00,00,00,00,1E,30,00,00,00,00,00,00,00,00,00,00,00,00,00,00,00,00,00,00,00,00,00,00,00,00,00,00,3F,00,FF,00,00,00,00,00,00,00
8,nes,current_nes,8D2C,B9,49,75,02,00,00,00,00,00,01,00,00,00,00,00,00,00,00,00,00,00,00,00,1E,30,00,00,00,00,00,00,00,00,00,00,00,00,00,00,00,00,00,00,00,00,00,00,00,00,00,00,3F,00,FF,00,00,00,00,00,00,00
9,nes,current_nes,8D21,F6,85,77,02,00,00,00,00,00,01,00,00,00,00,00,00,00,00,00,00,00,00,00,1E,30,00,00,00,00,00,00,00,00,00,00,00,00,00,00,00,00,00,00,00,00,00,00,00,00,00,00,3F,00,FF,00,00,00,00,00,00,00
10,nes,current_nes,8D16,32,C2,79,02,00,00,00,00,00,01,00,00,00,00,00,00,00,00,00,00,00,00,00,1E,30,00,00,00,00,00,00,00,00,00,00,00,00,00,00,00,00,00,00,00,00,00,00,00,00,00,00,3F,00,FF,00,00,00,00,00,00,00
11,nes,current_nes,8D30,6F,FF,7B,02,00,00,00,00,00,01,00,00,00,00,00,00,00,00,00,00,00,00,00,1E,30,00,00,00,00,00,00,00,00,00,00,00,00,00,00,00,00,00,00,00,00,00,00,00,00,00,00,3F,00,FF,00,00,00,00,00,00,00
12,nes,current_nes,8D25,AC,3B,7E,02,00,00,00,00,00,01,00,00,00,00,00,00,00,00,00,00,00,00,00,1E,30,00,00,00,00,00,00,00,00,00,00,00,00,00,00,00,00,00,00,00,00,00,00,00,00,00,00,3F,00,FF,00,00,00,00,00,00,00
13,nes,current_nes,E45B,65,7D,68,7D,00,00,00,00,00,01,00,00,00,00,00,00,00,00,00,00,00,00,00,1E,B0,00,00,00,00,00,00,00,00,00,00,00,00,00,00,00,00,00,00,00,00,00,00,00,00,00,00,3F,00,FF,00,00,00,00,00,00,00
14,nes,current_nes,8056,8E,04,F1,02,00,00,00,00,00,02,00,00,00,00,00,00,00,00,00,00,00,00,00,00,30,00,00,00,00,00,00,00,00,00,00,00,00,00,00,00,00,00,00,00,00,00,00,00,00,00,00,3F,00,FF,00,00,00,00,00,00,00
15,nes,current_nes,8077,D6,02,A9,02,00,00,00,00,00,02,00,00,00,00,00,00,00,00,00,00,00,00,00,00,30,00,00,00,00,00,00,00,00,00,00,00,00,00,00,00,00,00,00,00,00,00,00,00,00,00,00,3F,00,FF,00,00,00,00,00,00,00
16,nes,current_nes,806F,10,00,6F,02,00,00,00,00,00,02,00,00,00,00,00,00,00,00,00,00,00,00,00,00,30,00,00,00,00,00,00,00,00,00,00,00,00,00,00,00,00,00,00,00,00,00,00,00,00,00,00,3F,00,FF,00,00,00,00,00,00,00
17,nes,current_nes,8058,4B,05,34,02,00,00,00,00,00,02,00,00,00,00,00,00,00,00,00,00,00,00,00,00,30,00,00,00,00,00,00,00,00,00,00,00,00,00,00,00,00,00,00,00,00,00,00,00,00,00,00,3F,00,FF,00,00,00,00,00,00,00
18,nes,current_nes,8056,93,02,EC,02,00,00,00,00,00,02,00,00,00,00,00,00,00,00,00,00,00,00,00,00,30,00,00,00,00,00,00,00,00,00,00,00,00,00,00,00,00,00,00,00,00,00,00,00,00,00,00,3F,00,FF,00,00,00,00,00,00,00
19,nes,current_nes,8073,D3,00,AC,02,00,00,00,00,00,02,00,00,00,00,00,00,00,00,00,00,00,00,00,00,30,00,00,00,00,00,00,00,00,00,00,00,00,00,00,00,00,00,00,00,00,00,00,00,00,00,00,3F,00,FF,00,00,00,00,00,00,00
20,nes,current_nes,E45C,5F,00,00,02,00,00,00,00,00,02,00,00,00,00,00,00,00,00,00,00,00,00,00,00,B0,00,00,00,00,00,00,00,00,00,00,00,00,00,00,00,00,00,00,00,00,00,00,00,00,00,00,3F,00,FF,00,00,00,00,00,00,00
21,nes,current_nes,8DA8,C3,06,F1,02,00,00,00,00,00,03,00,00,00,00,00,00,00,00,00,00,00,00,00,00,30,00,00,00,00,00,00,00,00,00,00,00,00,00,00,00,00,00,00,00,00,00,00,00,00,00,00,3F,00,FF,00,00,00,00,00,00,00
22,nes,current_nes,8DA6,0B,04,A9,02,00,00,00,00,00,03,00,00,00,00,00,00,00,00,00,00,00,00,00,00,30,00,00,00,00,00,00,00,00,00,00,00,00,00,00,00,00,00,00,00,00,00,00,00,00,00,00,3F,00,FF,00,00,00,00,00,00,00
23,nes,current_nes,8DA4,53,02,61,02,00,00,00,00,00,03,00,00,00,00,00,00,00,00,00,00,00,00,00,00,30,00,00,00,00,00,00,00,00,00,00,00,00,00,00,00,00,00,00,00,00,00,00,00,00,00,00,3F,00,FF,00,00,00,00,00,00,00
24,nes,current_nes,8D8B,86,00,2E,02,00,00,00,00,00,03,00,00,00,00,00,00,00,00,00,00,00,00,00,00,30,00,00,00,00,00,00,00,00,00,00,00,00,00,00,00,00,00,00,00,00,00,00,00,00,00,00,3F,00,FF,00,00,00,00,00,00,00
25,nes,current_nes,8DAA,C8,06,0C,02,00,00,00,00,00,03,00,00,00,00,00,00,00,00,00,00,00,00,00,00,30,00,00,00,00,00,00,00,00,00,00,00,00,00,00,00,00,00,00,00,00,00,00,00,00,00,00,3F,00,FF,00,00,00,00,00,00,00
26,nes,current_nes,8DA8,10,03,C4,02,00,00,00,00,00,03,00,00,00,00,00,00,00,00,00,00,00,00,00,00,30,00,00,00,00,00,00,00,00,00,00,00,00,00,00,00,00,00,00,00,00,00,00,00,00,00,00,3F,00,FF,00,00,00,00,00,00,00
27,nes,current_nes,8DA4,58,01,7C,02,00,00,00,00,00,03,00,00,00,00,00,00,00,00,00,00,00,00,00,00,30,00,00,00,00,00,00,00,00,00,00,00,00,00,00,00,00,00,00,00,00,00,00,00,00,00,00,3F,00,FF,00,00,00,00,00,00,00
28,nes,current_nes,E45C,D4,00,00,02,00,00,00,00,00,03,00,00,00,00,00,00,00,00,A5,00,00,00,00,00,B0,00,00,00,00,00,00,00,00,00,00,00,00,00,00,00,00,00,00,00,00,00,00,00,00,00,00,3F,00,FF,00,00,00,00,00,00,00
29,nes,current_nes,E45D,28,00,94,02,00,00,00,00,00,04,00,00,00,00,00,00,00,00,A5,00,00,00,00,00,B0,00,00,00,00,00,00,00,01,00,00,00,00,00,00,00,00,00,00,00,00,00,00,00,00,00,00,3F,00,FF,00,00,00,00,00,00,00
30,nes,current_nes,E45B,0D,12,95,02,00,00,00,00,00,05,00,00,00,00,00,00,00,00,A5,00,00,00,00,00,B0,00,00,00,00,00,00,00,02,00,00,00,00,00,00,00,00,00,00,00,00,00,00,00,00,00,00,23,23,3F,00,20,36,0F,00,10,36
31,nes,current_nes,E45D,0D,45,95,02,00,01,00,00,10,06,00,00,00,00,00,00,00,00,A5,00,00,00,00,00,B0,00,00,00,00,00,00,00,00,00,00,00,00,00,80,00,00,00,00,00,00,00,00,00,00,00,00,3F,00,FF,00,20,36,0F,00,10,36
32,nes,current_nes,E45C,34,3B,90,02,00,01,00,00,00,07,00,00,00,00,00,8B,94,1A,A5,00,00,00,00,00,B0,00,01,01,CA,C0,00,00,00,00,00,01,20,4F,00,80,02,1F,3D,50,50,1F,05,28,50,80,01,3F,00,3F,04,04,36,17,27,0F,FF
33,nes,current_nes,E45D,34,3B,90,02,00,01,00,00,00,08,00,00,00,00,00,8B,94,1A,A5,00,00,00,00,1E,B0,00,01,01,CC,C0,00,00,00,00,00,01,20,4F,00,80,02,1F,3D,50,4F,1E,04,27,4F,80,02,3F,00,FF,04,04,36,17,27,0F,FF
34,nes,current_nes,E45B,34,3B,90,02,00,01,00,00,00,09,00,00,00,00,00,8B,94,1A,A5,00,00,00,00,1E,B0,00,02,01,CE,C0,00,00,00,00,00,01,20,4F,00,80,02,1F,3D,50,4E,1D,03,26,4E,80,03,3F,00,FF,04,04,36,17,27,0F,FF
35,nes,current_nes,E45B,34,3B,90,02,00,01,00,00,00,0A,00,00,00,00,00,8B,94,1A,A5,00,00,00,00,1E,B0,00,02,01,D0,C0,00,00,00,00,00,01,20,4F,00,80,02,1F,3D,50,4D,1C,02,25,4D,80,04,3F,00,FF,04,04,36,17,27,0F,FF
36,nes,current_nes,E45B,34,3B,90,02,00,01,00,00,00,0B,00,00,00,00,00,8B,94,1A,A5,00,00,00,00,1E,B0,00,03,01,D2,C0,00,00,00,00,00,01,20,4F,00,80,02,1F,3D,50,4C,1B,01,24,4C,80,05,3F,00,FF,04,04,36,17,27,0F,FF
37,nes,current_nes,E45B,34,3B,90,02,00,01,00,00,00,0C,00,00,00,00,00,8B,94,1A,A5,00,00,00,00,1E,B0,00,03,01,D4,C0,00,00,00,00,00,01,20,4F,00,80,02,21,3D,50,4B,1A,50,23,4B,80,06,3F,00,FF,04,04,36,17,27,0F,FF
38,nes,current_nes,E45B,34,3B,90,02,00,01,00,00,00,0D,00,00,00,00,00,8B,94,1A,A5,00,00,00,00,1E,B0,00,04,01,D6,C0,00,00,00,00,00,01,20,4F,00,80,02,21,3D,50,4A,19,4F,22,4A,80,07,3F,00,3F,04,04,36,17,37,0F,FF
39,nes,current_nes,E45B,34,3B,90,02,00,01,00,00,00,0E,00,00,00,00,00,8B,94,1A,A5,00,00,00,00,1E,B0,00,04,01,D8,C0,00,00,00,00,00,01,20,4F,00,80,02,21,3D,50,49,18,4E,21,49,80,08,3F,00,FF,04,04,36,17,37,0F,FF
40,nes,current_nes,E45C,34,3B,90,02,00,01,00,00,00,0F,00,00,00,00,00,8B,94,1A,A5,00,00,00,00,1E,B0,00,05,01,DA,C0,00,00,00,00,00,01,20,4F,00,80,02,21,3D,50,48,17,4D,20,48,80,09,3F,00,FF,04,04,36,17,37,0F,FF
41,nes,current_nes,E45D,34,3B,90,02,00,01,00,00,00,10,00,00,00,00,00,8B,94,1A,A5,00,00,00,00,1E,B0,00,05,01,DC,C0,00,00,00,00,00,01,20,4F,00,80,02,21,3D,50,47,16,4C,1F,47,80,0A,3F,00,FF,04,04,36,17,37,0F,FF
42,nes,current_nes,E45C,34,3B,90,02,00,01,00,00,00,11,00,00,00,00,00,8B,94,1A,A5,00,00,00,00,1E,B0,00,06,01,DE,C0,00,00,00,00,00,01,20,4F,00,80,02,21,3D,50,46,15,4B,1E,46,80,0B,3F,00,FF,04,04,36,17,37,0F,FF
43,nes,current_nes,E45B,34,3B,90,02,00,01,00,00,00,12,00,00,00,00,00,8B,94,1A,A5,00,00,00,00,1E,B0,00,06,01,E0,C0,00,00,00,00,00,01,20,4F,00,80,02,21,3D,50,45,14,4A,1D,45,80,0C,3F,00,FF,04,04,36,17,37,0F,FF
44,nes,current_nes,E45C,34,3B,90,02,00,01,00,00,00,13,00,00,00,00,00,8B,94,1A,A5,00,00,00,00,1E,B0,00,07,01,E2,C0,00,00,00,00,00,01,20,4F,00,80,02,21,3D,50,44,13,49,1C,44,80,0D,3F,00,3F,04,04,36,17,37,0F,FF
45,nes,current_nes,E45C,34,3B,90,02,00,01,00,00,00,14,00,00,00,00,00,8B,94,1A,A5,00,00,00,00,1E,B0,00,07,01,B2,C0,00,00,00,00,00,01,20,4F,00,80,02,21,3D,50,43,12,48,1B,43,80,0E,3F,00,FF,04,04,36,17,37,0F,FF
46,nes,current_nes,E45C,34,3B,90,02,00,01,00,00,00,15,00,00,00,00,00,8B,94,1A,A5,00,00,00,00,1E,B0,00,08,01,B4,C0,00,00,00,00,00,01,20,4F,00,80,02,21,3D,50,42,11,47,1A,42,80,0F,3F,00,FF,04,04,36,17,37,0F,FF
47,nes,current_nes,E45B,34,3B,90,02,00,01,00,00,00,16,00,00,00,00,00,8B,94,1A,A5,00,00,00,00,1E,B0,00,08,01,B6,C0,00,00,00,00,00,01,20,4F,00,80,02,21,3D,50,41,10,46,19,41,80,10,3F,00,FF,04,04,36,17,37,0F,FF
48,nes,current_nes,E45D,34,3B,90,02,00,01,00,00,00,17,00,00,00,00,00,8B,94,1A,A5,00,00,00,00,1E,B0,00,09,01,B8,C0,00,00,00,00,00,01,20,4F,00,80,02,21,3D,50,40,0F,45,18,40,80,11,3F,00,FF,04,04,36,17,37,0F,FF
49,nes,current_nes,E45C,34,3B,90,02,00,01,00,00,00,18,00,00,00,00,00,8B,94,1A,A5,00,00,00,00,1E,B0,00,09,01,BA,C0,00,00,00,00,00,01,20,4F,00,80,02,21,3D,50,3F,0E,44,17,3F,80,12,3F,00,FF,04,04,36,17,37,0F,FF
50,nes,current_nes,E45B,34,3B,90,02,00,01,00,00,00,19,00,00,00,00,00,8B,94,1A,A5,00,00,00,00,1E,B0,00,0A,01,BC,C0,00,00,00,00,00,01,20,4F,00,80,02,21,3D,50,3E,0D,43,16,3E,80,13,3F,00,3F,04,04,36,17,27,0F,FF
51,nes,current_nes,E45B,34,3B,90,02,00,01,00,00,00,1A,00,00,00,00,00,8B,94,1A,A5,00,00,00,00,1E,B0,00,0A,01,BE,C0,00,00,00,00,00,01,20,4F,00,80,02,21,3D,50,3D,0C,42,15,3D,80,14,3F,00,FF,04,04,36,17,27,0F,FF
52,nes,current_nes,E45C,34,3B,90,02,00,01,00,00,00,1B,00,00,00,00,00,8B,94,1A,A5,00,00,00,00,1E,B0,00,0B,01,C0,C0,00,00,00,00,00,01,20,4F,00,80,02,21,3D,50,3C,0B,41,14,3C,80,15,3F,00,FF,04,04,36,17,27,0F,FF
53,nes,current_nes,E45C,34,3B,90,02,00,01,00,00,00,1C,00,00,00,00,00,8B,94,1A,A5,00,00,00,00,1E,B0,00,0B,01,C2,C0,00,00,00,00,00,01,20,4F,00,80,02,21,3D,50,3B,0A,40,13,3B,80,16,3F,00,FF,04,04,36,17,27,0F,FF
54,nes,current_nes,E45C,34,3B,90,02,00,01,00,00,00,1D,00,00,00,00,00,8B,94,1A,A5,00,00,00,00,1E,B0,00,0C,01,C4,C0,00,00,00,00,00,01,20,4F,00,80,02,21,3D,50,3A,09,3F,12,3A,80,17,3F,00,FF,04,04,36,17,27,0F,FF
55,nes,current_nes,E45D,34,3B,90,02,00,01,00,00,00,1E,00,00,00,00,00,8B,94,1A,A5,00,00,00,00,1E,B0,00,0C,01,C6,C0,00,00,00,00,00,01,20,4F,00,80,02,21,3D,50,39,08,3E,11,39,80,18,3F,00,FF,04,04,36,17,27,0F,FF
56,nes,current_nes,E45D,34,3B,90,02,00,01,00,00,00,1F,00,00,00,00,00,8B,94,1A,A5,00,00,00,00,1E,B0,00,0D,01,C8,C0,00,00,00,00,00,01,20,4F,00,80,02,21,3D,50,38,07,3D,10,38,80,19,3F,00,3F,04,04,36,17,17,0F,FF
57,nes,current_nes,E45B,34,3B,90,02,00,01,00,00,00,20,00,00,00,00,00,8B,94,1A,A5,00,00,00,00,1E,B0,00,0D,01,CA,C0,00,00,00,00,00,01,20,4F,00,80,02,21,3D,50,37,06,3C,0F,37,80,1A,3F,00,FF,04,04,36,17,17,0F,FF
58,nes,current_nes,E45B,34,3B,90,02,00,01,00,00,00,21,00,00,00,00,00,8B,94,1A,A5,00,00,00,00,1E,B0,00,0E,01,CC,C0,00,00,00,00,00,01,20,4F,00,80,02,21,3D,50,36,05,3B,0E,36,80,1B,3F,00,FF,04,04,36,17,17,0F,FF
59,nes,current_nes,E45B,34,3B,90,02,00,01,00,00,00,22,00,00,00,00,00,8B,94,1A,A5,00,00,00,00,1E,B0,00,0E,01,CE,C0,00,00,00,00,00,01,20,4F,00,80,02,21,3D,50,35,04,3A,0D,35,80,1C,3F,00,FF,04,04,36,17,17,0F,FF
60,nes,current_nes,E45D,34,3B,90,02,00,01,00,00,00,23,00,00,00,00,00,8B,94,1A,A5,00,00,00,00,1E,B0,00,0F,01,D0,C0,00,00,00,00,00,01,20,4F,00,80,02,21,3D,50,34,03,39,0C,34,80,1D,3F,00,FF,04,04,36,17,17,0F,FF
61,nes,current_nes,E45D,34,3B,90,02,00,01,00,00,00,24,00,00,00,00,00,8B,94,1A,A5,00,00,00,00,1E,B0,00,0F,01,D2,C0,00,00,00,00,00,01,20,4F,00,80,02,21,3D,50,33,02,38,0B,33,80,1E,3F,00,FF,04,04,36,17,17,0F,FF
62,nes,current_nes,E45D,34,3B,90,02,00,01,00,00,00,25,00,00,00,00,00,8B,94,1A,A5,00,00,00,00,1E,B0,00,10,01,D4,C0,00,00,00,00,00,01,20,4F,00,80,02,21,3D,50,32,01,37,0A,32,80,1F,3F,00,3F,04,04,36,17,07,0F,FF
63,nes,current_nes,E45C,34,3B,90,02,00,01,00,00,00,26,00,00,00,00,00,8B,94,1A,A5,00,00,00,00,1E,B0,00,10,01,D6,C0,00,00,00,00,00,01,20,4F,00,80,02,21,3D,50,31,00,36,09,31,80,20,3F,00,FF,04,04,36,17,07,0F,FF
64,nes,current_nes,E45D,34,3B,90,02,00,01,00,00,00,27,00,00,00,00,00,8B,94,1A,A5,00,00,00,00,1E,B0,00,11,01,D8,C0,00,00,00,00,00,01,20,4F,00,80,02,21,3D,50,30,00,35,08,30,80,21,3F,00,FF,04,04,36,17,07,0F,FF
65,nes,current_nes,E45C,34,3B,90,02,00,01,00,00,00,28,00,00,00,00,00,8B,94,1A,A5,00,00,00,00,1E,B0,00,11,01,DA,C0,00,00,00,00,00,01,20,4F,00,80,02,21,3D,50,2F,00,34,07,2F,80,22,3F,00,FF,04,04,36,17,07,0F,FF
66,nes,current_nes,E45B,34,3B,90,02,00,01,00,00,00,29,00,00,00,00,00,8B,94,1A,A5,00,00,00,00,1E,B0,00,12,01,DC,C0,00,00,00,00,00,01,20,4F,00,80,02,21,3D,50,2E,00,33,06,2E,80,23,3F,00,FF,04,04,36,17,07,0F,FF
67,nes,current_nes,E45D,34,3B,90,02,00,01,00,00,00,2A,00,00,00,00,00,8B,94,1A,A5,00,00,00,00,1E,B0,00,12,01,DE,C0,00,00,00,00,00,01,20,4F,00,80,02,21,3D,50,2D,00,32,05,2D,80,24,3F,00,FF,04,04,36,17,07,0F,FF
68,nes,current_nes,E45B,34,3B,90,02,00,01,00,00,00,2B,00,00,00,00,00,8B,94,1A,A5,00,00,00,00,1E,B0,00,13,01,E0,C0,00,00,00,00,00,01,20,4F,00,80,02,21,3D,50,2C,00,31,04,2C,80,25,3F,00,3F,04,04,36,17,07,0F,FF
69,nes,current_nes,E45B,34,3B,90,02,00,01,00,00,00,2C,00,00,00,00,00,8B,94,1A,A5,00,00,00,00,1E,B0,00,13,01,E2,C0,00,00,00,00,00,01,20,4F,00,80,02,21,3D,50,2B,00,30,03,2B,80,26,3F,00,FF,04,04,36,17,07,0F,FF
70,nes,current_nes,E45B,34,3B,90,02,00,01,00,00,00,2D,00,00,00,00,00,8B,94,1A,A5,00,00,00,00,1E,B0,00,14,01,B2,C0,00,00,00,00,00,01,20,4F,00,80,02,21,3D,50,2A,00,2F,02,2A,80,27,3F,00,FF,04,04,36,17,07,0F,FF
71,nes,current_nes,E45C,34,3B,90,02,00,01,00,00,00,2E,00,00,00,00,00,8B,94,1A,A5,00,00,00,00,1E,B0,00,14,01,B4,C0,00,00,00,00,00,01,20,4F,00,80,02,21,3D,50,29,00,2E,01,29,80,28,3F,00,FF,04,04,36,17,07,0F,FF
72,nes,current_nes,E45B,34,3B,90,02,00,01,00,00,00,2F,00,00,00,00,00,8B,94,1A,A5,00,00,00,00,1E,B0,00,15,01,B6,C0,00,00,00,00,00,01,20,4F,00,80,02,21,3E,50,28,00,2D,28,28,80,29,3F,00,FF,04,04,36,17,07,0F,FF
73,nes,current_nes,E45D,34,3B,90,02,00,01,00,00,00,30,00,00,00,00,00,8B,94,1A,A5,00,00,00,00,1E,B0,00,15,01,B8,C0,00,00,00,00,00,01,20,4F,00,80,02,21,3E,50,27,00,2C,27,27,80,2A,3F,00,FF,04,04,36,17,07,0F,FF
74,nes,current_nes,E45B,34,3B,90,02,00,01,00,00,00,31,00,00,00,00,00,8B,94,1A,A5,00,00,00,00,1E,B0,00,16,01,BA,C0,00,00,00,00,00,01,20,4F,00,80,02,21,3E,50,26,00,2B,26,26,80,2B,3F,00,3F,04,04,36,17,17,0F,FF
75,nes,current_nes,E45C,34,3B,90,02,00,01,00,00,00,32,00,00,00,00,00,8B,94,1A,A5,00,00,00,00,1E,B0,00,16,01,BC,C0,00,00,00,00,00,01,20,4F,00,80,02,21,3E,50,25,00,2A,25,25,80,2C,3F,00,FF,04,04,36,17,17,0F,FF
76,nes,current_nes,E45D,34,3B,90,02,00,01,00,00,00,33,00,00,00,00,00,8B,94,1A,A5,00,00,00,00,1E,B0,00,17,01,BE,C0,00,00,00,00,00,01,20,4F,00,80,02,21,3E,50,24,00,29,24,24,80,2D,3F,00,FF,04,04,36,17,17,0F,FF
77,nes,current_nes,E45D,34,3B,90,02,00,01,00,00,00,34,00,00,00,00,00,8B,94,1A,A5,00,00,00,00,1E,B0,00,17,01,C0,C0,00,00,00,00,00,01,20,4F,00,80,02,21,3E,50,23,00,28,23,23,80,2E,3F,00,FF,04,04,36,17,17,0F,FF
78,nes,current_nes,E45B,34,3B,90,02,00,01,00,00,00,35,00,00,00,00,00,8B,94,1A,A5,00,00,00,00,1E,B0,00,18,01,C2,C0,00,00,00,00,00,01,20,4F,00,80,02,21,3E,50,22,00,27,22,22,80,2F,3F,00,FF,04,04,36,17,17,0F,FF
79,nes,current_nes,E45D,34,3B,90,02,00,01,00,00,00,36,00,00,00,00,00,8B,94,1A,A5,00,00,00,00,1E,B0,00,18,01,C4,C0,00,00,00,00,00,01,20,4F,00,80,02,21,3E,50,21,00,26,21,21,80,30,3F,00,FF,04,04,36,17,17,0F,FF
80,nes,current_nes,E45D,34,3B,90,02,00,01,00,00,00,37,00,00,00,00,00,8B,94,1A,A5,00,00,00,00,1E,B0,00,19,01,C6,C0,00,00,00,00,00,01,20,4F,00,80,02,21,3E,50,20,00,25,20,20,80,31,3F,00,FF,04,04,36,17,17,0F,FF
81,nes,current_nes,E45B,34,3B,90,02,00,01,00,00,00,38,00,00,00,00,00,8B,94,1A,A5,00,00,00,00,1E,B0,00,19,01,C8,C0,00,00,00,00,00,01,20,4F,00,80,02,21,3E,50,1F,00,24,1F,1F,80,32,3F,00,FF,04,04,36,17,17,0F,FF
82,nes,current_nes,E45B,34,3B,90,02,00,01,00,00,00,39,00,00,00,00,00,8B,94,1A,A5,00,00,00,00,1E,B0,00,1A,01,CA,C0,00,00,00,00,00,01,20,4F,00,80,02,21,3E,50,1E,00,23,1E,1E,80,33,3F,00,FF,04,04,36,17,17,0F,FF
83,nes,current_nes,E45B,34,3B,90,02,00,01,00,00,00,3A,00,00,00,00,00,8B,94,1A,A5,00,00,00,00,1E,B0,00,1A,01,CC,C0,00,00,00,00,00,01,20,4F,00,80,02,21,3E,50,1D,00,22,1D,1D,80,34,3F,00,FF,04,04,36,17,17,0F,FF
84,nes,current_nes,E45B,34,3B,90,02,00,01,00,00,00,3B,00,00,00,00,00,8B,94,1A,A5,00,00,00,00,1E,B0,00,1B,01,CE,C0,00,00,00,00,00,01,20,4F,00,80,02,21,3E,50,1C,00,21,1C,1C,80,35,3F,00,FF,04,04,36,17,17,0F,FF
85,nes,current_nes,E45C,34,3B,90,02,00,01,00,00,00,3C,00,00,00,00,00,8B,94,1A,A5,00,00,00,00,1E,B0,00,1B,01,D0,C0,00,00,00,00,00,01,20,4F,00,80,02,21,3E,50,1B,00,20,1B,1B,80,36,3F,00,FF,04,04,36,17,17,0F,FF
86,nes,current_nes,E45C,34,3B,90,02,00,01,00,00,00,3D,00,00,00,00,00,8B,94,1A,A5,00,00,00,00,1E,B0,00,1C,01,D2,C0,00,00,00,00,00,01,20,4F,00,80,02,21,3E,50,1A,00,1F,1A,1A,80,37,3F,00,FF,04,04,36,17,17,0F,FF
87,nes,current_nes,E45D,34,3B,90,02,00,01,00,00,00,3E,00,00,00,00,00,8B,94,1A,A5,00,00,00,00,1E,B0,00,1C,01,D4,C0,00,00,00,00,00,01,20,4F,00,80,02,21,3E,50,19,00,1E,19,19,80,38,3F,00,FF,04,04,36,17,17,0F,FF
88,nes,current_nes,E45D,34,3B,90,02,00,01,00,00,00,3F,00,00,00,00,00,8B,94,1A,A5,00,00,00,00,1E,B0,00,1D,01,D6,C0,00,00,00,00,00,01,20,4F,00,80,02,21,3E,50,18,00,1D,18,18,80,39,3F,00,FF,04,04,36,17,17,0F,FF
89,nes,current_nes,E45D,34,3B,90,02,00,01,00,00,00,40,00,00,00,00,00,8B,94,1A,A5,00,00,00,00,1E,B0,00,1D,01,D8,C0,00,00,00,00,00,01,20,4F,00,80,02,21,3E,50,17,00,1C,17,17,80,3A,3F,00,FF,04,04,36,17,17,0F,FF
90,nes,current_nes,E45B,34,3B,90,02,00,01,00,00,00,41,00,00,00,00,00,8B,94,1A,A5,00,00,00,00,1E,B0,00,1E,01,DA,C0,00,00,00,00,00,01,20,4F,00,80,02,21,3E,50,16,00,1B,16,16,80,3B,3F,00,3F,04,04,36,17,27,0F,FF
91,nes,current_nes,E45D,34,3B,90,02,00,01,00,00,00,42,00,00,00,00,00,8B,94,1A,A5,00,00,00,00,1E,B0,00,1E,01,DC,C0,00,00,00,00,00,01,20,4F,00,80,02,21,3E,50,15,00,1A,15,15,80,3C,3F,00,FF,04,04,36,17,27,0F,FF
92,nes,current_nes,E45B,34,3B,90,02,00,01,00,00,00,43,00,00,00,00,00,8B,94,1A,A5,00,00,00,00,1E,B0,00,1F,01,DE,C0,00,00,00,00,00,01,20,4F,00,80,02,21,3E,50,14,00,19,14,14,80,3D,3F,00,FF,04,04,36,17,27,0F,FF
93,nes,current_nes,E45B,34,3B,90,02,00,01,00,00,00,44,00,00,00,00,00,8B,94,1A,A5,00,00,00,00,1E,B0,00,1F,01,E0,C0,00,00,00,00,00,01,20,4F,00,80,02,21,3E,50,13,00,18,13,13,80,3E,3F,00,FF,04,04,36,17,27,0F,FF
94,nes,current_nes,E45B,34,3B,90,02,00,01,00,00,00,45,00,00,00,00,00,8B,94,1A,A5,00,00,00,00,1E,B0,00,20,01,E2,C0,00,00,00,00,00,01,20,4F,00,80,02,21,3E,50,12,00,17,12,12,80,3F,3F,00,FF,04,04,36,17,27,0F,FF
95,nes,current_nes,E45B,34,3B,90,02,00,01,00,00,00,46,00,00,00,00,00,8B,94,1A,A5,00,00,00,00,1E,B0,00,20,01,B2,C0,00,00,00,00,00,01,20,4F,00,80,02,21,3E,50,11,00,16,11,11,80,40,3F,00,FF,04,04,36,17,27,0F,FF
96,nes,current_nes,E45B,34,3B,90,02,00,01,00,00,00,47,00,00,00,00,00,8B,94,1A,A5,00,00,00,00,1E,B0,00,21,01,B4,C0,00,00,00,00,00,01,20,4F,00,80,02,21,3E,50,10,00,15,10,10,80,41,3F,00,3F,04,04,36,17,37,0F,FF
97,nes,current_nes,E45D,34,3B,90,02,00,01,00,00,00,48,00,00,00,00,00,8B,94,1A,A5,00,00,00,00,1E,B0,00,21,01,B6,C0,00,00,00,00,00,01,20,4F,00,80,02,21,3E,50,0F,00,14,0F,0F,80,42,3F,00,FF,04,04,36,17,37,0F,FF
98,nes,current_nes,E45B,34,3B,90,02,00,01,00,00,00,49,00,00,00,00,00,8B,94,1A,A5,00,00,00,00,1E,B0,00,22,01,B8,C0,00,00,00,00,00,01,20,4F,00,80,02,21,3E,50,0E,00,13,0E,0E,80,43,3F,00,FF,04,04,36,17,37,0F,FF
99,nes,current_nes,E45C,34,3B,90,02,00,01,00,00,00,4A,00,00,00,00,00,8B,94,1A,A5,00,00,00,00,1E,B0,00,22,01,BA,C0,00,00,00,00,00,01,20,4F,00,80,02,21,3E,50,0D,00,12,0D,0D,80,44,3F,00,FF,04,04,36,17,37,0F,FF
100,nes,current_nes,E45D,34,3B,90,02,00,01,00,00,00,4B,00,00,00,00,00,8B,94,1A,A5,00,00,00,00,1E,B0,00,23,01,BC,C0,00,00,00,00,00,01,20,4F,00,80,02,21,3E,50,0C,00,11,0C,0C,80,45,3F,00,FF,04,04,36,17,37,0F,FF
101,nes,current_nes,E45B,34,3B,90,02,00,01,00,00,00,4C,00,00,00,00,00,8B,94,1A,A5,00,00,00,00,1E,B0,00,23,01,BE,C0,00,00,00,00,00,01,20,4F,00,80,02,21,3E,50,0B,00,10,0B,0B,80,46,3F,00,FF,04,04,36,17,37,0F,FF
102,nes,current_nes,E45B,34,3B,90,02,00,01,00,00,00,4D,00,00,00,00,00,8B,94,1A,A5,00,00,00,00,1E,B0,00,24,01,C0,C0,00,00,00,00,00,01,20,4F,00,80,02,21,3E,50,0A,00,0F,0A,0A,80,47,3F,00,3F,04,04,36,17,37,0F,FF
103,nes,current_nes,E45B,34,3B,90,02,00,01,00,00,00,4E,00,00,00,00,00,8B,94,1A,A5,00,00,00,00,1E,B0,00,24,01,C2,C0,00,00,00,00,00,01,20,4F,00,80,02,21,3E,50,09,00,0E,09,09,80,48,3F,00,FF,04,04,36,17,37,0F,FF
104,nes,current_nes,E45D,34,3B,90,02,00,01,00,00,00,4F,00,00,00,00,00,8B,94,1A,A5,00,00,00,00,1E,B0,00,25,01,C4,C0,00,00,00,00,00,01,20,4F,00,80,02,21,3E,50,08,00,0D,08,08,80,49,3F,00,FF,04,04,36,17,37,0F,FF
105,nes,current_nes,E45D,34,3B,90,02,00,01,00,00,00,50,00,00,00,00,00,8B,94,1A,A5,00,00,00,00,1E,B0,00,25,01,C6,C0,00,00,00,00,00,01,20,4F,00,80,02,21,3E,50,07,00,0C,07,07,80,4A,3F,00,FF,04,04,36,17,37,0F,FF
106,nes,current_nes,E45B,34,3B,90,02,00,01,00,00,00,51,00,00,00,00,00,8B,94,1A,A5,00,00,00,00,1E,B0,00,26,01,C8,C0,00,00,00,00,00,01,20,4F,00,80,02,21,3E,50,06,00,0B,06,06,80,4B,3F,00,FF,04,04,36,17,37,0F,FF
107,nes,current_nes,E45C,34,3B,90,02,00,01,00,00,00,52,00,00,00,00,00,8B,94,1A,A5,00,00,00,00,1E,B0,00,26,01,CA,C0,00,00,00,00,00,01,20,4F,00,80,02,21,3E,50,05,00,0A,05,05,80,4C,3F,00,FF,04,04,36,17,37,0F,FF
108,nes,current_nes,E45B,34,3B,90,02,00,01,00,00,00,53,00,00,00,00,00,8B,94,1A,A5,00,00,00,00,1E,B0,00,27,01,CC,C0,00,00,00,00,00,01,20,4F,00,80,02,21,3E,50,04,00,09,04,04,80,4D,3F,00,3F,04,04,36,17,27,0F,FF
109,nes,current_nes,E45B,34,3B,90,02,00,01,00,00,00,54,00,00,00,00,00,8B,94,1A,A5,00,00,00,00,1E,B0,00,27,01,CE,C0,00,00,00,00,00,01,20,4F,00,80,02,21,3E,50,03,00,08,03,03,80,4E,3F,00,FF,04,04,36,17,27,0F,FF
110,nes,current_nes,E45B,34,3B,90,02,00,01,00,00,00,55,00,00,00,00,00,8B,94,1A,A5,00,00,00,00,1E,B0,00,28,01,D0,C0,00,00,00,00,00,01,20,4F,00,80,02,21,3E,50,02,00,07,02,02,80,4F,3F,00,FF,04,04,36,17,27,0F,FF
111,nes,current_nes,E45D,34,3B,90,02,00,01,00,00,00,56,00,00,00,00,00,8B,94,1A,A5,00,00,00,00,1E,B0,00,28,01,D2,C0,00,00,00,00,00,01,20,4F,00,80,02,21,3E,50,01,00,06,01,01,80,50,3F,00,FF,04,04,36,17,27,0F,FF
112,nes,current_nes,E45D,34,3B,90,02,00,01,00,00,00,57,00,00,00,00,00,8B,94,1A,A5,00,00,00,00,1E,B0,00,29,01,D4,C0,00,00,00,00,00,01,20,4F,00,80,04,21,40,50,14,00,05,50,50,80,01,3F,00,FF,04,04,36,17,27,0F,FF
113,nes,current_nes,E45C,34,3B,90,02,00,01,00,00,00,58,00,00,00,00,00,8B,94,1A,A5,00,00,00,00,1E,B0,00,29,01,D6,C0,00,00,00,00,00,01,20,4F,00,80,04,21,40,50,13,00,04,4F,4F,80,02,3F,00,FF,04,04,36,17,27,0F,FF
114,nes,current_nes,E45B,34,3B,90,02,00,01,00,00,00,59,00,00,00,00,00,8B,94,1A,A5,00,00,00,00,1E,B0,00,2A,01,D8,C0,00,00,00,00,00,01,20,4F,00,80,04,21,40,50,12,00,03,4E,4E,80,03,3F,00,3F,04,04,36,17,17,0F,FF
115,nes,current_nes,E45B,34,3B,90,02,00,01,00,00,00,5A,00,00,00,00,00,8B,94,1A,A5,00,00,00,00,1E,B0,00,2A,01,DA,C0,00,00,00,00,00,01,20,4F,00,80,04,21,40,50,11,00,02,4D,4D,80,04,3F,00,FF,04,04,36,17,17,0F,FF
116,nes,current_nes,E45C,34,3B,90,02,00,01,00,00,00,5B,00,00,00,00,00,8B,94,1A,A5,00,00,00,00,1E,B0,00,2B,01,DC,C0,00,00,00,00,00,01,20,4F,00,80,04,21,40,50,10,00,01,4C,4C,80,05,3F,00,FF,04,04,36,17,17,0F,FF
117,nes,current_nes,E45D,34,3B,90,02,00,01,00,00,00,5C,00,00,00,00,00,8B,94,1A,A5,00,00,00,00,1E,B0,00,2B,01,DE,C0,00,00,00,00,00,01,20,4F,00,80,04,23,40,50,0F,00,14,4B,4B,80,06,3F,00,FF,04,04,36,17,17,0F,FF
118,nes,current_nes,E45D,34,3B,90,02,00,01,00,00,00,5D,00,00,00,00,00,8B,94,1A,A5,00,00,00,00,1E,B0,00,2C,01,E0,C0,00,00,00,00,00,01,20,4F,00,80,04,23,40,50,0E,00,13,4A,4A,80,07,3F,00,FF,04,04,36,17,17,0F,FF
119,nes,current_nes,E45D,34,3B,90,02,00,01,00,00,00,5E,00,00,00,00,00,8B,94,1A,A5,00,00,00,00,1E,B0,00,2C,01,E2,C0,00,00,00,00,00,01,20,4F,00,80,04,23,40,50,0D,00,12,49,49,80,08,3F,00,FF,04,04,36,17,17,0F,FF
120,nes,current_nes,E45C,34,3B,90,02,00,01,00,00,00,5F,00,00,00,00,00,8B,94,1A,A5,00,00,00,00,1E,B0,00,2D,01,B2,C0,00,00,00,00,00,01,20,4F,00,80,04,23,40,50,0C,00,11,48,48,80,09,3F,00,3F,04,04,36,17,07,0F,FF
121,nes,current_nes,E45D,34,3B,90,02,00,01,00,00,00,60,00,00,00,00,00,8B,94,1A,A5,00,00,00,00,1E,B0,00,2D,01,B4,C0,00,00,00,00,00,01,20,4F,00,80,04,23,40,50,0B,00,10,47,47,80,0A,3F,00,FF,04,04,36,17,07,0F,FF
122,nes,current_nes,E45B,34,3B,90,02,00,01,00,00,00,61,00,00,00,00,00,8B,94,1A,A5,00,00,00,00,1E,B0,00,2E,01,B6,C0,00,00,00,00,00,01,20,4F,00,80,04,23,40,50,0A,00,0F,46,46,80,0B,3F,00,FF,04,04,36,17,07,0F,FF
123,nes,current_nes,E45B,34,3B,90,02,00,01,00,00,00,62,00,00,00,00,00,8B,94,1A,A5,00,00,00,00,1E,B0,00,2E,01,B8,C0,00,00,00,00,00,01,20,4F,00,80,04,23,40,50,09,00,0E,45,45,80,0C,3F,00,FF,04,04,36,17,07,0F,FF
124,nes,current_nes,E45B,34,3B,90,02,00,01,00,00,00,63,00,00,00,00,00,8B,94,1A,A5,00,00,00,00,1E,B0,00,2F,01,BA,C0,00,00,00,00,00,01,20,4F,00,80,04,23,40,50,08,00,0D,44,44,80,0D,3F,00,FF,04,04,36,17,07,0F,FF
125,nes,current_nes,E45D,34,3B,90,02,00,01,00,00,00,64,00,00,00,00,00,8B,94,1A,A5,00,00,00,00,1E,B0,00,2F,01,BC,C0,00,00,00,00,00,01,20,4F,00,80,04,23,40,50,07,00,0C,43,43,80,0E,3F,00,FF,04,04,36,17,07,0F,FF
126,nes,current_nes,E45B,34,3B,90,02,00,01,00,00,00,65,00,00,00,00,00,8B,94,1A,A5,00,00,00,00,1E,B0,00,30,01,BE,C0,00,00,00,00,00,01,20,4F,00,80,04,23,40,50,06,00,0B,42,42,80,0F,3F,00,3F,04,04,36,17,07,0F,FF
127,nes,current_nes,E45C,34,3B,90,02,00,01,00,00,00,66,00,00,00,00,00,8B,94,1A,A5,00,00,00,00,1E,B0,00,30,01,C0,C0,00,00,00,00,00,01,20,4F,00,80,04,23,40,50,05,00,0A,41,41,80,10,3F,00,FF,04,04,36,17,07,0F,FF
128,nes,current_nes,E45B,34,3B,90,02,00,01,00,00,00,67,00,00,00,00,00,8B,94,1A,A5,00,00,00,00,1E,B0,00,31,01,C2,C0,00,00,00,00,00,01,20,4F,00,80,04,23,40,50,04,00,09,40,40,80,11,3F,00,FF,04,04,36,17,07,0F,FF
129,nes,current_nes,E45B,34,3B,90,02,00,01,00,00,00,68,00,00,00,00,00,8B,94,1A,A5,00,00,00,00,1E,B0,00,31,01,C4,C0,00,00,00,00,00,01,20,4F,00,80,04,23,40,50,03,00,08,3F,3F,80,12,3F,00,FF,04,04,36,17,07,0F,FF
130,nes,current_nes,E45C,34,3B,90,02,00,01,00,00,00,69,00,00,00,00,00,8B,94,1A,A5,00,00,00,00,1E,B0,00,32,01,C6,C0,00,00,00,00,00,01,20,4F,00,80,04,23,40,50,02,00,07,3E,3E,80,13,3F,00,FF,04,04,36,17,07,0F,FF
131,nes,current_nes,E45C,34,3B,90,02,00,01,00,00,00,6A,00,00,00,00,00,8B,94,1A,A5,00,00,00,00,1E,B0,00,32,01,C8,C0,00,00,00,00,00,01,20,4F,00,80,04,23,40,50,01,00,06,3D,3D,80,14,3F,00,FF,04,04,36,17,07,0F,FF
132,nes,current_nes,E45D,34,3B,90,02,00,01,00,00,00,6B,00,00,00,00,00,8B,94,1A,A5,00,00,00,00,1E,B0,00,33,01,CA,C0,00,00,00,00,00,01,20,4F,00,80,05,23,40,50,14,1F,05,3C,3C,80,01,3F,00,3F,04,04,36,17,17,0F,FF
133,nes,current_nes,E45C,34,3B,90,02,00,01,00,00,00,6C,00,00,00,00,00,8B,94,1A,A5,00,00,00,00,1E,B0,00,33,01,CC,C0,00,00,00,00,00,01,20,4F,00,80,05,23,40,50,13,1E,04,3B,3B,80,02,3F,00,FF,04,04,36,17,17,0F,FF
134,nes,current_nes,E45B,34,3B,90,02,00,01,00,00,00,6D,00,00,00,00,00,8B,94,1A,A5,00,00,00,00,1E,B0,00,34,01,CE,C0,00,00,00,00,00,01,20,4F,00,80,05,23,40,50,12,1D,03,3A,3A,80,03,3F,00,FF,04,04,36,17,17,0F,FF
135,nes,current_nes,E45C,34,3B,90,02,00,01,00,00,00,6E,00,00,00,00,00,8B,94,1A,A5,00,00,00,00,1E,B0,00,34,01,D0,C0,00,00,00,00,00,01,20,4F,00,80,05,23,40,50,11,1C,02,39,39,80,04,3F,00,FF,04,04,36,17,17,0F,FF
136,nes,current_nes,E45D,34,3B,90,02,00,01,00,00,00,6F,00,00,00,00,00,8B,94,1A,A5,00,00,00,00,1E,B0,00,35,01,D2,C0,00,00,00,00,00,01,20,4F,00,80,05,23,40,50,10,1B,01,38,38,80,05,3F,00,FF,04,04,36,17,17,0F,FF
137,nes,current_nes,E45C,34,3B,90,02,00,01,00,00,00,70,00,00,00,00,00,8B,94,1A,A5,00,00,00,00,1E,B0,00,35,01,D4,C0,00,00,00,00,00,01,20,4F,00,80,05,24,40,50,0F,1A,14,37,37,80,06,3F,00,FF,04,04,36,17,17,0F,FF
138,nes,current_nes,E45B,34,3B,90,02,00,01,00,00,00,71,00,00,00,00,00,8B,94,1A,A5,00,00,00,00,1E,B0,00,36,01,D6,C0,00,00,00,00,00,01,20,4F,00,80,05,24,40,50,0E,19,13,36,36,80,07,3F,00,FF,04,04,36,17,17,0F,FF
139,nes,current_nes,E45D,34,3B,90,02,00,01,00,00,00,72,00,00,00,00,00,8B,94,1A,A5,00,00,00,00,1E,B0,00,36,01,D8,C0,00,00,00,00,00,01,20,4F,00,80,05,24,40,50,0D,18,12,35,35,80,08,3F,00,FF,04,04,36,17,17,0F,FF
140,nes,current_nes,E45D,34,3B,90,02,00,01,00,00,00,73,00,00,00,00,00,8B,94,1A,A5,00,00,00,00,1E,B0,00,37,01,DA,C0,00,00,00,00,00,01,20,4F,00,80,05,24,40,50,0C,17,11,34,34,80,09,3F,00,FF,04,04,36,17,17,0F,FF
141,nes,current_nes,E45D,34,3B,90,02,00,01,00,00,00,74,00,00,00,00,00,8B,94,1A,A5,00,00,00,00,1E,B0,00,37,01,DC,C0,00,00,00,00,00,01,20,4F,00,80,05,24,40,50,0B,16,10,33,33,80,0A,3F,00,FF,04,04,36,17,17,0F,FF
142,nes,current_nes,E45B,34,3B,90,02,00,01,00,00,00,75,00,00,00,00,00,8B,94,1A,A5,00,00,00,00,1E,B0,00,38,01,DE,C0,00,00,00,00,00,01,20,4F,00,80,05,24,40,50,0A,15,0F,32,32,80,0B,3F,00,FF,04,04,36,17,17,0F,FF
143,nes,current_nes,E45D,34,3B,90,02,00,01,00,00,00,76,00,00,00,00,00,8B,94,1A,A5,00,00,00,00,1E,B0,00,38,01,E0,C0,00,00,00,00,00,01,20,4F,00,80,05,24,40,50,09,14,0E,31,31,80,0C,3F,00,FF,04,04,36,17,17,0F,FF
144,nes,current_nes,E45B,34,3B,90,02,00,01,00,00,00,77,00,00,00,00,00,8B,94,1A,A5,00,00,00,00,1E,B0,00,39,01,E2,C0,00,00,00,00,00,01,20,4F,00,80,05,24,40,50,08,13,0D,30,30,80,0D,3F,00,FF,04,04,36,17,17,0F,FF
145,nes,current_nes,E45D,34,3B,90,02,00,01,00,00,00,78,00,00,00,00,00,8B,94,1A,A5,00,00,00,00,1E,B0,00,39,01,B2,C0,00,00,00,00,00,01,20,4F,00,80,05,24,40,50,07,12,0C,2F,2F,80,0E,3F,00,FF,04,04,36,17,17,0F,FF
146,nes,current_nes,E45C,34,3B,90,02,00,01,00,00,00,79,00,00,00,00,00,8B,94,1A,A5,00,00,00,00,1E,B0,00,3A,01,B4,C0,00,00,00,00,00,01,20,4F,00,80,05,24,40,50,06,11,0B,2E,2E,80,0F,3F,00,FF,04,04,36,17,17,0F,FF
147,nes,current_nes,E45D,34,3B,90,02,00,01,00,00,00,7A,00,00,00,00,00,8B,94,1A,A5,00,00,00,00,1E,B0,00,3A,01,B6,C0,00,00,00,00,00,01,20,4F,00,80,05,24,40,50,05,10,0A,2D,2D,80,10,3F,00,FF,04,04,36,17,17,0F,FF
148,nes,current_nes,E45C,34,3B,90,02,00,01,00,00,00,7B,00,00,00,00,00,8B,94,1A,A5,00,00,00,00,1E,B0,00,3B,01,B8,C0,00,00,00,00,00,01,20,4F,00,80,05,24,40,50,04,0F,09,2C,2C,80,11,3F,00,3F,04,04,36,17,27,0F,FF
149,nes,current_nes,E45C,34,3B,90,02,00,01,00,00,00,7C,00,00,00,00,00,8B,94,1A,A5,00,00,00,00,1E,B0,00,3B,01,BA,C0,00,00,00,00,00,01,20,4F,00,80,05,24,40,50,03,0E,08,2B,2B,80,12,3F,00,FF,04,04,36,17,27,0F,FF
150,nes,current_nes,E45B,34,3B,90,02,00,01,00,00,00,7D,00,00,00,00,00,8B,94,1A,A5,00,00,00,00,1E,B0,00,3C,01,BC,C0,00,00,00,00,00,01,20,4F,00,80,05,24,40,50,02,0D,07,2A,2A,80,13,3F,00,FF,04,04,36,17,27,0F,FF
151,nes,current_nes,E45D,34,3B,90,02,00,01,00,00,00,7E,00,00,00,00,00,8B,94,1A,A5,00,00,00,00,1E,B0,00,3C,01,BE,C0,00,00,00,00,00,01,20,4F,00,80,05,24,40,50,01,0C,06,29,29,80,14,3F,00,FF,04,04,36,17,27,0F,FF
152,nes,current_nes,E45D,34,3B,90,02,00,01,00,00,00,7F,00,00,00,00,00,8B,94,1A,A5,00,00,00,00,1E,B0,00,3D,01,C0,C0,00,00,00,00,00,01,20,4F,00,80,06,24,40,50,14,1F,05,28,28,80,01,3F,00,FF,04,04,36,17,27,0F,FF
153,nes,current_nes,E45B,34,3B,90,02,00,01,00,00,00,80,00,00,00,00,00,8B,94,1A,A5,00,00,00,00,1E,B0,00,3D,01,C2,C0,00,00,00,00,00,01,20,4F,00,80,06,24,40,50,13,1E,04,27,27,80,02,3F,00,FF,04,04,36,17,27,0F,FF
154,nes,current_nes,E45C,34,3B,90,02,00,01,00,00,00,81,00,00,00,00,00,8B,94,1A,A5,00,00,00,00,1E,B0,00,3E,01,C4,C0,00,00,00,00,00,01,20,4F,00,80,06,24,40,50,12,1D,03,26,26,80,03,3F,00,3F,04,04,36,17,37,0F,FF
155,nes,current_nes,E45B,34,3B,90,02,00,01,00,00,00,82,00,00,00,00,00,8B,94,1A,A5,00,00,00,00,1E,B0,00,3E,01,C6,C0,00,00,00,00,00,01,20,4F,00,80,06,24,40,50,11,1C,02,25,25,80,04,3F,00,FF,04,04,36,17,37,0F,FF
156,nes,current_nes,E45C,34,3B,90,02,00,01,00,00,00,83,00,00,00,00,00,8B,94,1A,A5,00,00,00,00,1E,B0,00,3F,01,C8,C0,00,00,00,00,00,01,20,4F,00,80,06,24,40,50,10,1B,01,24,24,80,05,3F,00,FF,04,04,36,17,37,0F,FF
157,nes,current_nes,E45B,34,3B,90,02,00,01,00,00,00,84,00,00,00,00,00,8B,94,1A,A5,00,00,00,00,1E,B0,00,3F,01,CA,C0,00,00,00,00,00,01,20,4F,00,80,06,25,40,50,0F,1A,14,23,23,80,06,3F,00,FF,04,04,36,17,37,0F,FF
158,nes,current_nes,E45C,34,3B,90,02,00,01,00,00,00,85,00,00,00,00,00,8B,94,1A,A5,00,00,00,00,1E,B0,00,40,01,CC,C0,00,00,00,00,00,01,20,4F,00,80,06,25,40,50,0E,19,13,22,22,80,07,3F,00,FF,04,04,36,17,37,0F,FF
159,nes,current_nes,E45C,34,3B,90,02,00,01,00,00,00,86,00,00,00,00,00,8B,94,1A,A5,00,00,00,00,1E,B0,00,40,01,CE,C0,00,00,00,00,00,01,20,4F,00,80,06,25,40,50,0D,18,12,21,21,80,08,3F,00,FF,04,04,36,17,37,0F,FF
160,nes,current_nes,E45D,34,3B,90,02,00,01,00,00,00,87,00,00,00,00,00,8B,94,1A,A5,00,00,00,00,1E,B0,00,41,01,D0,C0,00,00,00,00,00,01,20,4F,00,80,06,25,40,50,0C,17,11,20,20,80,09,3F,00,3F,04,04,36,17,37,0F,FF
161,nes,current_nes,E45D,34,3B,90,02,00,01,00,00,00,88,00,00,00,00,00,8B,94,1A,A5,00,00,00,00,1E,B0,00,41,01,D2,C0,00,00,00,00,00,01,20,4F,00,80,06,25,40,50,0B,16,10,1F,1F,80,0A,3F,00,FF,04,04,36,17,37,0F,FF
162,nes,current_nes,E45D,34,3B,90,02,00,01,00,00,00,89,00,00,00,00,00,8B,94,1A,A5,00,00,00,00,1E,B0,00,42,01,D4,C0,00,00,00,00,00,01,20,4F,00,80,06,25,40,50,0A,15,0F,1E,1E,80,0B,3F,00,FF,04,04,36,17,37,0F,FF
163,nes,current_nes,E45D,34,3B,90,02,00,01,00,00,00,8A,00,00,00,00,00,8B,94,1A,A5,00,00,00,00,1E,B0,00,42,01,D6,C0,00,00,00,00,00,01,20,4F,00,80,06,25,40,50,09,14,0E,1D,1D,80,0C,3F,00,FF,04,04,36,17,37,0F,FF
164,nes,current_nes,E45D,34,3B,90,02,00,01,00,00,00,8B,00,00,00,00,00,8B,94,1A,A5,00,00,00,00,1E,B0,00,43,01,D8,C0,00,00,00,00,00,01,20,4F,00,80,06,25,40,50,08,13,0D,1C,1C,80,0D,3F,00,FF,04,04,36,17,37,0F,FF
165,nes,current_nes,E45C,34,3B,90,02,00,01,00,00,00,8C,00,00,00,00,00,8B,94,1A,A5,00,00,00,00,1E,B0,00,43,01,DA,C0,00,00,00,00,00,01,20,4F,00,80,06,25,40,50,07,12,0C,1B,1B,80,0E,3F,00,FF,04,04,36,17,37,0F,FF
166,nes,current_nes,E45D,34,3B,90,02,00,01,00,00,00,8D,00,00,00,00,00,8B,94,1A,A5,00,00,00,00,1E,B0,00,44,01,DC,C0,00,00,00,00,00,01,20,4F,00,80,06,25,40,50,06,11,0B,1A,1A,80,0F,3F,00,3F,04,04,36,17,27,0F,FF
167,nes,current_nes,E45B,34,3B,90,02,00,01,00,00,00,8E,00,00,00,00,00,8B,94,1A,A5,00,00,00,00,1E,B0,00,44,01,DE,C0,00,00,00,00,00,01,20,4F,00,80,06,25,40,50,05,10,0A,19,19,80,10,3F,00,FF,04,04,36,17,27,0F,FF
168,nes,current_nes,E45B,34,3B,90,02,00,01,00,00,00,8F,00,00,00,00,00,8B,94,1A,A5,00,00,00,00,1E,B0,00,45,01,E0,C0,00,00,00,00,00,01,20,4F,00,80,06,25,40,50,04,0F,09,18,18,80,11,3F,00,FF,04,04,36,17,27,0F,FF
169,nes,current_nes,E45D,34,3B,90,02,00,01,00,00,00,90,00,00,00,00,00,8B,94,1A,A5,00,00,00,00,1E,B0,00,45,01,E2,C0,00,00,00,00,00,01,20,4F,00,80,06,25,40,50,03,0E,08,17,17,80,12,3F,00,FF,04,04,36,17,27,0F,FF
170,nes,current_nes,E45B,34,3B,90,02,00,01,00,00,00,91,00,00,00,00,00,8B,94,1A,A5,00,00,00,00,1E,B0,00,46,01,B2,C0,00,00,00,00,00,01,20,4F,00,80,06,25,40,50,02,0D,07,16,16,80,13,3F,00,FF,04,04,36,17,27,0F,FF
171,nes,current_nes,E45B,34,3B,90,02,00,01,00,00,00,92,00,00,00,00,00,8B,94,1A,A5,00,00,00,00,1E,B0,00,46,01,B4,C0,00,00,00,00,00,01,20,4F,00,80,06,25,40,50,01,0C,06,15,15,80,14,3F,00,FF,04,04,36,17,27,0F,FF
172,nes,current_nes,E45D,34,3B,90,02,00,01,00,00,00,93,00,00,00,00,00,8B,94,1A,A5,00,00,00,00,1E,B0,00,47,01,B6,C0,00,00,00,00,00,01,20,4F,00,80,07,25,40,50,14,1F,05,14,14,80,01,3F,00,3F,04,04,36,17,17,0F,FF
173,nes,current_nes,E45C,34,3B,90,02,00,01,00,00,00,94,00,00,00,00,00,8B,94,1A,A5,00,00,00,00,1E,B0,00,47,01,B8,C0,00,00,00,00,00,01,20,4F,00,80,07,25,40,50,13,1E,04,13,13,80,02,3F,00,FF,04,04,36,17,17,0F,FF
174,nes,current_nes,E45B,34,3B,90,02,00,01,00,00,00,95,00,00,00,00,00,8B,94,1A,A5,00,00,00,00,1E,B0,00,48,01,BA,C0,00,00,00,00,00,01,20,4F,00,80,07,25,40,50,12,1D,03,12,12,80,03,3F,00,FF,04,04,36,17,17,0F,FF
175,nes,current_nes,E45D,34,3B,90,02,00,01,00,00,00,96,00,00,00,00,00,8B,94,1A,A5,00,00,00,00,1E,B0,00,48,01,BC,C0,00,00,00,00,00,01,20,4F,00,80,07,25,40,50,11,1C,02,11,11,80,04,3F,00,FF,04,04,36,17,17,0F,FF
176,nes,current_nes,E45D,34,3B,90,02,00,01,00,00,00,97,00,00,00,00,00,8B,94,1A,A5,00,00,00,00,1E,B0,00,49,01,BE,C0,00,00,00,00,00,01,20,4F,00,80,07,25,40,50,10,1B,01,10,10,80,05,3F,00,FF,04,04,36,17,17,0F,FF
177,nes,current_nes,E45D,34,3B,90,02,00,01,00,00,00,98,00,00,00,00,00,8B,94,1A,A5,00,00,00,00,1E,B0,00,49,01,C0,C0,00,00,00,00,00,01,20,4F,00,80,07,26,40,50,0F,1A,14,0F,0F,80,06,3F,00,FF,04,04,36,17,17,0F,FF
178,nes,current_nes,E45C,34,3B,90,02,00,01,00,00,00,99,00,00,00,00,00,8B,94,1A,A5,00,00,00,00,1E,B0,00,4A,01,C2,C0,00,00,00,00,00,01,20,4F,00,80,07,26,40,50,0E,19,13,0E,0E,80,07,3F,00,3F,04,04,36,17,07,0F,FF
179,nes,current_nes,E45D,34,3B,90,02,00,01,00,00,00,9A,00,00,00,00,00,8B,94,1A,A5,00,00,00,00,1E,B0,00,4A,01,C4,C0,00,00,00,00,00,01,20,4F,00,80,07,26,40,50,0D,18,12,0D,0D,80,08,3F,00,FF,04,04,36,17,07,0F,FF
180,nes,current_nes,E45B,34,3B,90,02,00,01,00,00,00,9B,00,00,00,00,00,8B,94,1A,A5,00,00,00,00,1E,B0,00,4B,01,C6,C0,00,00,00,00,00,01,20,4F,00,80,07,26,40,50,0C,17,11,0C,0C,80,09,3F,00,FF,04,04,36,17,07,0F,FF
181,nes,current_nes,E45B,34,3B,90,02,00,01,00,00,00,9C,00,00,00,00,00,8B,94,1A,A5,00,00,00,00,1E,B0,00,4B,01,C8,C0,00,00,00,00,00,01,20,4F,00,80,07,26,40,50,0B,16,10,0B,0B,80,0A,3F,00,FF,04,04,36,17,07,0F,FF
182,nes,current_nes,E45C,34,3B,90,02,00,01,00,00,00,9D,00,00,00,00,00,8B,94,1A,A5,00,00,00,00,1E,B0,00,4C,01,CA,C0,00,00,00,00,00,01,20,4F,00,80,07,26,40,50,0A,15,0F,0A,0A,80,0B,3F,00,FF,04,04,36,17,07,0F,FF
183,nes,current_nes,E45D,34,3B,90,02,00,01,00,00,00,9E,00,00,00,00,00,8B,94,1A,A5,00,00,00,00,1E,B0,00,4C,01,CC,C0,00,00,00,00,00,01,20,4F,00,80,07,26,40,50,09,14,0E,09,09,80,0C,3F,00,FF,04,04,36,17,07,0F,FF
184,nes,current_nes,E45B,34,3B,90,02,00,01,00,00,00,9F,00,00,00,00,00,8B,94,1A,A5,00,00,00,00,1E,B0,00,4D,01,CE,C0,00,00,00,00,00,01,20,4F,00,80,07,26,40,50,08,13,0D,08,08,80,0D,3F,00,3F,04,04,36,17,07,0F,FF
185,nes,current_nes,E45D,34,3B,90,02,00,01,00,00,00,A0,00,00,00,00,00,8B,94,1A,A5,00,00,00,00,1E,B0,00,4D,01,D0,C0,00,00,00,00,00,01,20,4F,00,80,07,26,40,50,07,12,0C,07,07,80,0E,3F,00,FF,04,04,36,17,07,0F,FF
186,nes,current_nes,E45C,34,3B,90,02,00,01,00,00,00,A1,00,00,00,00,00,8B,94,1A,A5,00,00,00,00,1E,B0,00,4E,01,D2,C0,00,00,00,00,00,01,20,4F,00,80,07,26,40,50,06,11,0B,06,06,80,0F,3F,00,FF,04,04,36,17,07,0F,FF
187,nes,current_nes,E45D,34,3B,90,02,00,01,00,00,00,A2,00,00,00,00,00,8B,94,1A,A5,00,00,00,00,1E,B0,00,4E,01,D4,C0,00,00,00,00,00,01,20,4F,00,80,07,26,40,50,05,10,0A,05,05,80,10,3F,00,FF,04,04,36,17,07,0F,FF
188,nes,current_nes,E45D,34,3B,90,02,00,01,00,00,00,A3,00,00,00,00,00,8B,94,1A,A5,00,00,00,00,1E,B0,00,4F,01,D6,C0,00,00,00,00,00,01,20,4F,00,80,07,26,40,50,04,0F,09,04,04,80,11,3F,00,FF,04,04,36,17,07,0F,FF
189,nes,current_nes,E45D,34,3B,90,02,00,01,00,00,00,A4,00,00,00,00,00,8B,94,1A,A5,00,00,00,00,1E,B0,00,4F,01,D8,C0,00,00,00,00,00,01,20,4F,00,80,07,26,40,50,03,0E,08,03,03,80,12,3F,00,FF,04,04,36,17,07,0F,FF
190,nes,current_nes,E45C,34,3B,90,02,00,01,00,00,00,A5,00,00,00,00,00,8B,94,1A,A5,00,00,00,00,1E,B0,00,50,01,DA,C0,00,00,00,00,00,01,20,4F,00,80,07,26,40,50,02,0D,07,02,02,80,13,3F,00,3F,04,04,36,17,17,0F,FF
191,nes,current_nes,E45D,34,3B,90,02,00,01,00,00,00,A6,00,00,00,00,00,8B,94,1A,A5,00,00,00,00,1E,B0,00,50,01,DC,C0,00,00,00,00,00,01,20,4F,00,80,07,26,40,50,01,0C,06,01,01,80,14,3F,00,FF,04,04,36,17,17,0F,FF
192,nes,current_nes,E45B,34,3B,90,02,00,01,00,00,00,A7,00,00,00,00,00,8B,94,1A,A5,00,00,00,00,1E,B0,00,51,01,DE,C0,00,00,00,00,00,01,20,4F,00,80,09,26,42,50,0A,1F,05,28,50,80,01,3F,00,FF,04,04,36,17,17,0F,FF
193,nes,current_nes,E45C,34,3B,90,02,00,01,00,00,00,A8,00,00,00,00,00,8B,94,1A,A5,00,00,00,00,1E,B0,00,51,01,E0,C0,00,00,00,00,00,01,20,4F,00,80,09,26,42,50,09,1E,04,27,4F,80,02,3F,00,FF,04,04,36,17,17,0F,FF
194,nes,current_nes,E45C,34,3B,90,02,00,01,00,00,00,A9,00,00,00,00,00,8B,94,1A,A5,00,00,00,00,1E,B0,00,52,01,E2,C0,00,00,00,00,00,01,20,4F,00,80,09,26,42,50,08,1D,03,26,4E,80,03,3F,00,FF,04,04,36,17,17,0F,FF
195,nes,current_nes,E45C,34,3B,90,02,00,01,00,00,00,AA,00,00,00,00,00,8B,94,1A,A5,00,00,00,00,1E,B0,00,52,01,B2,C0,00,00,00,00,00,01,20,4F,00,80,09,26,42,50,07,1C,02,25,4D,80,04,3F,00,FF,04,04,36,17,17,0F,FF
196,nes,current_nes,E45B,34,3B,90,02,00,01,00,00,00,AB,00,00,00,00,00,8B,94,1A,A5,00,00,00,00,1E,B0,00,53,01,B4,C0,00,00,00,00,00,01,20,4F,00,80,09,26,42,50,06,1B,01,24,4C,80,05,3F,00,FF,04,04,36,17,17,0F,FF
197,nes,current_nes,E45B,34,3B,90,02,00,01,00,00,00,AC,00,00,00,00,00,8B,94,1A,A5,00,00,00,00,1E,B0,00,53,01,B6,C0,00,00,00,00,00,01,20,4F,00,80,09,28,42,50,05,1A,0A,23,4B,80,06,3F,00,FF,04,04,36,17,17,0F,FF
198,nes,current_nes,E45D,34,3B,90,02,00,01,00,00,00,AD,00,00,00,00,00,8B,94,1A,A5,00,00,00,00,1E,B0,00,54,01,B8,C0,00,00,00,00,00,01,20,4F,00,80,09,28,42,50,04,19,09,22,4A,80,07,3F,00,FF,04,04,36,17,17,0F,FF
199,nes,current_nes,E45B,34,3B,90,02,00,01,00,00,00,AE,00,00,00,00,00,8B,94,1A,A5,00,00,00,00,1E,B0,00,54,01,BA,C0,00,00,00,00,00,01,20,4F,00,80,09,28,42,50,03,18,08,21,49,80,08,3F,00,FF,04,04,36,17,17,0F,FF
200,nes,current_nes,E45D,34,3B,90,02,00,01,00,00,00,AF,00,00,00,00,00,8B,94,1A,A5,00,00,00,00,1E,B0,00,55,01,BC,C0,00,00,00,00,00,01,20,4F,00,80,09,28,42,50,02,17,07,20,48,80,09,3F,00,FF,04,04,36,17,17,0F,FF
201,nes,current_nes,E45B,34,3B,90,02,00,01,00,00,00,B0,00,00,00,00,00,8B,94,1A,A5,00,00,00,00,1E,B0,00,55,01,BE,C0,00,00,00,00,00,01,20,4F,00,80,09,28,42,50,01,16,06,1F,47,80,0A,3F,00,FF,04,04,36,17,17,0F,FF
202,nes,current_nes,E45C,34,3B,90,02,00,01,00,00,00,B1,00,00,00,00,00,8B,94,1A,A5,00,00,00,00,1E,B0,00,56,01,C0,C0,00,00,00,00,00,01,20,4F,00,80,0A,28,42,50,0A,1F,05,1E,46,80,01,3F,00,FF,04,04,36,17,17,0F,FF
203,nes,current_nes,E45D,34,3B,90,02,00,01,00,00,00,B2,00,00,00,00,00,8B,94,1A,A5,00,00,00,00,1E,B0,00,56,01,C2,C0,00,00,00,00,00,01,20,4F,00,80,0A,28,42,50,09,1E,04,1D,45,80,02,3F,00,FF,04,04,36,17,17,0F,FF
204,nes,current_nes,E45B,34,3B,90,02,00,01,00,00,00,B3,00,00,00,00,00,8B,94,1A,A5,00,00,00,00,1E,B0,00,57,01,C4,C0,00,00,00,00,00,01,20,4F,00,80,0A,28,42,50,08,1D,03,1C,44,80,03,3F,00,FF,04,04,36,17,17,0F,FF
205,nes,current_nes,E45C,34,3B,90,02,00,01,00,00,00,B4,00,00,00,00,00,8B,94,1A,A5,00,00,00,00,1E,B0,00,57,01,C6,C0,00,00,00,00,00,01,20,4F,00,80,0A,28,42,50,07,1C,02,1B,43,80,04,3F,00,FF,04,04,36,17,17,0F,FF
206,nes,current_nes,E45D,34,3B,90,02,00,01,00,00,00,B5,00,00,00,00,00,8B,94,1A,A5,00,00,00,00,1E,B0,00,58,01,C8,C0,00,00,00,00,00,01,20,4F,00,80,0A,28,42,50,06,1B,01,1A,42,80,05,3F,00,3F,04,04,36,17,27,0F,FF
207,nes,current_nes,E45B,34,3B,90,02,00,01,00,00,00,B6,00,00,00,00,00,8B,94,1A,A5,00,00,00,00,1E,B0,00,58,01,CA,C0,00,00,00,00,00,01,20,4F,00,80,0A,29,42,50,05,1A,0A,19,41,80,06,3F,00,FF,04,04,36,17,27,0F,FF
208,nes,current_nes,E45C,34,3B,90,02,00,01,00,00,00,B7,00,00,00,00,00,8B,94,1A,A5,00,00,00,00,1E,B0,00,59,01,CC,C0,00,00,00,00,00,01,20,4F,00,80,0A,29,42,50,04,19,09,18,40,80,07,3F,00,FF,04,04,36,17,27,0F,FF
209,nes,current_nes,E45C,34,3B,90,02,00,01,00,00,00,B8,00,00,00,00,00,8B,94,1A,A5,00,00,00,00,1E,B0,00,59,01,CE,C0,00,00,00,00,00,01,20,4F,00,80,0A,29,42,50,03,18,08,17,3F,80,08,3F,00,FF,04,04,36,17,27,0F,FF
210,nes,current_nes,E45C,34,3B,90,02,00,01,00,00,00,B9,00,00,00,00,00,8B,94,1A,A5,00,00,00,00,1E,B0,00,5A,01,D0,C0,00,00,00,00,00,01,20,4F,00,80,0A,29,42,50,02,17,07,16,3E,80,09,3F,00,FF,04,04,36,17,27,0F,FF
211,nes,current_nes,E45D,34,3B,90,02,00,01,00,00,00,BA,00,00,00,00,00,8B,94,1A,A5,00,00,00,00,1E,B0,00,5A,01,D2,C0,00,00,00,00,00,01,20,4F,00,80,0A,29,42,50,01,16,06,15,3D,80,0A,3F,00,FF,04,04,36,17,27,0F,FF
212,nes,current_nes,E45D,34,3B,90,02,00,01,00,00,00,BB,00,00,00,00,00,8B,94,1A,A5,00,00,00,00,1E,B0,00,5B,01,D4,C0,00,00,00,00,00,01,20,4F,00,80,0C,29,42,50,50,1F,05,14,3C,80,01,3F,00,3F,04,04,36,17,37,0F,FF
213,nes,current_nes,E45C,34,3B,90,02,00,01,00,00,00,BC,00,00,00,00,00,8B,94,1A,A5,00,00,00,00,1E,B0,00,5B,01,D6,C0,00,00,00,00,00,01,20,4F,00,80,0C,29,42,50,4F,1E,04,13,3B,80,02,3F,00,FF,04,04,36,17,37,0F,FF
214,nes,current_nes,E45C,34,3B,90,02,00,01,00,00,00,BD,00,00,00,00,00,8B,94,1A,A5,00,00,00,00,1E,B0,00,5C,01,D8,C0,00,00,00,00,00,01,20,4F,00,80,0C,29,42,50,4E,1D,03,12,3A,80,03,3F,00,FF,04,04,36,17,37,0F,FF
215,nes,current_nes,E45C,34,3B,90,02,00,01,00,00,00,BE,00,00,00,00,00,8B,94,1A,A5,00,00,00,00,1E,B0,00,5C,01,DA,C0,00,00,00,00,00,01,20,4F,00,80,0C,29,42,50,4D,1C,02,11,39,80,04,3F,00,FF,04,04,36,17,37,0F,FF
216,nes,current_nes,E45D,34,3B,90,02,00,01,00,00,00,BF,00,00,00,00,00,8B,94,1A,A5,00,00,00,00,1E,B0,00,5D,01,DC,C0,00,00,00,00,00,01,20,4F,00,80,0C,29,42,50,4C,1B,01,10,38,80,05,3F,00,FF,04,04,36,17,37,0F,FF
217,nes,current_nes,E45C,34,3B,90,02,00,01,00,00,00,C0,00,00,00,00,00,8B,94,1A,A5,00,00,00,00,1E,B0,00,5D,01,DE,C0,00,00,00,00,00,01,20,4F,00,80,0C,2B,42,50,4B,1A,50,0F,37,80,06,3F,00,FF,04,04,36,17,37,0F,FF
218,nes,current_nes,E45B,34,3B,90,02,00,01,00,00,00,C1,00,00,00,00,00,8B,94,1A,A5,00,00,00,00,1E,B0,00,5E,01,E0,C0,00,00,00,00,00,01,20,4F,00,80,0C,2B,42,50,4A,19,4F,0E,36,80,07,3F,00,3F,04,04,36,17,37,0F,FF
219,nes,current_nes,E45B,34,3B,90,02,00,01,00,00,00,C2,00,00,00,00,00,8B,94,1A,A5,00,00,00,00,1E,B0,00,5E,01,E2,C0,00,00,00,00,00,01,20,4F,00,80,0C,2B,42,50,49,18,4E,0D,35,80,08,3F,00,FF,04,04,36,17,37,0F,FF
220,nes,current_nes,E45D,34,3B,90,02,00,01,00,00,00,C3,00,00,00,00,00,8B,94,1A,A5,00,00,00,00,1E,B0,00,5F,01,B2,C0,00,00,00,00,00,01,20,4F,00,80,0C,2B,42,50,48,17,4D,0C,34,80,09,3F,00,FF,04,04,36,17,37,0F,FF
221,nes,current_nes,E45B,34,3B,90,02,00,01,00,00,00,C4,00,00,00,00,00,8B,94,1A,A5,00,00,00,00,1E,B0,00,5F,01,B4,C0,00,00,00,00,00,01,20,4F,00,80,0C,2B,42,50,47,16,4C,0B,33,80,0A,3F,00,FF,04,04,36,17,37,0F,FF
222,nes,current_nes,E45B,34,3B,90,02,00,01,00,00,00,C5,00,00,00,00,00,8B,94,1A,A5,00,00,00,00,1E,B0,00,60,01,B6,C0,00,00,00,00,00,01,20,4F,00,80,0C,2B,42,50,46,15,4B,0A,32,80,0B,3F,00,FF,04,04,36,17,37,0F,FF
223,nes,current_nes,E45D,34,3B,90,02,00,01,00,00,00,C6,00,00,00,00,00,8B,94,1A,A5,00,00,00,00,1E,B0,00,60,01,B8,C0,00,00,00,00,00,01,20,4F,00,80,0C,2B,42,50,45,14,4A,09,31,80,0C,3F,00,FF,04,04,36,17,37,0F,FF
224,nes,current_nes,E45B,34,3B,90,02,00,01,00,00,00,C7,00,00,00,00,00,8B,94,1A,A5,00,00,00,00,1E,B0,00,61,01,BA,C0,00,00,00,00,00,01,20,4F,00,80,0C,2B,42,50,44,13,49,08,30,80,0D,3F,00,3F,04,04,36,17,27,0F,FF
225,nes,current_nes,E45D,34,3B,90,02,00,01,00,00,00,C8,00,00,00,00,00,8B,94,1A,A5,00,00,00,00,1E,B0,00,61,01,BC,C0,00,00,00,00,00,01,20,4F,00,80,0C,2B,42,50,43,12,48,07,2F,80,0E,3F,00,FF,04,04,36,17,27,0F,FF
226,nes,current_nes,E45C,34,3B,90,02,00,01,00,00,00,C9,00,00,00,00,00,8B,94,1A,A5,00,00,00,00,1E,B0,00,62,01,BE,C0,00,00,00,00,00,01,20,4F,00,80,0C,2B,42,50,42,11,47,06,2E,80,0F,3F,00,FF,04,04,36,17,27,0F,FF
227,nes,current_nes,E45B,34,3B,90,02,00,01,00,00,00,CA,00,00,00,00,00,8B,94,1A,A5,00,00,00,00,1E,B0,00,62,01,C0,C0,00,00,00,00,00,01,20,4F,00,80,0C,2B,42,50,41,10,46,05,2D,80,10,3F,00,FF,04,04,36,17,27,0F,FF
228,nes,current_nes,E45B,34,3B,90,02,00,01,00,00,00,CB,00,00,00,00,00,8B,94,1A,A5,00,00,00,00,1E,B0,00,63,01,C2,C0,00,00,00,00,00,01,20,4F,00,80,0C,2B,42,50,40,0F,45,04,2C,80,11,3F,00,FF,04,04,36,17,27,0F,FF
229,nes,current_nes,E45C,34,3B,90,02,00,01,00,00,00,CC,00,00,00,00,00,8B,94,1A,A5,00,00,00,00,1E,B0,00,63,01,C4,C0,00,00,00,00,00,01,20,4F,00,80,0C,2B,42,50,3F,0E,44,03,2B,80,12,3F,00,FF,04,04,36,17,27,0F,FF
230,nes,current_nes,E45D,34,3B,90,02,00,01,00,00,00,CD,00,00,00,00,00,8B,94,1A,A5,00,00,00,00,1E,B0,00,64,01,C6,C0,00,00,00,00,00,01,20,4F,00,80,0C,2B,42,50,3E,0D,43,02,2A,80,13,3F,00,3F,04,04,36,17,17,0F,FF
231,nes,current_nes,E45D,34,3B,90,02,00,01,00,00,00,CE,00,00,00,00,00,8B,94,1A,A5,00,00,00,00,1E,B0,00,64,01,C8,C0,00,00,00,00,00,01,20,4F,00,80,0C,2B,42,50,3D,0C,42,01,29,80,14,3F,00,FF,04,04,36,17,17,0F,FF
232,nes,current_nes,E45B,34,3B,90,02,00,01,00,00,00,CF,00,00,00,00,00,8B,94,1A,A5,00,00,00,00,1E,B0,00,65,01,CA,C0,00,00,00,00,00,01,20,4F,00,80,0C,2B,43,50,3C,0B,41,28,28,80,15,3F,00,FF,04,04,36,17,17,0F,FF
233,nes,current_nes,E45B,34,3B,90,02,00,01,00,00,00,D0,00,00,00,00,00,8B,94,1A,A5,00,00,00,00,1E,B0,00,65,01,CC,C0,00,00,00,00,00,01,20,4F,00,80,0C,2B,43,50,3B,0A,40,27,27,80,16,3F,00,FF,04,04,36,17,17,0F,FF
234,nes,current_nes,E45C,34,3B,90,02,00,01,00,00,00,D1,00,00,00,00,00,8B,94,1A,A5,00,00,00,00,1E,B0,00,66,01,CE,C0,00,00,00,00,00,01,20,4F,00,80,0C,2B,43,50,3A,09,3F,26,26,80,17,3F,00,FF,04,04,36,17,17,0F,FF
235,nes,current_nes,E45B,34,3B,90,02,00,01,00,00,00,D2,00,00,00,00,00,8B,94,1A,A5,00,00,00,00,1E,B0,00,66,01,D0,C0,00,00,00,00,00,01,20,4F,00,80,0C,2B,43,50,39,08,3E,25,25,80,18,3F,00,FF,04,04,36,17,17,0F,FF
236,nes,current_nes,E45C,34,3B,90,02,00,01,00,00,00,D3,00,00,00,00,00,8B,94,1A,A5,00,00,00,00,1E,B0,00,67,01,D2,C0,00,00,00,00,00,01,20,4F,00,80,0C,2B,43,50,38,07,3D,24,24,80,19,3F,00,3F,04,04,36,17,07,0F,FF
237,nes,current_nes,E45D,34,3B,90,02,00,01,00,00,00,D4,00,00,00,00,00,8B,94,1A,A5,00,00,00,00,1E,B0,00,67,01,D4,C0,00,00,00,00,00,01,20,4F,00,80,0C,2B,43,50,37,06,3C,23,23,80,1A,3F,00,FF,04,04,36,17,07,0F,FF
238,nes,current_nes,E45C,34,3B,90,02,00,01,00,00,00,D5,00,00,00,00,00,8B,94,1A,A5,00,00,00,00,1E,B0,00,68,01,D6,C0,00,00,00,00,00,01,20,4F,00,80,0C,2B,43,50,36,05,3B,22,22,80,1B,3F,00,FF,04,04,36,17,07,0F,FF
239,nes,current_nes,E45B,34,3B,90,02,00,01,00,00,00,D6,00,00,00,00,00,8B,94,1A,A5,00,00,00,00,1E,B0,00,68,01,D8,C0,00,00,00,00,00,01,20,4F,00,80,0C,2B,43,50,35,04,3A,21,21,80,1C,3F,00,FF,04,04,36,17,07,0F,FF
240,nes,current_nes,E45D,34,3B,90,02,00,01,00,00,00,D7,00,00,00,00,00,8B,94,1A,A5,00,00,00,00,1E,B0,00,69,01,DA,C0,00,00,00,00,00,01,20,4F,00,80,0C,2B,43,50,34,03,39,20,20,80,1D,3F,00,FF,04,04,36,17,07,0F,FF
241,nes,current_nes,E45B,34,3B,90,02,00,01,00,00,00,D8,00,00,00,00,00,8B,94,1A,A5,00,00,00,00,1E,B0,00,69,01,DC,C0,00,00,00,00,00,01,20,4F,00,80,0C,2B,43,50,33,02,38,1F,1F,80,1E,3F,00,FF,04,04,36,17,07,0F,FF
242,nes,current_nes,E45B,34,3B,90,02,00,01,00,00,00,D9,00,00,00,00,00,8B,94,1A,A5,00,00,00,00,1E,B0,00,6A,01,DE,C0,00,00,00,00,00,01,20,4F,00,80,0C,2B,43,50,32,01,37,1E,1E,80,1F,3F,00,3F,04,04,36,17,07,0F,FF
243,nes,current_nes,E45B,34,3B,90,02,00,01,00,00,00,DA,00,00,00,00,00,8B,94,1A,A5,00,00,00,00,1E,B0,00,6A,01,E0,C0,00,00,00,00,00,01,20,4F,00,80,0C,2B,43,50,31,00,36,1D,1D,80,20,3F,00,FF,04,04,36,17,07,0F,FF
244,nes,current_nes,E45B,34,3B,90,02,00,01,00,01,12,DB,00,00,00,00,00,8B,94,1A,10,10,10,00,00,00,B0,00,6B,01,E2,C0,00,00,00,00,5A,01,20,4F,00,80,0C,2B,43,50,30,00,35,1C,1C,80,21,3F,00,FF,04,04,36,17,07,0F,FF
245,nes,current_nes,A35C,01,3E,62,0A,00,01,00,01,00,DC,01,00,00,00,00,8B,94,1A,10,00,10,00,00,00,30,00,6B,01,E2,C0,00,00,00,00,5A,01,20,4F,00,00,0C,2B,43,50,2F,00,34,1B,1B,80,22,3F,00,FF,04,04,36,17,07,0F,FF
246,nes,current_nes,A32C,00,6E,64,12,00,01,00,01,00,DC,02,00,00,00,00,8B,94,1A,10,00,10,00,00,00,30,00,6B,01,E2,C0,00,00,00,00,5A,01,20,4F,00,00,0C,2B,43,50,2F,00,34,1B,1B,80,22,3F,00,FF,04,04,36,17,07,0F,FF
247,nes,current_nes,E45D,FF,12,65,12,00,01,00,02,00,DC,03,00,00,00,00,8B,94,1A,10,00,10,00,00,00,B0,00,6B,01,E2,C0,00,00,00,00,5A,01,20,4F,00,00,0C,2B,43,50,2F,00,34,1B,1B,80,22,3F,00,FF,04,04,36,17,07,0F,FF
248,nes,current_nes,A338,00,A9,64,12,00,01,00,02,00,DD,02,00,00,00,00,8B,94,1A,10,00,10,00,00,00,30,00,6B,01,E2,C0,00,00,00,00,5A,01,20,4F,00,00,0C,2B,43,50,2F,00,34,1B,1B,80,22,3F,00,FF,04,04,36,17,07,0F,FF
249,nes,current_nes,A359,00,04,63,0A,00,01,00,02,00,DD,01,00,00,00,00,8B,94,1A,10,00,10,00,00,00,30,00,6B,01,E2,C0,00,00,00,00,5A,01,20,4F,00,00,0C,2B,43,50,2F,00,34,1B,1B,80,22,3F,00,FF,04,04,36,17,07,0F,FF
250,nes,current_nes,E45D,1A,92,60,02,00,00,01,00,00,DD,00,00,00,00,00,8B,94,1A,10,00,10,00,00,00,B0,00,6B,01,E2,C0,00,00,00,00,5A,01,20,4F,00,00,0C,2B,43,50,2F,00,34,1B,1B,80,22,3F,00,FF,04,04,36,17,07,0F,FF
251,nes,current_nes,A353,01,52,62,0A,00,00,01,00,00,DE,01,00,00,00,00,8B,94,1A,10,00,10,00,00,00,30,00,6B,01,E2,C0,00,00,00,00,5A,01,20,4F,00,00,0C,2B,43,50,2F,00,34,1B,1B,80,22,3F,00,FF,04,04,36,17,07,0F,FF
252,nes,current_nes,A333,00,82,64,12,00,00,01,00,00,DE,02,00,00,00,00,8B,94,1A,10,00,10,00,00,00,30,00,6B,01,E2,C0,00,00,00,00,5A,01,20,4F,00,00,0C,2B,43,50,2F,00,34,1B,1B,80,22,3F,00,FF,04,04,36,17,07,0F,FF
253,nes,current_nes,E45D,FF,12,65,12,00,00,01,01,00,DE,03,00,00,00,00,8B,94,1A,10,00,10,00,00,00,B0,00,6B,01,E2,C0,00,00,00,00,5A,01,20,4F,00,00,0C,2B,43,50,2F,00,34,1B,1B,80,22,3F,00,FF,04,04,36,17,07,0F,FF
254,nes,current_nes,E45B,28,00,60,02,00,00,01,02,12,DF,00,00,00,00,00,8B,94,1A,10,00,00,00,00,00,B0,00,6B,01,E2,C0,00,00,00,00,5A,01,20,4F,00,00,0C,2B,43,50,2F,00,34,1B,1B,80,22,3F,00,FF,04,04,36,17,07,0F,FF
255,nes,current_nes,E45B,91,BD,A4,02,00,00,01,03,14,E0,00,00,00,00,00,8B,94,1A,10,00,00,00,00,00,B0,00,6B,01,E2,C0,00,00,00,00,5A,01,20,4F,00,00,0C,2B,43,50,2F,00,34,1B,1B,80,22,3F,00,FF,04,04,36,17,07,0F,FF
256,nes,current_nes,E45B,0D,C4,A4,02,00,00,01,04,00,E1,01,00,00,00,00,8B,94,1A,10,00,00,00,00,00,B0,00,6B,01,E2,C0,00,00,00,00,5A,01,20,4F,00,00,0C,2B,43,50,2F,00,34,1B,1B,80,22,3F,00,21,69,11,0A,0A,0A,0A,24
257,nes,current_nes,E45B,0F,C4,A4,02,00,00,01,05,00,E2,02,00,00,00,00,8B,94,1A,10,00,00,00,00,00,B0,00,6B,01,E2,C0,00,00,00,00,5A,01,20,4F,00,00,0C,2B,43,50,2F,00,34,1B,1B,80,22,3F,00,21,C9,11,24,24,24,24,24
258,nes,current_nes,E45D,0F,C4,A4,02,00,00,01,06,00,E3,03,00,00,00,00,8B,94,1A,10,00,00,00,00,00,B0,00,6B,01,E2,C0,00,00,00,00,5A,01,20,4F,00,00,0C,2B,43,50,2F,00,34,1B,1B,80,22,3F,00,22,29,11,24,24,24,24,24
259,nes,current_nes,E45B,91,24,00,02,00,01,01,00,00,E4,00,00,00,00,00,8B,94,1A,10,00,00,00,00,00,B0,00,6B,01,E2,C0,00,00,00,00,5A,01,20,4F,00,00,0C,2B,43,50,2F,00,34,1B,1B,80,22,3F,00,21,89,03,24,24,00,21,E9
260,nes,current_nes,E45B,30,08,0A,03,00,01,01,00,00,E5,00,00,00,00,00,8B,94,1A,10,00,00,00,00,1E,B0,00,6B,01,E2,C0,20,24,00,00,5A,01,20,4F,00,00,0C,2B,43,50,2F,00,34,1B,1B,80,22,3F,00,FF,89,03,24,24,00,21,E9
261,nes,current_nes,E45D,30,08,0A,03,00,01,01,00,00,E6,00,00,00,00,00,8B,94,1A,10,00,00,00,00,1E,B0,00,6B,01,E2,C0,20,24,00,00,5A,01,20,4F,00,00,0C,2B,43,50,2F,00,34,1B,1B,80,22,3F,00,FF,89,03,24,24,00,21,E9
262,nes,current_nes,E45B,30,08,0A,03,00,01,01,00,00,E7,00,00,00,00,00,8B,94,1A,10,00,00,00,00,1E,B0,00,6B,01,E2,C0,20,24,00,00,5A,01,20,4F,00,00,0C,2B,43,50,2F,00,34,1B,1B,80,22,3F,00,FF,89,03,24,24,00,21,E9
263,nes,current_nes,E45C,30,08,0A,03,00,01,01,00,00,E8,00,00,00,00,00,8B,94,1A,10,00,00,00,00,1E,B0,00,6B,01,E2,C0,20,24,00,00,5A,01,20,4F,00,00,0C,2B,43,50,2F,00,34,1B,1B,80,22,3F,00,FF,89,03,24,24,00,21,E9
264,nes,current_nes,E45D,30,08,0A,03,00,01,01,00,00,E9,00,00,00,00,00,8B,94,1A,10,00,00,00,00,1E,B0,00,6B,01,E2,C0,20,24,00,00,5A,01,20,4F,00,00,0C,2B,43,50,2F,00,34,1B,1B,80,22,3F,00,FF,89,03,24,24,00,21,E9
265,nes,current_nes,E45C,30,08,0A,03,00,01,01,00,00,EA,00,00,00,00,00,8B,94,1A,10,00,00,00,00,1E,B0,00,6B,01,E2,C0,20,24,00,00,5A,01,20,4F,00,00,0C,2B,43,50,2F,00,34,1B,1B,80,22,3F,00,FF,89,03,24,24,00,21,E9
266,nes,current_nes,E45B,30,08,0A,03,00,01,01,00,00,EB,00,00,00,00,00,8B,94,1A,10,00,00,00,00,1E,B0,00,6B,01,E2,C0,20,24,00,00,5A,01,20,4F,00,00,0C,2B,43,50,2F,00,34,1B,1B,80,22,3F,00,FF,89,03,24,24,00,21,E9
267,nes,current_nes,E45D,30,08,0A,03,00,01,01,00,00,EC,00,00,00,00,00,8B,94,1A,10,00,00,00,00,1E,B0,00,6B,01,E2,C0,20,24,00,00,5A,01,20,4F,00,00,0C,2B,43,50,2F,00,34,1B,1B,80,22,3F,00,FF,89,03,24,24,00,21,E9
268,nes,current_nes,E45D,30,08,0A,03,00,01,01,00,00,ED,00,00,00,00,00,8B,94,1A,10,00,00,00,00,1E,B0,00,6B,01,E2,C0,20,24,00,00,5A,01,20,4F,00,00,0C,2B,43,50,2F,00,34,1B,1B,80,22,3F,00,FF,89,03,24,24,00,21,E9
269,nes,current_nes,E45D,30,08,0A,03,00,01,01,00,00,EE,00,00,00,00,00,8B,94,1A,10,00,00,00,00,1E,B0,00,6B,01,E2,C0,20,24,00,00,5A,01,20,4F,00,00,0C,2B,43,50,2F,00,34,1B,1B,80,22,3F,00,FF,89,03,24,24,00,21,E9
270,nes,current_nes,E45C,30,08,0A,03,00,01,01,00,00,EF,00,00,00,00,00,8B,94,1A,10,00,00,00,00,1E,B0,00,6B,01,E2,C0,20,24,00,00,5A,01,20,4F,00,00,0C,2B,43,50,2F,00,34,1B,1B,80,22,3F,00,FF,89,03,24,24,00,21,E9
271,nes,current_nes,E45B,30,08,0A,03,00,01,01,00,00,F0,00,00,00,00,00,8B,94,1A,10,00,00,00,00,1E,B0,00,6B,01,E2,C0,20,24,00,00,5A,01,20,4F,00,00,0C,2B,43,50,2F,00,34,1B,1B,80,22,3F,00,FF,89,03,24,24,00,21,E9
272,nes,current_nes,E45C,30,08,0A,03,00,01,01,00,00,F1,00,00,00,00,00,8B,94,1A,10,00,00,00,00,1E,B0,00,6B,01,E2,C0,20,24,00,00,5A,01,20,4F,00,00,0C,2B,43,50,2F,00,34,1B,1B,80,22,3F,00,FF,89,03,24,24,00,21,E9
273,nes,current_nes,E45C,30,08,0A,03,00,01,01,00,00,F2,00,00,00,00,00,8B,94,1A,10,00,00,00,00,1E,B0,00,6B,01,E2,C0,20,24,00,00,5A,01,20,4F,00,00,0C,2B,43,50,2F,00,34,1B,1B,80,22,3F,00,FF,89,03,24,24,00,21,E9
274,nes,current_nes,E45C,30,08,0A,03,00,01,01,00,00,F3,00,00,00,00,00,8B,94,1A,10,00,00,00,00,1E,B0,00,6B,01,E2,C0,20,24,00,00,5A,01,20,4F,00,00,0C,2B,43,50,2F,00,34,1B,1B,80,22,3F,00,FF,89,03,24,24,00,21,E9
275,nes,current_nes,E45B,30,08,0A,03,00,01,01,00,00,F4,00,00,00,00,00,8B,94,1A,10,00,00,00,00,1E,B0,00,6B,01,E2,C0,20,24,00,00,5A,01,20,4F,00,00,0C,2B,43,50,2F,00,34,1B,1B,80,22,3F,00,FF,89,03,24,24,00,21,E9
276,nes,current_nes,E45D,30,08,0A,03,00,01,01,00,00,F5,00,00,00,00,00,8B,94,1A,10,00,00,00,00,1E,B0,00,6B,01,E2,C0,20,24,00,00,5A,01,20,4F,00,00,0C,2B,43,50,2F,00,34,1B,1B,80,22,3F,00,FF,89,03,24,24,00,21,E9
277,nes,current_nes,E45D,30,08,0A,03,00,01,01,00,00,F6,00,00,00,00,00,8B,94,1A,10,00,00,00,00,1E,B0,00,6B,01,E2,C0,20,24,00,00,5A,01,20,4F,00,00,0C,2B,43,50,2F,00,34,1B,1B,80,22,3F,00,FF,89,03,24,24,00,21,E9
278,nes,current_nes,E45D,30,08,0A,03,00,01,01,00,00,F7,00,00,00,00,00,8B,94,1A,10,00,00,00,00,1E,B0,00,6B,01,E2,C0,20,24,00,00,5A,01,20,4F,00,00,0C,2B,43,50,2F,00,34,1B,1B,80,22,3F,00,FF,89,03,24,24,00,21,E9
279,nes,current_nes,E45D,30,08,0A,03,00,01,01,00,00,F8,00,00,00,00,00,8B,94,1A,10,00,00,00,00,1E,B0,00,6B,01,E2,C0,20,24,00,00,5A,01,20,4F,00,00,0C,2B,43,50,2F,00,34,1B,1B,80,22,3F,00,FF,89,03,24,24,00,21,E9
280,nes,current_nes,E45B,30,08,0A,03,00,01,01,00,00,F9,00,00,00,00,00,8B,94,1A,10,00,00,00,00,1E,B0,00,6B,01,E2,C0,20,24,00,00,5A,01,20,4F,00,00,0C,2B,43,50,2F,00,34,1B,1B,80,22,3F,00,FF,89,03,24,24,00,21,E9
281,nes,current_nes,E45B,30,08,0A,03,00,01,01,00,00,FA,00,00,00,00,00,8B,94,1A,10,00,00,00,00,1E,B0,00,6B,01,E2,C0,20,24,00,00,5A,01,20,4F,00,00,0C,2B,43,50,2F,00,34,1B,1B,80,22,3F,00,FF,89,03,24,24,00,21,E9
282,nes,current_nes,E45D,30,08,0A,03,00,01,01,00,00,FB,00,00,00,00,00,8B,94,1A,10,00,00,00,00,1E,B0,00,6B,01,E2,C0,20,24,00,00,5A,01,20,4F,00,00,0C,2B,43,50,2F,00,34,1B,1B,80,22,3F,00,FF,89,03,24,24,00,21,E9
283,nes,current_nes,E45C,30,08,0A,03,00,01,01,00,00,FC,00,00,00,00,00,8B,94,1A,10,00,00,00,00,1E,B0,00,6B,01,E2,C0,20,24,00,00,5A,01,20,4F,00,00,0C,2B,43,50,2F,00,34,1B,1B,80,22,3F,00,FF,89,03,24,24,00,21,E9
284,nes,current_nes,E45D,30,08,0A,03,00,01,01,00,00,FD,00,00,00,00,00,8B,94,1A,10,00,00,00,00,1E,B0,00,6B,01,E2,C0,20,24,00,00,5A,01,20,4F,00,00,0C,2B,43,50,2F,00,34,1B,1B,80,22,3F,00,FF,89,03,24,24,00,21,E9
285,nes,current_nes,E45C,30,08,0A,03,00,01,01,00,00,FE,00,00,00,00,00,8B,94,1A,10,00,00,00,00,1E,B0,00,6B,01,E2,C0,20,24,00,00,5A,01,20,4F,00,00,0C,2B,43,50,2F,00,34,1B,1B,80,22,3F,00,FF,89,03,24,24,00,21,E9
286,nes,current_nes,E45B,30,08,0A,03,00,01,01,00,00,FF,00,00,00,00,00,8B,94,1A,10,00,00,00,00,1E,B0,00,6B,01,E2,C0,20,24,00,00,5A,01,20,4F,00,00,0C,2B,43,50,2F,00,34,1B,1B,80,22,3F,00,FF,89,03,24,24,00,21,E9
287,nes,current_nes,E45C,30,08,0A,03,00,01,01,00,00,00,00,00,00,00,00,8B,94,1A,10,00,00,00,00,1E,B0,00,6B,01,E2,C0,20,24,00,00,5A,01,20,4F,00,00,0C,2B,43,50,2F,00,34,1B,1B,80,22,3F,00,FF,89,03,24,24,00,21,E9
288,nes,current_nes,E45C,30,08,0A,03,00,01,01,00,00,01,00,00,00,00,00,8B,94,1A,10,00,00,00,00,1E,B0,00,6B,01,E2,C0,20,24,00,00,5A,01,20,4F,00,00,0C,2B,43,50,2F,00,34,1B,1B,80,22,3F,00,FF,89,03,24,24,00,21,E9
289,nes,current_nes,E45D,30,08,0A,03,00,01,01,00,00,02,00,00,00,00,00,8B,94,1A,10,00,00,00,00,1E,B0,00,6B,01,E2,C0,20,24,00,00,5A,01,20,4F,00,00,0C,2B,43,50,2F,00,34,1B,1B,80,22,3F,00,FF,89,03,24,24,00,21,E9
290,nes,current_nes,E45C,30,08,0A,03,00,01,01,00,00,03,00,00,00,00,00,8B,94,1A,10,00,00,00,00,1E,B0,00,6B,01,E2,C0,20,24,00,00,5A,01,20,4F,00,00,0C,2B,43,50,2F,00,34,1B,1B,80,22,3F,00,FF,89,03,24,24,00,21,E9
291,nes,current_nes,E45B,30,08,0A,03,00,01,01,00,00,04,00,00,00,00,00,8B,94,1A,10,00,00,00,00,1E,B0,00,6B,01,E2,C0,20,24,00,00,5A,01,20,4F,00,00,0C,2B,43,50,2F,00,34,1B,1B,80,22,3F,00,FF,89,03,24,24,00,21,E9
292,nes,current_nes,E45C,30,08,0A,03,00,01,01,00,00,05,00,00,00,00,00,8B,94,1A,10,00,00,00,00,1E,B0,00,6B,01,E2,C0,20,24,00,00,5A,01,20,4F,00,00,0C,2B,43,50,2F,00,34,1B,1B,80,22,3F,00,FF,89,03,24,24,00,21,E9
293,nes,current_nes,E45D,30,08,0A,03,00,01,01,00,00,06,00,00,00,00,00,8B,94,1A,10,00,00,00,00,1E,B0,00,6B,01,E2,C0,20,24,00,00,5A,01,20,4F,00,00,0C,2B,43,50,2F,00,34,1B,1B,80,22,3F,00,FF,89,03,24,24,00,21,E9
294,nes,current_nes,E45D,30,08,0A,03,00,01,01,00,00,07,00,00,00,00,00,8B,94,1A,10,00,00,00,00,1E,B0,00,6B,01,E2,C0,20,24,00,00,5A,01,20,4F,00,00,0C,2B,43,50,2F,00,34,1B,1B,80,22,3F,00,FF,89,03,24,24,00,21,E9
295,nes,current_nes,E45B,30,08,0A,03,00,01,01,00,00,08,00,00,00,00,00,8B,94,1A,10,00,00,00,00,1E,B0,00,6B,01,E2,C0,20,24,00,00,5A,01,20,4F,00,00,0C,2B,43,50,2F,00,34,1B,1B,80,22,3F,00,FF,89,03,24,24,00,21,E9
296,nes,current_nes,E45D,30,08,0A,03,00,01,01,00,00,09,00,00,00,00,00,8B,94,1A,10,00,00,00,00,1E,B0,00,6B,01,E2,C0,20,24,00,00,5A,01,20,4F,00,00,0C,2B,43,50,2F,00,34,1B,1B,80,22,3F,00,FF,89,03,24,24,00,21,E9
297,nes,current_nes,E45D,30,08,0A,03,00,01,01,00,00,0A,00,00,00,00,00,8B,94,1A,10,00,00,00,00,1E,B0,00,6B,01,E2,C0,20,24,00,00,5A,01,20,4F,00,00,0C,2B,43,50,2F,00,34,1B,1B,80,22,3F,00,FF,89,03,24,24,00,21,E9
298,nes,current_nes,E45C,30,08,0A,03,00,01,01,00,00,0B,00,00,00,00,00,8B,94,1A,10,00,00,00,00,1E,B0,00,6B,01,E2,C0,20,24,00,00,5A,01,20,4F,00,00,0C,2B,43,50,2F,00,34,1B,1B,80,22,3F,00,FF,89,03,24,24,00,21,E9
299,nes,current_nes,E45D,30,08,0A,03,00,01,01,00,00,0C,00,00,00,00,00,8B,94,1A,10,00,00,00,00,1E,B0,00,6B,01,E2,C0,20,24,00,00,5A,01,20,4F,00,00,0C,2B,43,50,2F,00,34,1B,1B,80,22,3F,00,FF,89,03,24,24,00,21,E9
300,nes,current_nes,E45D,30,08,0A,03,00,01,01,00,00,0D,00,00,00,00,00,8B,94,1A,10,00,00,00,00,1E,B0,00,6B,01,E2,C0,20,24,00,00,5A,01,20,4F,00,00,0C,2B,43,50,2F,00,34,1B,1B,80,22,3F,00,FF,89,03,24,24,00,21,E9
301,nes,current_nes,E45D,30,08,0A,03,00,01,01,00,00,0E,00,00,00,00,00,8B,94,1A,10,00,00,00,00,1E,B0,00,6B,01,E2,C0,20,24,00,00,5A,01,20,4F,00,00,0C,2B,43,50,2F,00,34,1B,1B,80,22,3F,00,FF,89,03,24,24,00,21,E9
302,nes,current_nes,E45C,30,08,0A,03,00,01,01,00,00,0F,00,00,00,00,00,8B,94,1A,10,00,00,00,00,1E,B0,00,6B,01,E2,C0,20,24,00,00,5A,01,20,4F,00,00,0C,2B,43,50,2F,00,34,1B,1B,80,22,3F,00,FF,89,03,24,24,00,21,E9
303,nes,current_nes,E45C,30,08,0A,03,00,01,01,00,00,10,00,00,00,00,00,8B,94,1A,10,00,00,00,00,1E,B0,00,6B,01,E2,C0,20,24,00,00,5A,01,20,4F,00,00,0C,2B,43,50,2F,00,34,1B,1B,80,22,3F,00,FF,89,03,24,24,00,21,E9
304,nes,current_nes,E45C,30,08,0A,03,00,01,01,00,00,11,00,00,00,00,00,8B,94,1A,10,00,00,00,00,1E,B0,00,6B,01,E2,C0,20,24,00,00,5A,01,20,4F,00,00,0C,2B,43,50,2F,00,34,1B,1B,80,22,3F,00,FF,89,03,24,24,00,21,E9
305,nes,current_nes,E45B,30,08,0A,03,00,01,01,00,00,12,00,00,00,00,00,8B,94,1A,10,00,00,00,00,1E,B0,00,6B,01,E2,C0,20,24,00,00,5A,01,20,4F,00,00,0C,2B,43,50,2F,00,34,1B,1B,80,22,3F,00,FF,89,03,24,24,00,21,E9
306,nes,current_nes,E45B,30,08,0A,03,00,01,01,00,00,13,00,00,00,00,00,8B,94,1A,10,00,00,00,00,1E,B0,00,6B,01,E2,C0,20,24,00,00,5A,01,20,4F,00,00,0C,2B,43,50,2F,00,34,1B,1B,80,22,3F,00,FF,89,03,24,24,00,21,E9
307,nes,current_nes,E45D,30,08,0A,03,00,01,01,00,00,14,00,00,00,00,00,8B,94,1A,10,00,00,00,00,1E,B0,00,6B,01,E2,C0,20,24,00,00,5A,01,20,4F,00,00,0C,2B,43,50,2F,00,34,1B,1B,80,22,3F,00,FF,89,03,24,24,00,21,E9
308,nes,current_nes,E45B,30,08,0A,03,00,01,01,00,00,15,00,00,00,00,00,8B,94,1A,10,00,00,00,00,1E,B0,00,6B,01,E2,C0,20,24,00,00,5A,01,20,4F,00,00,0C,2B,43,50,2F,00,34,1B,1B,80,22,3F,00,FF,89,03,24,24,00,21,E9
309,nes,current_nes,E45B,30,08,0A,03,00,01,01,00,00,16,00,00,00,00,00,8B,94,1A,10,00,00,00,00,1E,B0,00,6B,01,E2,C0,20,24,00,00,5A,01,20,4F,00,00,0C,2B,43,50,2F,00,34,1B,1B,80,22,3F,00,FF,89,03,24,24,00,21,E9
310,nes,current_nes,E45B,30,08,0A,03,00,01,01,00,00,17,00,00,00,00,00,8B,94,1A,10,00,00,00,00,1E,B0,00,6B,01,E2,C0,20,24,00,00,5A,01,20,4F,00,00,0C,2B,43,50,2F,00,34,1B,1B,80,22,3F,00,FF,89,03,24,24,00,21,E9
311,nes,current_nes,E45D,30,08,0A,03,00,01,01,00,00,18,00,00,00,00,00,8B,94,1A,10,00,00,00,00,1E,B0,00,6B,01,E2,C0,20,24,00,00,5A,01,20,4F,00,00,0C,2B,43,50,2F,00,34,1B,1B,80,22,3F,00,FF,89,03,24,24,00,21,E9
312,nes,current_nes,E45D,30,08,0A,03,00,01,01,00,00,19,00,00,00,00,00,8B,94,1A,10,00,00,00,00,1E,B0,00,6B,01,E2,C0,20,24,00,00,5A,01,20,4F,00,00,0C,2B,43,50,2F,00,34,1B,1B,80,22,3F,00,FF,89,03,24,24,00,21,E9
313,nes,current_nes,E45B,30,08,0A,03,00,01,01,00,00,1A,00,00,00,00,00,8B,94,1A,10,00,00,00,00,1E,B0,00,6B,01,E2,C0,20,24,00,00,5A,01,20,4F,00,00,0C,2B,43,50,2F,00,34,1B,1B,80,22,3F,00,FF,89,03,24,24,00,21,E9
314,nes,current_nes,E45B,30,08,0A,03,00,01,01,00,00,1B,00,00,00,00,00,8B,94,1A,10,00,00,00,00,1E,B0,00,6B,01,E2,C0,20,24,00,00,5A,01,20,4F,00,00,0C,2B,43,50,2F,00,34,1B,1B,80,22,3F,00,FF,89,03,24,24,00,21,E9
315,nes,current_nes,E45C,30,08,0A,03,00,01,01,00,00,1C,00,00,00,00,00,8B,94,1A,10,00,00,00,00,1E,B0,00,6B,01,E2,C0,20,24,00,00,5A,01,20,4F,00,00,0C,2B,43,50,2F,00,34,1B,1B,80,22,3F,00,FF,89,03,24,24,00,21,E9
316,nes,current_nes,E45D,30,08,0A,03,00,01,01,00,00,1D,00,00,00,00,00,8B,94,1A,10,00,00,00,00,1E,B0,00,6B,01,E2,C0,20,24,00,00,5A,01,20,4F,00,00,0C,2B,43,50,2F,00,34,1B,1B,80,22,3F,00,FF,89,03,24,24,00,21,E9
317,nes,current_nes,E45C,30,08,0A,03,00,01,01,00,00,1E,00,00,00,00,00,8B,94,1A,10,00,00,00,00,1E,B0,00,6B,01,E2,C0,20,24,00,00,5A,01,20,4F,00,00,0C,2B,43,50,2F,00,34,1B,1B,80,22,3F,00,FF,89,03,24,24,00,21,E9
318,nes,current_nes,E45C,30,08,0A,03,00,01,01,00,00,1F,00,00,00,00,00,8B,94,1A,10,00,00,00,00,1E,B0,00,6B,01,E2,C0,20,24,00,00,5A,01,20,4F,00,00,0C,2B,43,50,2F,00,34,1B,1B,80,22,3F,00,FF,89,03,24,24,00,21,E9
319,nes,current_nes,E45D,30,08,0A,03,00,01,01,00,00,20,00,00,00,00,00,8B,94,1A,10,00,00,00,00,1E,B0,00,6B,01,E2,C0,20,24,00,00,5A,01,20,4F,00,00,0C,2B,43,50,2F,00,34,1B,1B,80,22,3F,00,FF,89,03,24,24,00,21,E9
320,nes,current_nes,E45D,30,08,0A,03,00,01,01,00,00,21,00,00,00,00,00,8B,94,1A,10,00,00,00,00,1E,B0,00,6B,01,E2,C0,20,24,00,00,5A,01,20,4F,00,00,0C,2B,43,50,2F,00,34,1B,1B,80,22,3F,00,FF,89,03,24,24,00,21,E9
321,nes,current_nes,E45C,30,08,0A,03,00,01,01,00,00,22,00,00,00,00,00,8B,94,1A,10,00,00,00,00,1E,B0,00,6B,01,E2,C0,20,24,00,00,5A,01,20,4F,00,00,0C,2B,43,50,2F,00,34,1B,1B,80,22,3F,00,FF,89,03,24,24,00,21,E9
322,nes,current_nes,E45D,30,08,0A,03,00,01,01,00,00,23,00,00,00,00,00,8B,94,1A,10,00,00,00,00,1E,B0,00,6B,01,E2,C0,20,24,00,00,5A,01,20,4F,00,00,0C,2B,43,50,2F,00,34,1B,1B,80,22,3F,00,FF,89,03,24,24,00,21,E9
323,nes,current_nes,E45C,30,08,0A,03,00,01,01,00,00,24,00,00,00,00,00,8B,94,1A,10,00,00,00,00,1E,B0,00,6B,01,E2,C0,20,24,00,00,5A,01,20,4F,00,00,0C,2B,43,50,2F,00,34,1B,1B,80,22,3F,00,FF,89,03,24,24,00,21,E9
324,nes,current_nes,E45C,30,08,0A,03,00,01,01,00,00,25,00,00,00,00,00,8B,94,1A,10,00,00,00,00,1E,B0,00,6B,01,E2,C0,20,24,00,00,5A,01,20,4F,00,00,0C,2B,43,50,2F,00,34,1B,1B,80,22,3F,00,FF,89,03,24,24,00,21,E9
325,nes,current_nes,E45D,30,08,0A,03,00,01,01,00,00,26,00,00,00,00,00,8B,94,1A,10,00,00,00,00,1E,B0,00,6B,01,E2,C0,20,24,00,00,5A,01,20,4F,00,00,0C,2B,43,50,2F,00,34,1B,1B,80,22,3F,00,FF,89,03,24,24,00,21,E9
326,nes,current_nes,E45B,30,08,0A,03,00,01,01,00,00,27,00,00,00,00,00,8B,94,1A,10,00,00,00,00,1E,B0,00,6B,01,E2,C0,20,24,00,00,5A,01,20,4F,00,00,0C,2B,43,50,2F,00,34,1B,1B,80,22,3F,00,FF,89,03,24,24,00,21,E9
327,nes,current_nes,E45C,30,08,0A,03,00,01,01,00,00,28,00,00,00,00,00,8B,94,1A,10,00,00,00,00,1E,B0,00,6B,01,E2,C0,20,24,00,00,5A,01,20,4F,00,00,0C,2B,43,50,2F,00,34,1B,1B,80,22,3F,00,FF,89,03,24,24,00,21,E9
328,nes,current_nes,E45D,30,08,0A,03,00,01,01,00,00,29,00,00,00,00,00,8B,94,1A,10,00,00,00,00,1E,B0,00,6B,01,E2,C0,20,24,00,00,5A,01,20,4F,00,00,0C,2B,43,50,2F,00,34,1B,1B,80,22,3F,00,FF,89,03,24,24,00,21,E9
329,nes,current_nes,E45D,30,08,0A,03,00,01,01,00,00,2A,00,00,00,00,00,8B,94,1A,10,00,00,00,00,1E,B0,00,6B,01,E2,C0,20,24,00,00,5A,01,20,4F,00,00,0C,2B,43,50,2F,00,34,1B,1B,80,22,3F,00,FF,89,03,24,24,00,21,E9
330,nes,current_nes,E45C,30,08,0A,03,00,01,01,00,00,2B,00,00,00,00,00,8B,94,1A,10,00,00,00,00,1E,B0,00,6B,01,E2,C0,20,24,00,00,5A,01,20,4F,00,00,0C,2B,43,50,2F,00,34,1B,1B,80,22,3F,00,FF,89,03,24,24,00,21,E9
331,nes,current_nes,E45B,30,08,0A,03,00,01,01,00,00,2C,00,00,00,00,00,8B,94,1A,10,00,00,00,00,1E,B0,00,6B,01,E2,C0,20,24,00,00,5A,01,20,4F,00,00,0C,2B,43,50,2F,00,34,1B,1B,80,22,3F,00,FF,89,03,24,24,00,21,E9
332,nes,current_nes,E45D,30,08,0A,03,00,01,01,00,00,2D,00,00,00,00,00,8B,94,1A,10,00,00,00,00,1E,B0,00,6B,01,E2,C0,20,24,00,00,5A,01,20,4F,00,00,0C,2B,43,50,2F,00,34,1B,1B,80,22,3F,00,FF,89,03,24,24,00,21,E9
333,nes,current_nes,E45B,30,08,0A,03,00,01,01,00,00,2E,00,00,00,00,00,8B,94,1A,10,00,00,00,00,1E,B0,00,6B,01,E2,C0,20,24,00,00,5A,01,20,4F,00,00,0C,2B,43,50,2F,00,34,1B,1B,80,22,3F,00,FF,89,03,24,24,00,21,E9
334,nes,current_nes,E45C,30,08,0A,03,00,01,01,00,00,2F,00,00,00,00,00,8B,94,1A,10,00,00,00,00,1E,B0,00,6B,01,E2,C0,20,24,00,00,5A,01,20,4F,00,00,0C,2B,43,50,2F,00,34,1B,1B,80,22,3F,00,FF,89,03,24,24,00,21,E9
335,nes,current_nes,E45B,30,08,0A,03,00,01,01,00,00,30,00,00,00,00,00,8B,94,1A,10,00,00,00,00,1E,B0,00,6B,01,E2,C0,20,24,00,00,5A,01,20,4F,00,00,0C,2B,43,50,2F,00,34,1B,1B,80,22,3F,00,FF,89,03,24,24,00,21,E9
336,nes,current_nes,E45D,30,08,0A,03,00,01,01,00,00,31,00,00,00,00,00,8B,94,1A,10,00,00,00,00,1E,B0,00,6B,01,E2,C0,20,24,00,00,5A,01,20,4F,00,00,0C,2B,43,50,2F,00,34,1B,1B,80,22,3F,00,FF,89,03,24,24,00,21,E9
337,nes,current_nes,E45D,30,08,0A,03,00,01,01,00,00,32,00,00,00,00,00,8B,94,1A,10,00,00,00,00,1E,B0,00,6B,01,E2,C0,20,24,00,00,5A,01,20,4F,00,00,0C,2B,43,50,2F,00,34,1B,1B,80,22,3F,00,FF,89,03,24,24,00,21,E9
338,nes,current_nes,E45C,30,08,0A,03,00,01,01,00,00,33,00,00,00,00,00,8B,94,1A,10,00,00,00,00,1E,B0,00,6B,01,E2,C0,20,24,00,00,5A,01,20,4F,00,00,0C,2B,43,50,2F,00,34,1B,1B,80,22,3F,00,FF,89,03,24,24,00,21,E9
339,nes,current_nes,E45D,30,08,0A,03,00,01,01,00,00,34,00,00,00,00,00,8B,94,1A,10,00,00,00,00,1E,B0,00,6B,01,E2,C0,20,24,00,00,5A,01,20,4F,00,00,0C,2B,43,50,2F,00,34,1B,1B,80,22,3F,00,FF,89,03,24,24,00,21,E9
340,nes,current_nes,E45B,30,08,0A,03,00,01,01,00,00,35,00,00,00,00,00,8B,94,1A,10,00,00,00,00,1E,B0,00,6B,01,E2,C0,20,24,00,00,5A,01,20,4F,00,00,0C,2B,43,50,2F,00,34,1B,1B,80,22,3F,00,FF,89,03,24,24,00,21,E9
341,nes,current_nes,E45D,30,08,0A,03,00,01,01,00,00,36,00,00,00,00,00,8B,94,1A,10,00,00,00,00,1E,B0,00,6B,01,E2,C0,20,24,00,00,5A,01,20,4F,00,00,0C,2B,43,50,2F,00,34,1B,1B,80,22,3F,00,FF,89,03,24,24,00,21,E9
342,nes,current_nes,E45C,30,08,0A,03,00,01,01,00,00,37,00,00,00,00,00,8B,94,1A,10,00,00,00,00,1E,B0,00,6B,01,E2,C0,20,24,00,00,5A,01,20,4F,00,00,0C,2B,43,50,2F,00,34,1B,1B,80,22,3F,00,FF,89,03,24,24,00,21,E9
343,nes,current_nes,E45B,30,08,0A,03,00,01,01,00,00,38,00,00,00,00,00,8B,94,1A,10,00,00,00,00,1E,B0,00,6B,01,E2,C0,20,24,00,00,5A,01,20,4F,00,00,0C,2B,43,50,2F,00,34,1B,1B,80,22,3F,00,FF,89,03,24,24,00,21,E9
344,nes,current_nes,E45B,30,08,0A,03,00,01,01,00,00,39,00,00,00,00,00,8B,94,1A,10,00,00,00,00,1E,B0,00,6B,01,E2,C0,20,24,00,00,5A,01,20,4F,00,00,0C,2B,43,50,2F,00,34,1B,1B,80,22,3F,00,FF,89,03,24,24,00,21,E9
345,nes,current_nes,E45B,30,08,0A,03,00,01,01,00,00,3A,00,00,00,00,00,8B,94,1A,10,00,00,00,00,1E,B0,00,6B,01,E2,C0,20,24,00,00,5A,01,20,4F,00,00,0C,2B,43,50,2F,00,34,1B,1B,80,22,3F,00,FF,89,03,24,24,00,21,E9
346,nes,current_nes,E45B,30,08,0A,03,00,01,01,00,00,3B,00,00,00,00,00,8B,94,1A,10,00,00,00,00,1E,B0,00,6B,01,E2,C0,20,24,00,00,5A,01,20,4F,00,00,0C,2B,43,50,2F,00,34,1B,1B,80,22,3F,00,FF,89,03,24,24,00,21,E9
347,nes,current_nes,E45D,30,08,0A,03,00,01,01,00,00,3C,00,00,00,00,00,8B,94,1A,10,00,00,00,00,1E,B0,00,6B,01,E2,C0,20,24,00,00,5A,01,20,4F,00,00,0C,2B,43,50,2F,00,34,1B,1B,80,22,3F,00,FF,89,03,24,24,00,21,E9
348,nes,current_nes,E45B,30,08,0A,03,00,01,01,00,00,3D,00,00,00,00,00,8B,94,1A,10,00,00,00,00,1E,B0,00,6B,01,E2,C0,20,24,00,00,5A,01,20,4F,00,00,0C,2B,43,50,2F,00,34,1B,1B,80,22,3F,00,FF,89,03,24,24,00,21,E9
349,nes,current_nes,E45B,30,08,0A,03,00,01,01,00,00,3E,00,00,00,00,00,8B,94,1A,10,00,00,00,00,1E,B0,00,6B,01,E2,C0,20,24,00,00,5A,01,20,4F,00,00,0C,2B,43,50,2F,00,34,1B,1B,80,22,3F,00,FF,89,03,24,24,00,21,E9
350,nes,current_nes,E45C,30,08,0A,03,00,01,01,00,00,3F,00,00,00,00,00,8B,94,1A,10,00,00,00,00,1E,B0,00,6B,01,E2,C0,20,24,00,00,5A,01,20,4F,00,00,0C,2B,43,50,2F,00,34,1B,1B,80,22,3F,00,FF,89,03,24,24,00,21,E9
351,nes,current_nes,E45B,30,08,0A,03,00,01,01,00,00,40,00,00,00,00,00,8B,94,1A,10,00,00,00,00,1E,B0,00,6B,01,E2,C0,20,24,00,00,5A,01,20,4F,00,00,0C,2B,43,50,2F,00,34,1B,1B,80,22,3F,00,FF,89,03,24,24,00,21,E9
352,nes,current_nes,E45D,30,08,0A,03,00,01,01,00,00,41,00,00,00,00,00,8B,94,1A,10,00,00,00,00,1E,B0,00,6B,01,E2,C0,20,24,00,00,5A,01,20,4F,00,00,0C,2B,43,50,2F,00,34,1B,1B,80,22,3F,00,FF,89,03,24,24,00,21,E9
353,nes,current_nes,E45B,30,08,0A,03,00,01,01,00,00,42,00,00,00,00,00,8B,94,1A,10,00,00,00,00,1E,B0,00,6B,01,E2,C0,20,24,00,00,5A,01,20,4F,00,00,0C,2B,43,50,2F,00,34,1B,1B,80,22,3F,00,FF,89,03,24,24,00,21,E9
354,nes,current_nes,E45B,30,08,0A,03,00,01,01,00,00,43,00,00,00,00,00,8B,94,1A,10,00,00,00,00,1E,B0,00,6B,01,E2,C0,20,24,00,00,5A,01,20,4F,00,00,0C,2B,43,50,2F,00,34,1B,1B,80,22,3F,00,FF,89,03,24,24,00,21,E9
355,nes,current_nes,E45D,30,08,0A,03,00,01,01,00,00,44,00,00,00,00,00,8B,94,1A,10,00,00,00,00,1E,B0,00,6B,01,E2,C0,20,24,00,00,5A,01,20,4F,00,00,0C,2B,43,50,2F,00,34,1B,1B,80,22,3F,00,FF,89,03,24,24,00,21,E9
356,nes,current_nes,E45D,30,08,0A,03,00,01,01,00,00,45,00,00,00,00,00,8B,94,1A,10,00,00,00,00,1E,B0,00,6B,01,E2,C0,20,24,00,00,5A,01,20,4F,00,00,0C,2B,43,50,2F,00,34,1B,1B,80,22,3F,00,FF,89,03,24,24,00,21,E9
357,nes,current_nes,E45D,30,08,0A,03,00,01,01,00,00,46,00,00,00,00,00,8B,94,1A,10,00,00,00,00,1E,B0,00,6B,01,E2,C0,20,24,00,00,5A,01,20,4F,00,00,0C,2B,43,50,2F,00,34,1B,1B,80,22,3F,00,FF,89,03,24,24,00,21,E9
358,nes,current_nes,E45D,30,08,0A,03,00,01,01,00,00,47,00,00,00,00,00,8B,94,1A,10,00,00,00,00,1E,B0,00,6B,01,E2,C0,20,24,00,00,5A,01,20,4F,00,00,0C,2B,43,50,2F,00,34,1B,1B,80,22,3F,00,FF,89,03,24,24,00,21,E9
359,nes,current_nes,E45B,30,08,0A,03,00,01,01,00,00,48,00,00,00,00,00,8B,94,1A,10,00,00,00,00,1E,B0,00,6B,01,E2,C0,20,24,00,00,5A,01,20,4F,00,00,0C,2B,43,50,2F,00,34,1B,1B,80,22,3F,00,FF,89,03,24,24,00,21,E9
360,nes,current_nes,E45D,30,08,0A,03,00,01,01,00,00,49,00,00,00,00,00,8B,94,1A,10,00,00,00,00,1E,B0,00,6B,01,E2,C0,20,24,00,00,5A,01,20,4F,00,00,0C,2B,43,50,2F,00,34,1B,1B,80,22,3F,00,FF,89,03,24,24,00,21,E9
361,nes,current_nes,E45C,30,08,0A,03,00,01,01,00,00,4A,00,00,00,00,00,8B,94,1A,10,00,00,00,00,1E,B0,00,6B,01,E2,C0,20,24,00,00,5A,01,20,4F,00,00,0C,2B,43,50,2F,00,34,1B,1B,80,22,3F,00,FF,89,03,24,24,00,21,E9
362,nes,current_nes,E45B,30,08,0A,03,00,01,01,00,00,4B,00,00,00,00,00,8B,94,1A,10,00,00,00,00,1E,B0,00,6B,01,E2,C0,20,24,00,00,5A,01,20,4F,00,00,0C,2B,43,50,2F,00,34,1B,1B,80,22,3F,00,FF,89,03,24,24,00,21,E9
363,nes,current_nes,E45C,30,08,0A,03,00,01,01,00,00,4C,00,00,00,00,00,8B,94,1A,10,00,00,00,00,1E,B0,00,6B,01,E2,C0,20,24,00,00,5A,01,20,4F,00,00,0C,2B,43,50,2F,00,34,1B,1B,80,22,3F,00,FF,89,03,24,24,00,21,E9
364,nes,current_nes,E45D,30,08,0A,03,00,01,01,00,00,4D,00,00,00,00,00,8B,94,1A,10,00,00,00,00,1E,B0,00,6B,01,E2,C0,20,24,00,00,5A,01,20,4F,00,00,0C,2B,43,50,2F,00,34,1B,1B,80,22,3F,00,FF,89,03,24,24,00,21,E9
365,nes,current_nes,E45D,30,08,0A,03,00,01,01,00,00,4E,00,00,00,00,00,8B,94,1A,10,00,00,00,00,1E,B0,00,6B,01,E2,C0,20,24,00,00,5A,01,20,4F,00,00,0C,2B,43,50,2F,00,34,1B,1B,80,22,3F,00,FF,89,03,24,24,00,21,E9
366,nes,current_nes,E45B,30,08,0A,03,00,01,01,00,00,4F,00,00,00,00,00,8B,94,1A,10,00,00,00,00,1E,B0,00,6B,01,E2,C0,20,24,00,00,5A,01,20,4F,00,00,0C,2B,43,50,2F,00,34,1B,1B,80,22,3F,00,FF,89,03,24,24,00,21,E9
367,nes,current_nes,E45C,30,08,0A,03,00,01,01,00,00,50,00,00,00,00,00,8B,94,1A,10,00,00,00,00,1E,B0,00,6B,01,E2,C0,20,24,00,00,5A,01,20,4F,00,00,0C,2B,43,50,2F,00,34,1B,1B,80,22,3F,00,FF,89,03,24,24,00,21,E9
368,nes,current_nes,E45D,30,08,0A,03,00,01,01,00,00,51,00,00,00,00,00,8B,94,1A,10,00,00,00,00,1E,B0,00,6B,01,E2,C0,20,24,00,00,5A,01,20,4F,00,00,0C,2B,43,50,2F,00,34,1B,1B,80,22,3F,00,FF,89,03,24,24,00,21,E9
369,nes,current_nes,E45C,30,08,0A,03,00,01,01,00,00,52,00,00,00,00,00,8B,94,1A,10,00,00,00,00,1E,B0,00,6B,01,E2,C0,20,24,00,00,5A,01,20,4F,00,00,0C,2B,43,50,2F,00,34,1B,1B,80,22,3F,00,FF,89,03,24,24,00,21,E9
370,nes,current_nes,E45B,30,08,0A,03,00,01,01,00,00,53,00,00,00,00,00,8B,94,1A,10,00,00,00,00,1E,B0,00,6B,01,E2,C0,20,24,00,00,5A,01,20,4F,00,00,0C,2B,43,50,2F,00,34,1B,1B,80,22,3F,00,FF,89,03,24,24,00,21,E9
371,nes,current_nes,E45C,30,08,0A,03,00,01,01,00,00,54,00,00,00,00,00,8B,94,1A,10,00,00,00,00,1E,B0,00,6B,01,E2,C0,20,24,00,00,5A,01,20,4F,00,00,0C,2B,43,50,2F,00,34,1B,1B,80,22,3F,00,FF,89,03,24,24,00,21,E9
372,nes,current_nes,E45C,30,08,0A,03,00,01,01,00,00,55,00,00,00,00,00,8B,94,1A,10,00,00,00,00,1E,B0,00,6B,01,E2,C0,20,24,00,00,5A,01,20,4F,00,00,0C,2B,43,50,2F,00,34,1B,1B,80,22,3F,00,FF,89,03,24,24,00,21,E9
373,nes,current_nes,E45C,30,08,0A,03,00,01,01,00,00,56,00,00,00,00,00,8B,94,1A,10,00,00,00,00,1E,B0,00,6B,01,E2,C0,20,24,00,00,5A,01,20,4F,00,00,0C,2B,43,50,2F,00,34,1B,1B,80,22,3F,00,FF,89,03,24,24,00,21,E9
374,nes,current_nes,E45B,30,08,0A,03,00,01,01,00,00,57,00,00,00,00,00,8B,94,1A,10,00,00,00,00,1E,B0,00,6B,01,E2,C0,20,24,00,00,5A,01,20,4F,00,00,0C,2B,43,50,2F,00,34,1B,1B,80,22,3F,00,FF,89,03,24,24,00,21,E9
375,nes,current_nes,E45C,30,08,0A,03,00,01,01,00,00,58,00,00,00,00,00,8B,94,1A,10,00,00,00,00,1E,B0,00,6B,01,E2,C0,20,24,00,00,5A,01,20,4F,00,00,0C,2B,43,50,2F,00,34,1B,1B,80,22,3F,00,FF,89,03,24,24,00,21,E9
376,nes,current_nes,E45D,30,08,0A,03,00,01,01,00,00,59,00,00,00,00,00,8B,94,1A,10,00,00,00,00,1E,B0,00,6B,01,E2,C0,20,24,00,00,5A,01,20,4F,00,00,0C,2B,43,50,2F,00,34,1B,1B,80,22,3F,00,FF,89,03,24,24,00,21,E9
377,nes,current_nes,E45C,30,08,0A,03,00,01,01,00,00,5A,00,00,00,00,00,8B,94,1A,10,00,00,00,00,1E,B0,00,6B,01,E2,C0,20,24,00,00,5A,01,20,4F,00,00,0C,2B,43,50,2F,00,34,1B,1B,80,22,3F,00,FF,89,03,24,24,00,21,E9
378,nes,current_nes,E45C,30,08,0A,03,00,01,01,00,00,5B,00,00,00,00,00,8B,94,1A,10,00,00,00,00,1E,B0,00,6B,01,E2,C0,20,24,00,00,5A,01,20,4F,00,00,0C,2B,43,50,2F,00,34,1B,1B,80,22,3F,00,FF,89,03,24,24,00,21,E9
379,nes,current_nes,E45B,30,08,0A,03,00,01,01,00,00,5C,00,00,00,00,00,8B,94,1A,10,00,00,00,00,1E,B0,00,6B,01,E2,C0,20,24,00,00,5A,01,20,4F,00,00,0C,2B,43,50,2F,00,34,1B,1B,80,22,3F,00,FF,89,03,24,24,00,21,E9
380,nes,current_nes,E45D,30,08,0A,03,00,01,01,00,00,5D,00,00,00,00,00,8B,94,1A,10,00,00,00,00,1E,B0,00,6B,01,E2,C0,20,24,00,00,5A,01,20,4F,00,00,0C,2B,43,50,2F,00,34,1B,1B,80,22,3F,00,FF,89,03,24,24,00,21,E9
381,nes,current_nes,E45D,30,08,0A,03,00,01,01,00,00,5E,00,00,00,00,00,8B,94,1A,10,00,00,00,00,1E,B0,00,6B,01,E2,C0,20,24,00,00,5A,01,20,4F,00,00,0C,2B,43,50,2F,00,34,1B,1B,80,22,3F,00,FF,89,03,24,24,00,21,E9
382,nes,current_nes,E45C,30,08,0A,03,00,01,01,00,00,5F,00,00,00,00,00,8B,94,1A,10,00,00,00,00,1E,B0,00,6B,01,E2,C0,20,24,00,00,5A,01,20,4F,00,00,0C,2B,43,50,2F,00,34,1B,1B,80,22,3F,00,FF,89,03,24,24,00,21,E9
383,nes,current_nes,E45C,30,08,0A,03,00,01,01,00,00,60,00,00,00,00,00,8B,94,1A,10,00,00,00,00,1E,B0,00,6B,01,E2,C0,20,24,00,00,5A,01,20,4F,00,00,0C,2B,43,50,2F,00,34,1B,1B,80,22,3F,00,FF,89,03,24,24,00,21,E9
384,nes,current_nes,E45D,30,08,0A,03,00,01,01,00,00,61,00,00,00,00,00,8B,94,1A,10,00,00,00,00,1E,B0,00,6B,01,E2,C0,20,24,00,00,5A,01,20,4F,00,00,0C,2B,43,50,2F,00,34,1B,1B,80,22,3F,00,FF,89,03,24,24,00,21,E9
385,nes,current_nes,E45C,30,08,0A,03,00,01,01,00,00,62,00,00,00,00,00,8B,94,1A,10,00,00,00,00,1E,B0,00,6B,01,E2,C0,20,24,00,00,5A,01,20,4F,00,00,0C,2B,43,50,2F,00,34,1B,1B,80,22,3F,00,FF,89,03,24,24,00,21,E9
386,nes,current_nes,E45D,30,08,0A,03,00,01,01,00,00,63,00,00,00,00,00,8B,94,1A,10,00,00,00,00,1E,B0,00,6B,01,E2,C0,20,24,00,00,5A,01,20,4F,00,00,0C,2B,43,50,2F,00,34,1B,1B,80,22,3F,00,FF,89,03,24,24,00,21,E9
387,nes,current_nes,E45B,30,08,0A,03,00,01,01,00,00,64,00,00,00,00,00,8B,94,1A,10,00,00,00,00,1E,B0,00,6B,01,E2,C0,20,24,00,00,5A,01,20,4F,00,00,0C,2B,43,50,2F,00,34,1B,1B,80,22,3F,00,FF,89,03,24,24,00,21,E9
388,nes,current_nes,E45D,30,08,0A,03,00,01,01,00,00,65,00,00,00,00,00,8B,94,1A,10,00,00,00,00,1E,B0,00,6B,01,E2,C0,20,24,00,00,5A,01,20,4F,00,00,0C,2B,43,50,2F,00,34,1B,1B,80,22,3F,00,FF,89,03,24,24,00,21,E9
389,nes,current_nes,E45C,30,08,0A,03,00,01,01,00,00,66,00,00,00,00,00,8B,94,1A,10,00,00,00,00,1E,B0,00,6B,01,E2,C0,20,24,00,00,5A,01,20,4F,00,00,0C,2B,43,50,2F,00,34,1B,1B,80,22,3F,00,FF,89,03,24,24,00,21,E9
390,nes,current_nes,E45B,30,08,0A,03,00,01,01,00,00,67,00,00,00,00,00,8B,94,1A,10,00,00,00,00,1E,B0,00,6B,01,E2,C0,20,24,00,00,5A,01,20,4F,00,00,0C,2B,43,50,2F,00,34,1B,1B,80,22,3F,00,FF,89,03,24,24,00,21,E9
391,nes,current_nes,E45D,30,08,0A,03,00,01,01,00,00,68,00,00,00,00,00,8B,94,1A,10,00,00,00,00,1E,B0,00,6B,01,E2,C0,20,24,00,00,5A,01,20,4F,00,00,0C,2B,43,50,2F,00,34,1B,1B,80,22,3F,00,FF,89,03,24,24,00,21,E9
392,nes,current_nes,E45D,30,08,0A,03,00,01,01,00,00,69,00,00,00,00,00,8B,94,1A,10,00,00,00,00,1E,B0,00,6B,01,E2,C0,20,24,00,00,5A,01,20,4F,00,00,0C,2B,43,50,2F,00,34,1B,1B,80,22,3F,00,FF,89,03,24,24,00,21,E9
393,nes,current_nes,E45B,30,08,0A,03,00,01,01,00,00,6A,00,00,00,00,00,8B,94,1A,10,00,00,00,00,1E,B0,00,6B,01,E2,C0,20,24,00,00,5A,01,20,4F,00,00,0C,2B,43,50,2F,00,34,1B,1B,80,22,3F,00,FF,89,03,24,24,00,21,E9
394,nes,current_nes,E45B,30,08,0A,03,00,01,01,00,00,6B,00,00,00,00,00,8B,94,1A,10,00,00,00,00,1E,B0,00,6B,01,E2,C0,20,24,00,00,5A,01,20,4F,00,00,0C,2B,43,50,2F,00,34,1B,1B,80,22,3F,00,FF,89,03,24,24,00,21,E9
395,nes,current_nes,E45D,30,08,0A,03,00,01,01,00,00,6C,00,00,00,00,00,8B,94,1A,10,00,00,00,00,1E,B0,00,6B,01,E2,C0,20,24,00,00,5A,01,20,4F,00,00,0C,2B,43,50,2F,00,34,1B,1B,80,22,3F,00,FF,89,03,24,24,00,21,E9
396,nes,current_nes,E45D,30,08,0A,03,00,01,01,00,00,6D,00,00,00,00,00,8B,94,1A,10,00,00,00,00,1E,B0,00,6B,01,E2,C0,20,24,00,00,5A,01,20,4F,00,00,0C,2B,43,50,2F,00,34,1B,1B,80,22,3F,00,FF,89,03,24,24,00,21,E9
397,nes,current_nes,E45C,30,08,0A,03,00,01,01,00,00,6E,00,00,00,00,00,8B,94,1A,10,00,00,00,00,1E,B0,00,6B,01,E2,C0,20,24,00,00,5A,01,20,4F,00,00,0C,2B,43,50,2F,00,34,1B,1B,80,22,3F,00,FF,89,03,24,24,00,21,E9
398,nes,current_nes,E45C,30,08,0A,03,00,01,01,00,00,6F,00,00,00,00,00,8B,94,1A,10,00,00,00,00,1E,B0,00,6B,01,E2,C0,20,24,00,00,5A,01,20,4F,00,00,0C,2B,43,50,2F,00,34,1B,1B,80,22,3F,00,FF,89,03,24,24,00,21,E9
399,nes,current_nes,E45B,30,08,0A,03,00,01,01,00,00,70,00,00,00,00,00,8B,94,1A,10,00,00,00,00,1E,B0,00,6B,01,E2,C0,20,24,00,00,5A,01,20,4F,00,00,0C,2B,43,50,2F,00,34,1B,1B,80,22,3F,00,FF,89,03,24,24,00,21,E9
400,nes,current_nes,E45B,30,08,0A,03,00,01,01,00,00,71,00,00,00,00,00,8B,94,1A,10,00,00,00,00,1E,B0,00,6B,01,E2,C0,20,24,00,00,5A,01,20,4F,00,00,0C,2B,43,50,2F,00,34,1B,1B,80,22,3F,00,FF,89,03,24,24,00,21,E9
401,nes,current_nes,E45B,30,08,0A,03,00,01,01,00,00,72,00,00,00,00,00,8B,94,1A,10,00,00,00,00,1E,B0,00,6B,01,E2,C0,20,24,00,00,5A,01,20,4F,00,00,0C,2B,43,50,2F,00,34,1B,1B,80,22,3F,00,FF,89,03,24,24,00,21,E9
402,nes,current_nes,E45D,30,08,0A,03,00,01,01,00,00,73,00,00,00,00,00,8B,94,1A,10,00,00,00,00,1E,B0,00,6B,01,E2,C0,20,24,00,00,5A,01,20,4F,00,00,0C,2B,43,50,2F,00,34,1B,1B,80,22,3F,00,FF,89,03,24,24,00,21,E9
403,nes,current_nes,E45C,30,08,0A,03,00,01,01,00,00,74,00,00,00,00,00,8B,94,1A,10,00,00,00,00,1E,B0,00,6B,01,E2,C0,20,24,00,00,5A,01,20,4F,00,00,0C,2B,43,50,2F,00,34,1B,1B,80,22,3F,00,FF,89,03,24,24,00,21,E9
404,nes,current_nes,E45D,30,08,0A,03,00,01,01,00,00,75,00,00,00,00,00,8B,94,1A,10,00,00,00,00,1E,B0,00,6B,01,E2,C0,20,24,00,00,5A,01,20,4F,00,00,0C,2B,43,50,2F,00,34,1B,1B,80,22,3F,00,FF,89,03,24,24,00,21,E9
405,nes,current_nes,E45C,30,08,0A,03,00,01,01,00,00,76,00,00,00,00,00,8B,94,1A,10,00,00,00,00,1E,B0,00,6B,01,E2,C0,20,24,00,00,5A,01,20,4F,00,00,0C,2B,43,50,2F,00,34,1B,1B,80,22,3F,00,FF,89,03,24,24,00,21,E9
406,nes,current_nes,E45B,30,08,0A,03,00,01,01,00,00,77,00,00,00,00,00,8B,94,1A,10,00,00,00,00,1E,B0,00,6B,01,E2,C0,20,24,00,00,5A,01,20,4F,00,00,0C,2B,43,50,2F,00,34,1B,1B,80,22,3F,00,FF,89,03,24,24,00,21,E9
407,nes,current_nes,E45D,30,08,0A,03,00,01,01,00,00,78,00,00,00,00,00,8B,94,1A,10,00,00,00,00,1E,B0,00,6B,01,E2,C0,20,24,00,00,5A,01,20,4F,00,00,0C,2B,43,50,2F,00,34,1B,1B,80,22,3F,00,FF,89,03,24,24,00,21,E9
408,nes,current_nes,E45D,30,08,0A,03,00,01,01,00,00,79,00,00,00,00,00,8B,94,1A,10,00,00,00,00,1E,B0,00,6B,01,E2,C0,20,24,00,00,5A,01,20,4F,00,00,0C,2B,43,50,2F,00,34,1B,1B,80,22,3F,00,FF,89,03,24,24,00,21,E9
409,nes,current_nes,E45D,30,08,0A,03,00,01,01,00,00,7A,00,00,00,00,00,8B,94,1A,10,00,00,00,00,1E,B0,00,6B,01,E2,C0,20,24,00,00,5A,01,20,4F,00,00,0C,2B,43,50,2F,00,34,1B,1B,80,22,3F,00,FF,89,03,24,24,00,21,E9
410,nes,current_nes,E45D,30,08,0A,03,00,01,01,00,00,7B,00,00,00,00,00,8B,94,1A,10,00,00,00,00,1E,B0,00,6B,01,E2,C0,20,24,00,00,5A,01,20,4F,00,00,0C,2B,43,50,2F,00,34,1B,1B,80,22,3F,00,FF,89,03,24,24,00,21,E9
411,nes,current_nes,E45B,30,08,0A,03,00,01,01,00,00,7C,00,00,00,00,00,8B,94,1A,10,00,00,00,00,1E,B0,00,6B,01,E2,C0,20,24,00,00,5A,01,20,4F,00,00,0C,2B,43,50,2F,00,34,1B,1B,80,22,3F,00,FF,89,03,24,24,00,21,E9
412,nes,current_nes,E45D,30,08,0A,03,00,01,01,00,00,7D,00,00,00,00,00,8B,94,1A,10,00,00,00,00,1E,B0,00,6B,01,E2,C0,20,24,00,00,5A,01,20,4F,00,00,0C,2B,43,50,2F,00,34,1B,1B,80,22,3F,00,FF,89,03,24,24,00,21,E9
413,nes,current_nes,E45C,30,08,0A,03,00,01,01,00,00,7E,00,00,00,00,00,8B,94,1A,10,00,00,00,00,1E,B0,00,6B,01,E2,C0,20,24,00,00,5A,01,20,4F,00,00,0C,2B,43,50,2F,00,34,1B,1B,80,22,3F,00,FF,89,03,24,24,00,21,E9
414,nes,current_nes,E45C,30,08,0A,03,00,01,01,00,00,7F,00,00,00,00,00,8B,94,1A,10,00,00,00,00,1E,B0,00,6B,01,E2,C0,20,24,00,00,5A,01,20,4F,00,00,0C,2B,43,50,2F,00,34,1B,1B,80,22,3F,00,FF,89,03,24,24,00,21,E9
415,nes,current_nes,E45B,30,08,0A,03,00,01,01,00,00,80,00,00,00,00,00,8B,94,1A,10,00,00,00,00,1E,B0,00,6B,01,E2,C0,20,24,00,00,5A,01,20,4F,00,00,0C,2B,43,50,2F,00,34,1B,1B,80,22,3F,00,FF,89,03,24,24,00,21,E9
416,nes,current_nes,E45B,30,08,0A,03,00,01,01,00,00,81,00,00,00,00,00,8B,94,1A,10,00,00,00,00,1E,B0,00,6B,01,E2,C0,20,24,00,00,5A,01,20,4F,00,00,0C,2B,43,50,2F,00,34,1B,1B,80,22,3F,00,FF,89,03,24,24,00,21,E9
417,nes,current_nes,E45D,30,08,0A,03,00,01,01,00,00,82,00,00,00,00,00,8B,94,1A,10,00,00,00,00,1E,B0,00,6B,01,E2,C0,20,24,00,00,5A,01,20,4F,00,00,0C,2B,43,50,2F,00,34,1B,1B,80,22,3F,00,FF,89,03,24,24,00,21,E9
418,nes,current_nes,E45C,30,08,0A,03,00,01,01,00,00,83,00,00,00,00,00,8B,94,1A,10,00,00,00,00,1E,B0,00,6B,01,E2,C0,20,24,00,00,5A,01,20,4F,00,00,0C,2B,43,50,2F,00,34,1B,1B,80,22,3F,00,FF,89,03,24,24,00,21,E9
419,nes,current_nes,E45B,30,08,0A,03,00,01,01,00,00,84,00,00,00,00,00,8B,94,1A,10,00,00,00,00,1E,B0,00,6B,01,E2,C0,20,24,00,00,5A,01,20,4F,00,00,0C,2B,43,50,2F,00,34,1B,1B,80,22,3F,00,FF,89,03,24,24,00,21,E9
420,nes,current_nes,E45D,30,08,0A,03,00,01,01,00,00,85,00,00,00,00,00,8B,94,1A,10,00,00,00,00,1E,B0,00,6B,01,E2,C0,20,24,00,00,5A,01,20,4F,00,00,0C,2B,43,50,2F,00,34,1B,1B,80,22,3F,00,FF,89,03,24,24,00,21,E9
421,nes,current_nes,E45D,30,08,0A,03,00,01,01,00,00,86,00,00,00,00,00,8B,94,1A,10,00,00,00,00,1E,B0,00,6B,01,E2,C0,20,24,00,00,5A,01,20,4F,00,00,0C,2B,43,50,2F,00,34,1B,1B,80,22,3F,00,FF,89,03,24,24,00,21,E9
422,nes,current_nes,E45B,30,08,0A,03,00,01,01,00,00,87,00,00,00,00,00,8B,94,1A,10,00,00,00,00,1E,B0,00,6B,01,E2,C0,20,24,00,00,5A,01,20,4F,00,00,0C,2B,43,50,2F,00,34,1B,1B,80,22,3F,00,FF,89,03,24,24,00,21,E9
423,nes,current_nes,E45C,30,08,0A,03,00,01,01,00,00,88,00,00,00,00,00,8B,94,1A,10,00,00,00,00,1E,B0,00,6B,01,E2,C0,20,24,00,00,5A,01,20,4F,00,00,0C,2B,43,50,2F,00,34,1B,1B,80,22,3F,00,FF,89,03,24,24,00,21,E9
424,nes,current_nes,E45C,30,08,0A,03,00,01,01,00,00,89,00,00,00,00,00,8B,94,1A,10,00,00,00,00,1E,B0,00,6B,01,E2,C0,20,24,00,00,5A,01,20,4F,00,00,0C,2B,43,50,2F,00,34,1B,1B,80,22,3F,00,FF,89,03,24,24,00,21,E9
