frame,system,rom_label,pc,ram_0000_t49,ram_0002_t17,ram_0003_t18,ram_0004_t18,game_mode,screen_ready,ram_script,ram_subscript,ppu_load_index,ram_frm_cnt,rendering_flag,ram_next_script,ram_005C,se_ptr_lo,se_ptr_hi,ram_006C_se,ram_00F6,btn_press,btn_hold,scroll_y,scroll_x,ram_for_2001,ram_for_2000,ram_0415,ram_041A,ram_042D,ram_042E,ram_0528,ram_05F1,ram_05F4,ram_05F5,ram_music,ram_music_busy,ram_060A,ram_060B,ram_060C,ram_060D,ram_0611,ram_0612,ram_0613,ram_0616,ram_0617,ram_0619,ram_061B,ppu_buf_status,ppu_buf_index,ppu_buf_0,ppu_buf_1,ppu_buf_2,ppu_buf_3,ppu_buf_4,ppu_buf_5,ppu_buf_6,ppu_buf_7,trace_last,trace_seq,PPU_REQ_INDEX,PPU_REQ_PTR,PPU_REQ_RES,SEQ_EVT_COUNT,PPU_EVT_COUNT
0,genesis,current_genesis,00038C,00,00,00,00,00,00,00,00,00,00,00,00,00,00,00,00,00,00,00,00,00,00,00,00,00,00,00,00,00,00,00,00,00,00,00,00,00,00,00,00,00,00,00,00,00,00,00,00,00,00,00,00,00,00,0000,0000,0000,0000,00000000,0000,0000
1,genesis,current_genesis,0003CA,00,00,00,00,00,00,00,00,00,00,00,00,00,00,00,00,00,00,00,00,00,00,00,00,00,00,00,00,00,00,00,00,00,00,00,00,00,00,00,00,00,00,00,00,00,00,00,00,00,00,00,00,00,00,0000,0000,0000,0000,00000000,0000,0000
2,genesis,current_genesis,0003CC,00,00,00,00,00,00,00,00,00,00,00,00,00,00,00,00,00,00,00,00,00,00,00,00,00,00,00,00,00,00,00,00,00,00,00,00,00,00,00,00,00,00,00,00,00,00,00,00,00,00,00,00,00,00,0000,0000,0000,0000,00000000,0000,0000
3,genesis,current_genesis,0003CC,00,00,00,00,00,00,00,00,00,00,00,00,00,00,00,00,00,00,00,00,00,00,00,00,00,00,00,00,00,00,00,00,00,00,00,00,00,00,00,00,00,00,00,00,00,00,00,00,00,00,00,00,00,00,0000,0000,0000,0000,00000000,0000,0000
4,genesis,current_genesis,0003CA,00,00,00,00,00,00,00,00,00,00,00,00,00,00,00,00,00,00,00,00,00,00,00,00,00,00,00,00,00,00,00,00,00,00,00,00,00,00,00,00,00,00,00,00,00,00,00,00,00,00,00,00,00,00,0000,0000,0000,0000,00000000,0000,0000
5,genesis,current_genesis,000A3C,00,00,00,00,00,00,00,00,00,00,00,00,00,00,00,00,00,00,00,00,00,00,00,00,00,00,00,00,00,00,00,00,00,00,00,00,00,00,00,00,00,00,00,00,00,00,00,00,00,00,00,00,00,00,0000,0000,0000,0000,00000000,0000,0000
6,genesis,current_genesis,000A44,00,00,00,00,00,00,00,00,00,00,00,00,00,00,00,00,00,00,00,00,00,00,00,00,00,00,00,00,00,00,00,00,00,00,00,00,00,00,00,00,00,00,00,00,00,00,00,00,00,00,00,00,00,00,0000,0000,0000,0000,00000000,0000,0000
7,genesis,current_genesis,000A3C,00,00,00,00,00,00,00,00,00,00,00,00,00,00,00,00,00,00,00,00,00,00,00,00,00,00,00,00,00,00,00,00,00,00,00,00,00,00,00,00,00,00,00,00,00,00,00,00,00,00,00,00,00,00,0000,0000,0000,0000,00000000,0000,0000
8,genesis,current_genesis,000A44,00,00,00,00,00,00,00,00,00,00,00,00,00,00,00,00,00,00,00,00,00,00,00,00,00,00,00,00,00,00,00,00,00,00,00,00,00,00,00,00,00,00,00,00,00,00,00,00,00,00,00,00,00,00,0000,0000,0000,0000,00000000,0000,0000
9,genesis,current_genesis,00061A,00,00,00,00,00,00,00,00,00,00,00,00,00,00,00,00,00,00,00,00,00,00,00,00,00,00,00,00,00,00,00,00,00,00,00,00,00,00,00,00,00,00,00,00,00,00,00,00,00,00,00,00,00,00,0000,0000,0000,0000,00000000,0000,0000
10,genesis,current_genesis,00061A,00,00,00,00,00,00,00,00,00,00,00,00,00,00,00,00,00,00,00,00,00,00,00,00,00,00,00,00,00,00,00,00,00,00,00,00,00,00,00,00,00,00,00,00,00,00,00,00,00,00,00,00,00,00,0000,0000,0000,0000,00000000,0000,0000
11,genesis,current_genesis,00061A,00,00,00,00,00,00,00,00,00,00,00,00,00,00,00,00,00,00,00,00,00,00,00,00,00,00,00,00,00,00,00,00,00,00,00,00,00,00,00,00,00,00,00,00,00,00,00,00,00,00,00,00,00,00,0000,0000,0000,0000,00000000,0000,0000
12,genesis,current_genesis,000792,00,FF,01,01,00,00,00,00,00,01,00,00,00,00,00,00,00,FF,FF,00,00,1E,80,00,00,00,00,00,00,00,00,00,00,00,00,00,00,00,00,00,00,00,00,00,3F,00,FF,00,00,00,00,00,00,00,0203,0014,0000,0302,00000000,0000,0000
13,genesis,current_genesis,000792,00,FF,01,01,00,00,00,00,00,02,00,00,00,00,00,00,00,00,FF,00,00,1E,80,00,00,00,00,00,00,00,00,00,00,00,00,00,00,00,00,00,00,00,00,00,3F,00,FF,00,00,00,00,00,00,00,0203,002B,0000,0302,00000000,0000,0000
14,genesis,current_genesis,0008CC,20,00,00,00,00,00,00,00,00,00,00,00,00,00,00,00,00,00,00,00,00,00,B0,00,00,00,00,00,00,00,00,00,00,00,00,00,00,00,00,00,00,00,00,00,3F,00,FF,00,00,00,00,00,00,00,0403,0041,0000,0302,00000000,0000,0000
15,genesis,current_genesis,000AD6,00,FF,01,01,00,00,00,00,00,01,00,00,00,00,00,00,00,FF,FF,00,00,1E,B0,00,00,00,00,00,00,00,00,00,00,00,00,00,00,00,00,00,00,00,00,00,3F,00,FF,00,00,00,00,00,00,00,0313,0052,0000,0302,00000000,0000,0000
16,genesis,current_genesis,000C26,00,FF,01,01,00,00,00,00,00,01,00,00,00,00,00,00,00,FF,FF,00,00,1E,B0,00,00,00,00,00,00,00,00,00,00,00,00,00,00,00,00,00,00,00,00,00,3F,00,FF,00,00,00,00,00,00,00,0313,0052,0000,0302,00000000,0000,0000
17,genesis,current_genesis,000C96,00,FF,01,01,00,00,00,00,00,01,00,00,00,00,00,00,00,FF,FF,00,00,1E,B0,00,00,00,00,00,00,00,00,00,00,00,00,00,00,00,00,00,00,00,00,00,3F,00,FF,00,00,00,00,00,00,00,0313,0052,0000,0302,00000000,0000,0000
18,genesis,current_genesis,000BF2,00,FF,01,01,00,00,00,00,00,01,00,00,00,00,00,00,00,FF,FF,00,00,1E,B0,00,00,00,00,00,00,00,00,00,00,00,00,00,00,00,00,00,00,00,00,00,3F,00,FF,00,00,00,00,00,00,00,0313,0052,0000,0302,00000000,0000,0000
19,genesis,current_genesis,000C78,00,FF,01,01,00,00,00,00,00,01,00,00,00,00,00,00,00,FF,FF,00,00,1E,B0,00,00,00,00,00,00,00,00,00,00,00,00,00,00,00,00,00,00,00,00,00,3F,00,FF,00,00,00,00,00,00,00,0313,0052,0000,0302,00000000,0000,0000
20,genesis,current_genesis,001094,00,FF,01,01,00,00,00,00,00,02,00,00,00,00,00,00,00,00,FF,00,00,1E,B0,00,00,00,00,00,00,00,00,00,00,00,00,00,00,00,00,00,00,00,00,00,3F,00,FF,00,00,00,00,00,00,00,0203,006A,0000,0302,00000000,0000,0000
21,genesis,current_genesis,0008D2,00,FF,01,01,00,00,00,00,00,03,00,00,00,00,00,00,A5,00,FF,00,00,1E,B0,00,00,00,00,00,00,00,00,00,00,00,00,00,00,00,00,00,00,00,00,00,3F,00,FF,00,00,00,00,00,00,00,0403,0080,0000,0302,00000000,0000,0000
22,genesis,current_genesis,000B74,20,00,01,01,00,00,00,00,00,04,00,00,00,00,00,00,A5,00,FF,00,00,00,B0,00,00,00,00,00,00,00,00,00,00,00,00,00,00,00,00,00,00,00,00,00,3F,00,FF,00,00,00,00,00,00,00,0403,0095,0000,0302,00000000,0000,0000
23,genesis,current_genesis,000B44,20,00,01,01,00,00,00,00,00,04,00,00,00,00,00,00,A5,00,FF,00,00,00,B0,00,00,00,00,00,00,00,00,00,00,00,00,00,00,00,00,00,00,00,00,00,3F,00,FF,00,00,00,00,00,00,00,0403,0095,0000,0302,00000000,0000,0000
24,genesis,current_genesis,000B2A,20,00,01,01,00,00,00,00,00,04,00,00,00,00,00,00,A5,00,FF,00,00,00,B0,00,00,00,00,00,00,00,00,00,00,00,00,00,00,00,00,00,00,00,00,00,3F,00,FF,00,00,00,00,00,00,00,0403,0095,0000,0302,00000000,0000,0000
25,genesis,current_genesis,0008C4,20,00,01,01,00,00,00,00,00,04,00,00,00,00,00,00,A5,00,FF,00,00,00,B0,00,00,00,00,00,00,00,00,00,00,00,00,00,00,00,00,00,00,00,00,00,3F,00,FF,00,00,00,00,00,00,00,0403,0095,0000,0302,00000000,0000,0000
26,genesis,current_genesis,0008C4,20,00,01,01,00,00,00,00,00,04,00,00,00,00,00,00,A5,00,FF,00,00,00,B0,00,00,00,00,00,00,00,00,00,00,00,00,00,00,00,00,00,00,00,00,00,3F,00,FF,00,00,00,00,00,00,00,0403,0095,0000,0302,00000000,0000,0000
27,genesis,current_genesis,00108E,28,00,01,01,00,00,00,00,00,04,00,00,00,00,00,00,A5,00,FF,00,00,00,B0,00,00,00,00,00,00,00,00,00,00,00,00,00,00,00,00,00,00,00,00,00,3F,00,FF,00,00,00,00,00,00,00,0403,0097,0000,0302,00000000,0000,0000
28,genesis,current_genesis,000B2A,28,00,01,01,00,00,00,00,00,04,00,00,00,00,00,00,A5,00,FF,00,00,00,B0,00,00,00,00,00,00,00,00,00,00,00,00,00,00,00,00,00,00,00,00,00,3F,00,FF,00,00,00,00,00,00,00,0403,0097,0000,0302,00000000,0000,0000
29,genesis,current_genesis,000AB4,28,00,01,01,00,00,00,00,00,04,00,00,00,00,00,00,A5,00,FF,00,00,00,B0,00,00,00,00,00,00,00,00,00,00,00,00,00,00,00,00,00,00,00,00,00,3F,00,FF,00,00,00,00,00,00,00,0403,0097,0000,0302,00000000,0000,0000
30,genesis,current_genesis,0008C4,28,00,01,01,00,00,00,00,00,04,00,00,00,00,00,00,A5,00,FF,00,00,00,B0,00,00,00,00,00,00,00,00,00,00,00,00,00,00,00,00,00,00,00,00,00,3F,00,FF,00,00,00,00,00,00,00,0403,0097,0000,0302,00000000,0000,0000
31,genesis,current_genesis,000AA2,28,00,01,01,00,00,00,00,00,05,00,00,00,00,00,00,A5,00,FF,00,00,00,B0,00,00,02,00,00,00,00,00,00,00,00,00,00,00,00,00,00,00,00,00,00,23,23,12,3C,00,23,13,C1,00,FF,0403,00B2,0000,0302,00000000,0000,0000
32,genesis,current_genesis,0008D6,02,FF,01,01,00,01,00,00,10,06,00,00,00,00,00,00,A5,00,FF,00,00,00,B0,00,00,00,00,00,00,00,00,80,00,00,00,00,00,00,00,00,00,00,00,00,3F,00,FF,3C,00,23,13,C1,00,FF,0203,00C9,0000,0302,00000000,0000,0000
33,genesis,current_genesis,000720,02,FF,01,01,00,01,00,00,10,06,00,00,00,00,00,00,A5,00,FF,00,00,00,B0,00,00,00,00,00,00,00,00,80,00,00,00,00,00,00,00,00,00,00,00,00,3F,00,FF,3C,00,23,13,C1,00,FF,0403,00D6,0010,A869,00016013,0000,0000
34,genesis,current_genesis,0008D2,02,FF,01,01,00,01,00,00,10,06,00,00,00,00,00,00,A5,00,FF,00,00,00,B0,00,00,00,00,00,00,00,00,80,00,00,00,00,00,00,00,00,00,00,00,00,3F,00,FF,3C,00,23,13,C1,00,FF,0403,00E0,0010,A869,00016013,0000,0000
35,genesis,current_genesis,000B1C,02,FF,01,01,00,01,00,00,10,06,00,00,00,00,00,00,A5,00,FF,00,00,00,B0,00,00,00,00,00,00,00,00,80,00,00,00,00,00,00,00,00,00,00,00,00,3F,00,FF,3C,00,23,13,C1,00,FF,0403,00E8,0010,A869,00016013,0000,0000
36,genesis,current_genesis,000AA2,02,FF,01,01,00,01,00,00,10,06,00,00,00,00,00,00,A5,00,FF,00,00,00,B0,00,00,00,00,00,00,00,00,80,00,00,00,00,00,00,00,00,00,00,00,00,3F,00,FF,3C,00,23,13,C1,00,FF,0403,00F6,0010,A869,00016013,0000,0000
37,genesis,current_genesis,000A9C,02,FF,01,01,00,01,00,00,10,06,00,00,00,00,00,00,A5,00,FF,00,00,00,B0,00,00,00,00,00,00,00,00,80,00,00,00,00,00,00,00,00,00,00,00,00,3F,00,FF,3C,00,23,13,C1,00,FF,0403,0108,0010,A869,00016013,0000,0000
38,genesis,current_genesis,0008B8,02,FF,01,01,00,01,00,00,10,06,00,00,00,00,00,00,A5,00,FF,00,00,00,B0,00,00,00,00,00,00,00,00,80,00,00,00,00,00,00,00,00,00,00,00,00,3F,00,FF,3C,00,23,13,C1,00,FF,0403,0110,0010,A869,00016013,0000,0000
39,genesis,current_genesis,0008D2,02,FF,01,01,00,01,00,00,10,06,00,00,00,00,00,00,A5,00,FF,00,00,00,B0,00,00,00,00,00,00,00,00,80,00,00,00,00,00,00,00,00,00,00,00,00,3F,00,FF,3C,00,23,13,C1,00,FF,0403,011A,0010,A869,00016013,0000,0000
40,genesis,current_genesis,000B36,02,FF,01,01,00,01,00,00,10,06,00,00,00,00,00,00,A5,00,FF,00,00,00,B0,00,00,00,00,00,00,00,00,80,00,00,00,00,00,00,00,00,00,00,00,00,3F,00,FF,3C,00,23,13,C1,00,FF,0403,0126,0010,A869,00016013,0000,0000
41,genesis,current_genesis,000ABA,02,FF,01,01,00,01,00,00,10,06,00,00,00,00,00,00,A5,00,FF,00,00,00,B0,00,00,00,00,00,00,00,00,80,00,00,00,00,00,00,00,00,00,00,00,00,3F,00,FF,3C,00,23,13,C1,00,FF,0403,0130,0010,A869,00016013,0000,0000
42,genesis,current_genesis,000864,02,FF,01,01,00,01,00,00,10,06,00,00,00,00,00,00,A5,00,FF,00,00,00,B0,00,00,00,00,00,00,00,00,80,00,00,00,00,00,00,00,00,00,00,00,00,3F,00,FF,3C,00,23,13,C1,00,FF,0403,013C,0010,A869,00016013,0000,0000
43,genesis,current_genesis,000C58,02,00,01,01,00,01,00,00,00,07,00,00,00,0F,8F,01,A5,00,FF,00,00,1E,B0,00,01,00,00,00,80,10,CE,B2,10,00,00,B2,10,4C,00,3C,00,10,10,00,3F,00,FF,3C,00,23,13,00,00,FF,0403,0161,0000,0302,00000000,0004,0000
44,genesis,current_genesis,000C72,02,00,01,01,00,01,00,00,00,07,00,00,00,0F,8F,01,A5,00,FF,00,00,1E,B0,00,01,00,00,00,80,10,CE,B2,10,00,00,B2,10,4C,00,3C,00,10,10,00,3F,00,FF,3C,00,23,13,00,00,FF,0403,0161,0000,0302,00000000,0004,0000
45,genesis,current_genesis,000BF8,02,00,01,01,00,01,00,00,00,07,00,00,00,0F,8F,01,A5,00,FF,00,00,1E,B0,00,01,00,00,00,80,10,CE,B2,10,00,00,B2,10,4C,00,3C,00,10,10,00,3F,00,FF,3C,00,23,13,00,00,FF,0403,0161,0000,0302,00000000,0004,0000
46,genesis,current_genesis,000C5E,02,00,01,01,00,01,00,00,00,07,00,00,00,0F,8F,01,A5,00,FF,00,00,1E,B0,00,01,00,00,00,80,10,CE,B2,10,00,00,B2,10,4C,00,3C,00,10,10,00,3F,00,FF,3C,00,23,13,00,00,FF,0403,0161,0000,0302,00000000,0004,0000
47,genesis,current_genesis,000C88,02,00,01,01,00,01,00,00,00,07,00,00,00,0F,8F,01,A5,00,FF,00,00,1E,B0,00,01,00,00,00,80,10,CE,B2,10,00,00,B2,10,4C,00,3C,00,10,10,00,3F,00,FF,3C,00,23,13,00,00,FF,0403,0161,0000,0302,00000000,0004,0000
48,genesis,current_genesis,000AB2,10,00,01,01,00,01,00,00,00,09,00,00,00,8B,94,1A,A5,00,FF,00,00,1E,B0,00,02,00,00,00,01,20,4F,B2,10,00,00,B2,10,4C,00,3C,00,10,10,00,3F,00,FF,3C,00,23,13,00,00,FF,0203,018D,0000,0302,00000000,000C,0000
49,genesis,current_genesis,000AAA,10,00,01,01,00,01,00,00,00,0A,00,00,00,8B,94,1A,A5,00,FF,00,00,1E,B0,00,02,00,00,00,01,20,4F,B2,10,00,00,B2,10,4C,00,3C,00,10,10,00,3F,00,FF,3C,00,23,13,00,00,FF,0403,01A9,0000,0302,00000000,0010,0000
50,genesis,current_genesis,000D78,10,00,01,01,00,01,00,00,00,0B,00,00,00,8B,94,1A,A5,00,FF,00,00,1E,B0,00,03,00,00,00,01,20,4F,B2,10,00,00,B2,10,4C,00,3C,00,10,10,00,3F,00,FF,3C,00,23,13,00,00,FF,0203,01C3,0000,0302,00000000,0014,0000
51,genesis,current_genesis,000D78,10,00,01,01,00,01,00,00,00,0C,00,00,00,8B,94,1A,A5,00,FF,00,00,1E,B0,00,03,00,00,00,01,20,4F,B2,10,00,00,B2,10,4C,00,3C,00,10,10,00,3F,00,FF,3C,00,23,13,00,00,FF,0203,01DD,0000,0302,00000000,0018,0000
52,genesis,current_genesis,000D78,10,00,01,01,00,01,00,00,00,0D,00,00,00,8B,94,1A,A5,00,FF,00,00,1E,B0,00,04,00,00,00,01,20,4F,B2,10,00,00,B2,10,4C,00,3C,00,10,10,00,3F,00,FF,3C,00,23,13,02,00,FF,0203,01F7,0000,0302,00000000,001C,0000
53,genesis,current_genesis,000D78,10,00,01,01,00,01,00,00,00,0E,00,00,00,8B,94,1A,A5,00,FF,00,00,1E,B0,00,04,00,00,00,01,20,4F,B2,10,00,00,B2,10,4C,00,3C,00,10,10,00,3F,00,FF,3C,00,23,13,02,00,FF,0203,0211,0000,0302,00000000,0020,0000
54,genesis,current_genesis,000D78,10,00,01,01,00,01,00,00,00,0F,00,00,00,8B,94,1A,A5,00,FF,00,00,1E,B0,00,05,00,00,00,01,20,4F,B2,10,00,00,B2,10,4C,00,3C,00,10,10,00,3F,00,FF,3C,00,23,13,02,00,FF,0203,022B,0000,0302,00000000,0024,0000
55,genesis,current_genesis,000D78,10,00,01,01,00,01,00,00,00,10,00,00,00,8B,94,1A,A5,00,FF,00,00,1E,B0,00,05,00,00,00,01,20,4F,B2,10,00,00,B2,10,4C,00,3C,00,10,10,00,3F,00,FF,3C,00,23,13,02,00,FF,0203,0245,0000,0302,00000000,0028,0000
56,genesis,current_genesis,000D78,10,00,01,01,00,01,00,00,00,11,00,00,00,8B,94,1A,A5,00,FF,00,00,1E,B0,00,06,00,00,00,01,20,4F,B2,10,00,00,B2,10,4C,00,3C,00,10,10,00,3F,00,FF,3C,00,23,13,02,00,FF,0203,025F,0000,0302,00000000,002C,0000
57,genesis,current_genesis,000D78,10,00,01,01,00,01,00,00,00,12,00,00,00,8B,94,1A,A5,00,FF,00,00,1E,B0,00,06,00,00,00,01,20,4F,B2,10,00,00,B2,10,4C,00,3C,00,10,10,00,3F,00,FF,3C,00,23,13,02,00,FF,0203,0279,0000,0302,00000000,0030,0000
58,genesis,current_genesis,000D78,10,00,01,01,00,01,00,00,00,13,00,00,00,8B,94,1A,A5,00,FF,00,00,1E,B0,00,07,00,00,00,01,20,4F,B2,10,00,00,B2,10,4C,00,3C,00,10,10,00,3F,00,FF,3C,00,23,13,66,00,FF,0203,0293,0000,0302,00000000,0034,0000
59,genesis,current_genesis,000D78,10,00,01,01,00,01,00,00,00,14,00,00,00,8B,94,1A,A5,00,FF,00,00,1E,B0,00,07,00,00,00,01,20,4F,B2,10,00,00,B2,10,4C,00,3C,00,10,10,00,3F,00,FF,3C,00,23,13,66,00,FF,0203,02AD,0000,0302,00000000,0038,0000
60,genesis,current_genesis,000D78,10,00,01,01,00,01,00,00,00,15,00,00,00,8B,94,1A,A5,00,FF,00,00,1E,B0,00,08,00,00,00,01,20,4F,B2,10,00,00,B2,10,4C,00,3C,00,10,10,00,3F,00,FF,3C,00,23,13,66,00,FF,0203,02C7,0000,0302,00000000,003C,0000
61,genesis,current_genesis,000D78,10,00,01,01,00,01,00,00,00,16,00,00,00,8B,94,1A,A5,00,FF,00,00,1E,B0,00,08,00,00,00,01,20,4F,B2,10,00,00,B2,10,4C,00,3C,00,10,10,00,3F,00,FF,3C,00,23,13,66,00,FF,0203,02E1,0000,0302,00000000,0040,0000
62,genesis,current_genesis,000D78,10,00,01,01,00,01,00,00,00,17,00,00,00,8B,94,1A,A5,00,FF,00,00,1E,B0,00,09,00,00,00,01,20,4F,B2,10,00,00,B2,10,4C,00,3C,00,10,10,00,3F,00,FF,3C,00,23,13,66,00,FF,0203,02FB,0000,0302,00000000,0044,0000
63,genesis,current_genesis,000D78,10,00,01,01,00,01,00,00,00,18,00,00,00,8B,94,1A,A5,00,FF,00,00,1E,B0,00,09,00,00,00,01,20,4F,B2,10,00,00,B2,10,4C,00,3C,00,10,10,00,3F,00,FF,3C,00,23,13,66,00,FF,0203,0315,0000,0302,00000000,0048,0000
64,genesis,current_genesis,000D78,10,00,01,01,00,01,00,00,00,19,00,00,00,8B,94,1A,A5,00,FF,00,00,1E,B0,00,0A,00,00,00,01,20,4F,B2,10,00,00,B2,10,4C,00,3C,00,10,10,00,3F,00,FF,3C,00,23,13,12,00,FF,0203,032F,0000,0302,00000000,004C,0000
65,genesis,current_genesis,000D78,10,00,01,01,00,01,00,00,00,1A,00,00,00,8B,94,1A,A5,00,FF,00,00,1E,B0,00,0A,00,00,00,01,20,4F,B2,10,00,00,B2,10,4C,00,3C,00,10,10,00,3F,00,FF,3C,00,23,13,12,00,FF,0203,0349,0000,0302,00000000,0050,0000
66,genesis,current_genesis,000D78,10,00,01,01,00,01,00,00,00,1B,00,00,00,8B,94,1A,A5,00,FF,00,00,1E,B0,00,0B,00,00,00,01,20,4F,B2,10,00,00,B2,10,4C,00,3C,00,10,10,00,3F,00,FF,3C,00,23,13,12,00,FF,0203,0363,0000,0302,00000000,0054,0000
67,genesis,current_genesis,000D78,10,00,01,01,00,01,00,00,00,1C,00,00,00,8B,94,1A,A5,00,FF,00,00,1E,B0,00,0B,00,00,00,01,20,4F,B2,10,00,00,B2,10,4C,00,3C,00,10,10,00,3F,00,FF,3C,00,23,13,12,00,FF,0203,037D,0000,0302,00000000,0058,0000
68,genesis,current_genesis,000D78,10,00,01,01,00,01,00,00,00,1D,00,00,00,8B,94,1A,A5,00,FF,00,00,1E,B0,00,0C,00,00,00,01,20,4F,B2,10,00,00,B2,10,4C,00,3C,00,10,10,00,3F,00,FF,3C,00,23,13,12,00,FF,0203,0397,0000,0302,00000000,005C,0000
69,genesis,current_genesis,000D78,10,00,01,01,00,01,00,00,00,1E,00,00,00,8B,94,1A,A5,00,FF,00,00,1E,B0,00,0C,00,00,00,01,20,4F,B2,10,00,00,B2,10,4C,00,3C,00,10,10,00,3F,00,FF,3C,00,23,13,12,00,FF,0203,03B1,0000,0302,00000000,0060,0000
70,genesis,current_genesis,000D78,10,00,01,01,00,01,00,00,00,1F,00,00,00,8B,94,1A,A5,00,FF,00,00,1E,B0,00,0D,00,00,00,01,20,4F,B2,10,00,00,B2,10,4C,00,3C,00,10,10,00,3F,00,FF,3C,00,23,13,10,00,FF,0203,03CB,0000,0302,00000000,0064,0000
71,genesis,current_genesis,000D78,10,00,01,01,00,01,00,00,00,20,00,00,00,8B,94,1A,A5,00,FF,00,00,1E,B0,00,0D,00,00,00,01,20,4F,B2,10,00,00,B2,10,4C,00,3C,00,10,10,00,3F,00,FF,3C,00,23,13,10,00,FF,0203,03E5,0000,0302,00000000,0068,0000
72,genesis,current_genesis,000D78,10,00,01,01,00,01,00,00,00,21,00,00,00,8B,94,1A,A5,00,FF,00,00,1E,B0,00,0E,00,00,00,01,20,4F,B2,10,00,00,B2,10,4C,00,3C,00,10,10,00,3F,00,FF,3C,00,23,13,10,00,FF,0203,03FF,0000,0302,00000000,006C,0000
73,genesis,current_genesis,000D78,10,00,01,01,00,01,00,00,00,22,00,00,00,8B,94,1A,A5,00,FF,00,00,1E,B0,00,0E,00,00,00,01,20,4F,B2,10,00,00,B2,10,4C,00,3C,00,10,10,00,3F,00,FF,3C,00,23,13,10,00,FF,0203,0419,0000,0302,00000000,0070,0000
74,genesis,current_genesis,000D78,10,00,01,01,00,01,00,00,00,23,00,00,00,8B,94,1A,A5,00,FF,00,00,1E,B0,00,0F,00,00,00,01,20,4F,B2,10,00,00,B2,10,4C,00,3C,00,10,10,00,3F,00,FF,3C,00,23,13,10,00,FF,0203,0433,0000,0302,00000000,0074,0000
75,genesis,current_genesis,000D78,10,00,01,01,00,01,00,00,00,24,00,00,00,8B,94,1A,A5,00,FF,00,00,1E,B0,00,0F,00,00,00,01,20,4F,B2,10,00,00,B2,10,4C,00,3C,00,10,10,00,3F,00,FF,3C,00,23,13,10,00,FF,0203,044D,0000,0302,00000000,0078,0000
76,genesis,current_genesis,000D78,10,00,01,01,00,01,00,00,00,25,00,00,00,8B,94,1A,A5,00,FF,00,00,1E,B0,00,10,00,00,00,01,20,4F,B2,10,00,00,B2,10,4C,00,3C,00,10,10,00,3F,00,FF,3C,00,23,13,3C,00,FF,0203,0467,0000,0302,00000000,007C,0000
77,genesis,current_genesis,000D78,10,00,01,01,00,01,00,00,00,26,00,00,00,8B,94,1A,A5,00,FF,00,00,1E,B0,00,10,00,00,00,01,20,4F,B2,10,00,00,B2,10,4C,00,3C,00,10,10,00,3F,00,FF,3C,00,23,13,3C,00,FF,0203,0481,0000,0302,00000000,0080,0000
78,genesis,current_genesis,000D78,10,00,01,01,00,01,00,00,00,27,00,00,00,8B,94,1A,A5,00,FF,00,00,1E,B0,00,11,00,00,00,01,20,4F,B2,10,00,00,B2,10,4C,00,3C,00,10,10,00,3F,00,FF,3C,00,23,13,3C,00,FF,0203,049B,0000,0302,00000000,0084,0000
79,genesis,current_genesis,000D78,10,00,01,01,00,01,00,00,00,28,00,00,00,8B,94,1A,A5,00,FF,00,00,1E,B0,00,11,00,00,00,01,20,4F,B2,10,00,00,B2,10,4C,00,3C,00,10,10,00,3F,00,FF,3C,00,23,13,3C,00,FF,0203,04B5,0000,0302,00000000,0088,0000
80,genesis,current_genesis,000D78,10,00,01,01,00,01,00,00,00,29,00,00,00,8B,94,1A,A5,00,FF,00,00,1E,B0,00,12,00,00,00,01,20,4F,B2,10,00,00,B2,10,4C,00,3C,00,10,10,00,3F,00,FF,3C,00,23,13,3C,00,FF,0203,04CF,0000,0302,00000000,008C,0000
81,genesis,current_genesis,000D78,10,00,01,01,00,01,00,00,00,2A,00,00,00,8B,94,1A,A5,00,FF,00,00,1E,B0,00,12,00,00,00,01,20,4F,B2,10,00,00,B2,10,4C,00,3C,00,10,10,00,3F,00,FF,3C,00,23,13,3C,00,FF,0203,04E9,0000,0302,00000000,0090,0000
82,genesis,current_genesis,000D78,10,00,01,01,00,01,00,00,00,2B,00,00,00,8B,94,1A,A5,00,FF,00,00,1E,B0,00,13,00,00,00,01,20,4F,B2,10,00,00,B2,10,4C,00,3C,00,10,10,00,3F,00,FF,3C,00,23,13,00,00,FF,0203,0503,0000,0302,00000000,0094,0000
83,genesis,current_genesis,000D78,10,00,01,01,00,01,00,00,00,2C,00,00,00,8B,94,1A,A5,00,FF,00,00,1E,B0,00,13,00,00,00,01,20,4F,B2,10,00,00,B2,10,4C,00,3C,00,10,10,00,3F,00,FF,3C,00,23,13,00,00,FF,0203,051D,0000,0302,00000000,0098,0000
84,genesis,current_genesis,000D78,10,00,01,01,00,01,00,00,00,2D,00,00,00,8B,94,1A,A5,00,FF,00,00,1E,B0,00,14,00,00,00,01,20,4F,B2,10,00,00,B2,10,4C,00,3C,00,10,10,00,3F,00,FF,3C,00,23,13,00,00,FF,0203,0537,0000,0302,00000000,009C,0000
85,genesis,current_genesis,000D78,10,00,01,01,00,01,00,00,00,2E,00,00,00,8B,94,1A,A5,00,FF,00,00,1E,B0,00,14,00,00,00,01,20,4F,B2,10,00,00,B2,10,4C,00,3C,00,10,10,00,3F,00,FF,3C,00,23,13,00,00,FF,0203,0551,0000,0302,00000000,00A0,0000
86,genesis,current_genesis,000D78,10,00,01,01,00,01,00,00,00,2F,00,00,00,8B,94,1A,A5,00,FF,00,00,1E,B0,00,15,00,00,00,01,20,4F,B2,10,00,00,B2,10,4C,00,3C,00,10,10,00,3F,00,FF,3C,00,23,13,00,00,FF,0203,056B,0000,0302,00000000,00A4,0000
87,genesis,current_genesis,000D78,10,00,01,01,00,01,00,00,00,30,00,00,00,8B,94,1A,A5,00,FF,00,00,1E,B0,00,15,00,00,00,01,20,4F,B2,10,00,00,B2,10,4C,00,3C,00,10,10,00,3F,00,FF,3C,00,23,13,00,00,FF,0203,0585,0000,0302,00000000,00A8,0000
88,genesis,current_genesis,000D78,10,00,01,01,00,01,00,00,00,31,00,00,00,8B,94,1A,A5,00,FF,00,00,1E,B0,00,16,00,00,00,01,20,4F,B2,10,00,00,B2,10,4C,00,3C,00,10,10,00,3F,00,FF,3C,00,23,13,16,00,FF,0203,059F,0000,0302,00000000,00AC,0000
89,genesis,current_genesis,000D78,10,00,01,01,00,01,00,00,00,32,00,00,00,8B,94,1A,A5,00,FF,00,00,1E,B0,00,16,00,00,00,01,20,4F,B2,10,00,00,B2,10,4C,00,3C,00,10,10,00,3F,00,FF,3C,00,23,13,16,00,FF,0203,05B9,0000,0302,00000000,00B0,0000
90,genesis,current_genesis,000D78,10,00,01,01,00,01,00,00,00,33,00,00,00,8B,94,1A,A5,00,FF,00,00,1E,B0,00,17,00,00,00,01,20,4F,B2,10,00,00,B2,10,4C,00,3C,00,10,10,00,3F,00,FF,3C,00,23,13,16,00,FF,0203,05D3,0000,0302,00000000,00B4,0000
91,genesis,current_genesis,000D78,10,00,01,01,00,01,00,00,00,34,00,00,00,8B,94,1A,A5,00,FF,00,00,1E,B0,00,17,00,00,00,01,20,4F,B2,10,00,00,B2,10,4C,00,3C,00,10,10,00,3F,00,FF,3C,00,23,13,16,00,FF,0203,05ED,0000,0302,00000000,00B8,0000
92,genesis,current_genesis,000D78,10,00,01,01,00,01,00,00,00,35,00,00,00,8B,94,1A,A5,00,FF,00,00,1E,B0,00,18,00,00,00,01,20,4F,B2,10,00,00,B2,10,4C,00,3C,00,10,10,00,3F,00,FF,3C,00,23,13,16,00,FF,0203,0607,0000,0302,00000000,00BC,0000
93,genesis,current_genesis,000D78,10,00,01,01,00,01,00,00,00,36,00,00,00,8B,94,1A,A5,00,FF,00,00,1E,B0,00,18,00,00,00,01,20,4F,B2,10,00,00,B2,10,4C,00,3C,00,10,10,00,3F,00,FF,3C,00,23,13,16,00,FF,0203,0621,0000,0302,00000000,00C0,0000
94,genesis,current_genesis,000D78,10,00,01,01,00,01,00,00,00,37,00,00,00,8B,94,1A,A5,00,FF,00,00,1E,B0,00,19,00,00,00,01,20,4F,B2,10,00,00,B2,10,4C,00,3C,00,10,10,00,3F,00,FF,3C,00,23,13,16,00,FF,0203,063B,0000,0302,00000000,00C4,0000
95,genesis,current_genesis,000D78,10,00,01,01,00,01,00,00,00,38,00,00,00,8B,94,1A,A5,00,FF,00,00,1E,B0,00,19,00,00,00,01,20,4F,B2,10,00,00,B2,10,4C,00,3C,00,10,10,00,3F,00,FF,3C,00,23,13,16,00,FF,0203,0655,0000,0302,00000000,00C8,0000
96,genesis,current_genesis,000D78,10,00,01,01,00,01,00,00,00,39,00,00,00,8B,94,1A,A5,00,FF,00,00,1E,B0,00,1A,00,00,00,01,20,4F,B2,10,00,00,B2,10,4C,00,3C,00,10,10,00,3F,00,FF,3C,00,23,13,16,00,FF,0203,066F,0000,0302,00000000,00CC,0000
97,genesis,current_genesis,000D78,10,00,01,01,00,01,00,00,00,3A,00,00,00,8B,94,1A,A5,00,FF,00,00,1E,B0,00,1A,00,00,00,01,20,4F,B2,10,00,00,B2,10,4C,00,3C,00,10,10,00,3F,00,FF,3C,00,23,13,16,00,FF,0203,0689,0000,0302,00000000,00D0,0000
98,genesis,current_genesis,000D78,10,00,01,01,00,01,00,00,00,3B,00,00,00,8B,94,1A,A5,00,FF,00,00,1E,B0,00,1B,00,00,00,01,20,4F,B2,10,00,00,B2,10,4C,00,3C,00,10,10,00,3F,00,FF,3C,00,23,13,16,00,FF,0203,06A3,0000,0302,00000000,00D4,0000
99,genesis,current_genesis,000D78,10,00,01,01,00,01,00,00,00,3C,00,00,00,8B,94,1A,A5,00,FF,00,00,1E,B0,00,1B,00,00,00,01,20,4F,B2,10,00,00,B2,10,4C,00,3C,00,10,10,00,3F,00,FF,3C,00,23,13,16,00,FF,0203,06BD,0000,0302,00000000,00D8,0000
100,genesis,current_genesis,000D78,10,00,01,01,00,01,00,00,00,3D,00,00,00,8B,94,1A,A5,00,FF,00,00,1E,B0,00,1C,00,00,00,01,20,4F,B2,10,00,00,B2,10,4C,00,3C,00,10,10,00,3F,00,FF,3C,00,23,13,16,00,FF,0203,06D7,0000,0302,00000000,00DC,0000
101,genesis,current_genesis,000D78,10,00,01,01,00,01,00,00,00,3E,00,00,00,8B,94,1A,A5,00,FF,00,00,1E,B0,00,1C,00,00,00,01,20,4F,B2,10,00,00,B2,10,4C,00,3C,00,10,10,00,3F,00,FF,3C,00,23,13,16,00,FF,0203,06F1,0000,0302,00000000,00E0,0000
102,genesis,current_genesis,000D78,10,00,01,01,00,01,00,00,00,3F,00,00,00,8B,94,1A,A5,00,FF,00,00,1E,B0,00,1D,00,00,00,01,20,4F,B2,10,00,00,B2,10,4C,00,3C,00,10,10,00,3F,00,FF,3C,00,23,13,16,00,FF,0203,070B,0000,0302,00000000,00E4,0000
103,genesis,current_genesis,000D78,10,00,01,01,00,01,00,00,00,40,00,00,00,8B,94,1A,A5,00,FF,00,00,1E,B0,00,1D,00,00,00,01,20,4F,B2,10,00,00,B2,10,4C,00,3C,00,10,10,00,3F,00,FF,3C,00,23,13,16,00,FF,0203,0725,0000,0302,00000000,00E8,0000
104,genesis,current_genesis,000D78,10,00,01,01,00,01,00,00,00,41,00,00,00,8B,94,1A,A5,00,FF,00,00,1E,B0,00,1E,00,00,00,01,20,4F,B2,10,00,00,B2,10,4C,00,3C,00,10,10,00,3F,00,FF,3C,00,23,13,00,00,FF,0203,073F,0000,0302,00000000,00EC,0000
105,genesis,current_genesis,000D78,10,00,01,01,00,01,00,00,00,42,00,00,00,8B,94,1A,A5,00,FF,00,00,1E,B0,00,1E,00,00,00,01,20,4F,B2,10,00,00,B2,10,4C,00,3C,00,10,10,00,3F,00,FF,3C,00,23,13,00,00,FF,0203,0759,0000,0302,00000000,00F0,0000
106,genesis,current_genesis,000D78,10,00,01,01,00,01,00,00,00,43,00,00,00,8B,94,1A,A5,00,FF,00,00,1E,B0,00,1F,00,00,00,01,20,4F,B2,10,00,00,B2,10,4C,00,3C,00,10,10,00,3F,00,FF,3C,00,23,13,00,00,FF,0203,0773,0000,0302,00000000,00F4,0000
107,genesis,current_genesis,000D78,10,00,01,01,00,01,00,00,00,44,00,00,00,8B,94,1A,A5,00,FF,00,00,1E,B0,00,1F,00,00,00,01,20,4F,B2,10,00,00,B2,10,4C,00,3C,00,10,10,00,3F,00,FF,3C,00,23,13,00,00,FF,0203,078D,0000,0302,00000000,00F8,0000
108,genesis,current_genesis,000D78,10,00,01,01,00,01,00,00,00,45,00,00,00,8B,94,1A,A5,00,FF,00,00,1E,B0,00,20,00,00,00,01,20,4F,B2,10,00,00,B2,10,4C,00,3C,00,10,10,00,3F,00,FF,3C,00,23,13,00,00,FF,0203,07A7,0000,0302,00000000,00FC,0000
109,genesis,current_genesis,000D78,10,00,01,01,00,01,00,00,00,46,00,00,00,8B,94,1A,A5,00,FF,00,00,1E,B0,00,20,00,00,00,01,20,4F,B2,10,00,00,B2,10,4C,00,3C,00,10,10,00,3F,00,FF,3C,00,23,13,00,00,FF,0203,07C1,0000,0302,00000000,0100,0000
110,genesis,current_genesis,000D78,10,00,01,01,00,01,00,00,00,47,00,00,00,8B,94,1A,A5,00,FF,00,00,1E,B0,00,21,00,00,00,01,20,4F,B2,10,00,00,B2,10,4C,00,3C,00,10,10,00,3F,00,FF,3C,00,23,13,02,00,FF,0203,07DB,0000,0302,00000000,0104,0000
111,genesis,current_genesis,000D78,10,00,01,01,00,01,00,00,00,48,00,00,00,8B,94,1A,A5,00,FF,00,00,1E,B0,00,21,00,00,00,01,20,4F,B2,10,00,00,B2,10,4C,00,3C,00,10,10,00,3F,00,FF,3C,00,23,13,02,00,FF,0203,07F5,0000,0302,00000000,0108,0000
112,genesis,current_genesis,000D78,10,00,01,01,00,01,00,00,00,49,00,00,00,8B,94,1A,A5,00,FF,00,00,1E,B0,00,22,00,00,00,01,20,4F,B2,10,00,00,B2,10,4C,00,3C,00,10,10,00,3F,00,FF,3C,00,23,13,02,00,FF,0203,080F,0000,0302,00000000,010C,0000
113,genesis,current_genesis,000D78,10,00,01,01,00,01,00,00,00,4A,00,00,00,8B,94,1A,A5,00,FF,00,00,1E,B0,00,22,00,00,00,01,20,4F,B2,10,00,00,B2,10,4C,00,3C,00,10,10,00,3F,00,FF,3C,00,23,13,02,00,FF,0203,0829,0000,0302,00000000,0110,0000
114,genesis,current_genesis,000D78,10,00,01,01,00,01,00,00,00,4B,00,00,00,8B,94,1A,A5,00,FF,00,00,1E,B0,00,23,00,00,00,01,20,4F,B2,10,00,00,B2,10,4C,00,3C,00,10,10,00,3F,00,FF,3C,00,23,13,02,00,FF,0203,0843,0000,0302,00000000,0114,0000
115,genesis,current_genesis,000D78,10,00,01,01,00,01,00,00,00,4C,00,00,00,8B,94,1A,A5,00,FF,00,00,1E,B0,00,23,00,00,00,01,20,4F,B2,10,00,00,B2,10,4C,00,3C,00,10,10,00,3F,00,FF,3C,00,23,13,02,00,FF,0203,085D,0000,0302,00000000,0118,0000
116,genesis,current_genesis,000D78,10,00,01,01,00,01,00,00,00,4D,00,00,00,8B,94,1A,A5,00,FF,00,00,1E,B0,00,24,00,00,00,01,20,4F,B2,10,00,00,B2,10,4C,00,3C,00,10,10,00,3F,00,FF,3C,00,23,13,66,00,FF,0203,0877,0000,0302,00000000,011C,0000
117,genesis,current_genesis,000D78,10,00,01,01,00,01,00,00,00,4E,00,00,00,8B,94,1A,A5,00,FF,00,00,1E,B0,00,24,00,00,00,01,20,4F,B2,10,00,00,B2,10,4C,00,3C,00,10,10,00,3F,00,FF,3C,00,23,13,66,00,FF,0203,0891,0000,0302,00000000,0120,0000
118,genesis,current_genesis,000D78,10,00,01,01,00,01,00,00,00,4F,00,00,00,8B,94,1A,A5,00,FF,00,00,1E,B0,00,25,00,00,00,01,20,4F,B2,10,00,00,B2,10,4C,00,3C,00,10,10,00,3F,00,FF,3C,00,23,13,66,00,FF,0203,08AB,0000,0302,00000000,0124,0000
119,genesis,current_genesis,000D78,10,00,01,01,00,01,00,00,00,50,00,00,00,8B,94,1A,A5,00,FF,00,00,1E,B0,00,25,00,00,00,01,20,4F,B2,10,00,00,B2,10,4C,00,3C,00,10,10,00,3F,00,FF,3C,00,23,13,66,00,FF,0203,08C5,0000,0302,00000000,0128,0000
120,genesis,current_genesis,000D78,10,00,01,01,00,01,00,00,00,51,00,00,00,8B,94,1A,A5,00,FF,00,00,1E,B0,00,26,00,00,00,01,20,4F,B2,10,00,00,B2,10,4C,00,3C,00,10,10,00,3F,00,FF,3C,00,23,13,66,00,FF,0203,08DF,0000,0302,00000000,012C,0000
121,genesis,current_genesis,000D78,10,00,01,01,00,01,00,00,00,52,00,00,00,8B,94,1A,A5,00,FF,00,00,1E,B0,00,26,00,00,00,01,20,4F,B2,10,00,00,B2,10,4C,00,3C,00,10,10,00,3F,00,FF,3C,00,23,13,66,00,FF,0203,08F9,0000,0302,00000000,0130,0000
122,genesis,current_genesis,000D78,10,00,01,01,00,01,00,00,00,53,00,00,00,8B,94,1A,A5,00,FF,00,00,1E,B0,00,27,00,00,00,01,20,4F,B2,10,00,00,B2,10,4C,00,3C,00,10,10,00,3F,00,FF,3C,00,23,13,12,00,FF,0203,0913,0000,0302,00000000,0134,0000
123,genesis,current_genesis,000D78,10,00,01,01,00,01,00,00,00,54,00,00,00,8B,94,1A,A5,00,FF,00,00,1E,B0,00,27,00,00,00,01,20,4F,B2,10,00,00,B2,10,4C,00,3C,00,10,10,00,3F,00,FF,3C,00,23,13,12,00,FF,0203,092D,0000,0302,00000000,0138,0000
124,genesis,current_genesis,000D78,10,00,01,01,00,01,00,00,00,55,00,00,00,8B,94,1A,A5,00,FF,00,00,1E,B0,00,28,00,00,00,01,20,4F,B2,10,00,00,B2,10,4C,00,3C,00,10,10,00,3F,00,FF,3C,00,23,13,12,00,FF,0203,0947,0000,0302,00000000,013C,0000
125,genesis,current_genesis,000D78,10,00,01,01,00,01,00,00,00,56,00,00,00,8B,94,1A,A5,00,FF,00,00,1E,B0,00,28,00,00,00,01,20,4F,B2,10,00,00,B2,10,4C,00,3C,00,10,10,00,3F,00,FF,3C,00,23,13,12,00,FF,0203,0961,0000,0302,00000000,0140,0000
126,genesis,current_genesis,000D78,10,00,01,01,00,01,00,00,00,57,00,00,00,8B,94,1A,A5,00,FF,00,00,1E,B0,00,29,00,00,00,01,20,4F,B2,10,00,00,B2,10,4C,00,3C,00,10,10,00,3F,00,FF,3C,00,23,13,12,00,FF,0203,097B,0000,0302,00000000,0144,0000
127,genesis,current_genesis,000D78,10,00,01,01,00,01,00,00,00,58,00,00,00,8B,94,1A,A5,00,FF,00,00,1E,B0,00,29,00,00,00,01,20,4F,B2,10,00,00,B2,10,4C,00,3C,00,10,10,00,3F,00,FF,3C,00,23,13,12,00,FF,0203,0995,0000,0302,00000000,0148,0000
128,genesis,current_genesis,000D78,10,00,01,01,00,01,00,00,00,59,00,00,00,8B,94,1A,A5,00,FF,00,00,1E,B0,00,2A,00,00,00,01,20,4F,B2,10,00,00,B2,10,4C,00,3C,00,10,10,00,3F,00,FF,3C,00,23,13,10,00,FF,0203,09AF,0000,0302,00000000,014C,0000
129,genesis,current_genesis,000D78,10,00,01,01,00,01,00,00,00,5A,00,00,00,8B,94,1A,A5,00,FF,00,00,1E,B0,00,2A,00,00,00,01,20,4F,B2,10,00,00,B2,10,4C,00,3C,00,10,10,00,3F,00,FF,3C,00,23,13,10,00,FF,0203,09C9,0000,0302,00000000,0150,0000
130,genesis,current_genesis,000D78,10,00,01,01,00,01,00,00,00,5B,00,00,00,8B,94,1A,A5,00,FF,00,00,1E,B0,00,2B,00,00,00,01,20,4F,B2,10,00,00,B2,10,4C,00,3C,00,10,10,00,3F,00,FF,3C,00,23,13,10,00,FF,0203,09E3,0000,0302,00000000,0154,0000
131,genesis,current_genesis,000D78,10,00,01,01,00,01,00,00,00,5C,00,00,00,8B,94,1A,A5,00,FF,00,00,1E,B0,00,2B,00,00,00,01,20,4F,B2,10,00,00,B2,10,4C,00,3C,00,10,10,00,3F,00,FF,3C,00,23,13,10,00,FF,0203,09FD,0000,0302,00000000,0158,0000
132,genesis,current_genesis,000D78,10,00,01,01,00,01,00,00,00,5D,00,00,00,8B,94,1A,A5,00,FF,00,00,1E,B0,00,2C,00,00,00,01,20,4F,B2,10,00,00,B2,10,4C,00,3C,00,10,10,00,3F,00,FF,3C,00,23,13,10,00,FF,0203,0A17,0000,0302,00000000,015C,0000
133,genesis,current_genesis,000D78,10,00,01,01,00,01,00,00,00,5E,00,00,00,8B,94,1A,A5,00,FF,00,00,1E,B0,00,2C,00,00,00,01,20,4F,B2,10,00,00,B2,10,4C,00,3C,00,10,10,00,3F,00,FF,3C,00,23,13,10,00,FF,0203,0A31,0000,0302,00000000,0160,0000
134,genesis,current_genesis,000D78,10,00,01,01,00,01,00,00,00,5F,00,00,00,8B,94,1A,A5,00,FF,00,00,1E,B0,00,2D,00,00,00,01,20,4F,B2,10,00,00,B2,10,4C,00,3C,00,10,10,00,3F,00,FF,3C,00,23,13,3C,00,FF,0203,0A4B,0000,0302,00000000,0164,0000
135,genesis,current_genesis,000D78,10,00,01,01,00,01,00,00,00,60,00,00,00,8B,94,1A,A5,00,FF,00,00,1E,B0,00,2D,00,00,00,01,20,4F,B2,10,00,00,B2,10,4C,00,3C,00,10,10,00,3F,00,FF,3C,00,23,13,3C,00,FF,0203,0A65,0000,0302,00000000,0168,0000
136,genesis,current_genesis,000D78,10,00,01,01,00,01,00,00,00,61,00,00,00,8B,94,1A,A5,00,FF,00,00,1E,B0,00,2E,00,00,00,01,20,4F,B2,10,00,00,B2,10,4C,00,3C,00,10,10,00,3F,00,FF,3C,00,23,13,3C,00,FF,0203,0A7F,0000,0302,00000000,016C,0000
137,genesis,current_genesis,000D78,10,00,01,01,00,01,00,00,00,62,00,00,00,8B,94,1A,A5,00,FF,00,00,1E,B0,00,2E,00,00,00,01,20,4F,B2,10,00,00,B2,10,4C,00,3C,00,10,10,00,3F,00,FF,3C,00,23,13,3C,00,FF,0203,0A99,0000,0302,00000000,0170,0000
138,genesis,current_genesis,000D78,10,00,01,01,00,01,00,00,00,63,00,00,00,8B,94,1A,A5,00,FF,00,00,1E,B0,00,2F,00,00,00,01,20,4F,B2,10,00,00,B2,10,4C,00,3C,00,10,10,00,3F,00,FF,3C,00,23,13,3C,00,FF,0203,0AB3,0000,0302,00000000,0174,0000
139,genesis,current_genesis,000D78,10,00,01,01,00,01,00,00,00,64,00,00,00,8B,94,1A,A5,00,FF,00,00,1E,B0,00,2F,00,00,00,01,20,4F,B2,10,00,00,B2,10,4C,00,3C,00,10,10,00,3F,00,FF,3C,00,23,13,3C,00,FF,0203,0ACD,0000,0302,00000000,0178,0000
140,genesis,current_genesis,000D78,10,00,01,01,00,01,00,00,00,65,00,00,00,8B,94,1A,A5,00,FF,00,00,1E,B0,00,30,00,00,00,01,20,4F,B2,10,00,00,B2,10,4C,00,3C,00,10,10,00,3F,00,FF,3C,00,23,13,00,00,FF,0203,0AE7,0000,0302,00000000,017C,0000
141,genesis,current_genesis,000D78,10,00,01,01,00,01,00,00,00,66,00,00,00,8B,94,1A,A5,00,FF,00,00,1E,B0,00,30,00,00,00,01,20,4F,B2,10,00,00,B2,10,4C,00,3C,00,10,10,00,3F,00,FF,3C,00,23,13,00,00,FF,0203,0B01,0000,0302,00000000,0180,0000
142,genesis,current_genesis,000D78,10,00,01,01,00,01,00,00,00,67,00,00,00,8B,94,1A,A5,00,FF,00,00,1E,B0,00,31,00,00,00,01,20,4F,B2,10,00,00,B2,10,4C,00,3C,00,10,10,00,3F,00,FF,3C,00,23,13,00,00,FF,0203,0B1B,0000,0302,00000000,0184,0000
143,genesis,current_genesis,000D78,10,00,01,01,00,01,00,00,00,68,00,00,00,8B,94,1A,A5,00,FF,00,00,1E,B0,00,31,00,00,00,01,20,4F,B2,10,00,00,B2,10,4C,00,3C,00,10,10,00,3F,00,FF,3C,00,23,13,00,00,FF,0203,0B35,0000,0302,00000000,0188,0000
144,genesis,current_genesis,000D78,10,00,01,01,00,01,00,00,00,69,00,00,00,8B,94,1A,A5,00,FF,00,00,1E,B0,00,32,00,00,00,01,20,4F,B2,10,00,00,B2,10,4C,00,3C,00,10,10,00,3F,00,FF,3C,00,23,13,00,00,FF,0203,0B4F,0000,0302,00000000,018C,0000
145,genesis,current_genesis,000D78,10,00,01,01,00,01,00,00,00,6A,00,00,00,8B,94,1A,A5,00,FF,00,00,1E,B0,00,32,00,00,00,01,20,4F,B2,10,00,00,B2,10,4C,00,3C,00,10,10,00,3F,00,FF,3C,00,23,13,00,00,FF,0203,0B69,0000,0302,00000000,0190,0000
146,genesis,current_genesis,000D78,10,00,01,01,00,01,00,00,00,6B,00,00,00,8B,94,1A,A5,00,FF,00,00,1E,B0,00,33,00,00,00,01,20,4F,B2,10,00,00,B2,10,4C,00,3C,00,10,10,00,3F,00,FF,3C,00,23,13,16,00,FF,0203,0B83,0000,0302,00000000,0194,0000
147,genesis,current_genesis,000D78,10,00,01,01,00,01,00,00,00,6C,00,00,00,8B,94,1A,A5,00,FF,00,00,1E,B0,00,33,00,00,00,01,20,4F,B2,10,00,00,B2,10,4C,00,3C,00,10,10,00,3F,00,FF,3C,00,23,13,16,00,FF,0203,0B9D,0000,0302,00000000,0198,0000
148,genesis,current_genesis,000D78,10,00,01,01,00,01,00,00,00,6D,00,00,00,8B,94,1A,A5,00,FF,00,00,1E,B0,00,34,00,00,00,01,20,4F,B2,10,00,00,B2,10,4C,00,3C,00,10,10,00,3F,00,FF,3C,00,23,13,16,00,FF,0203,0BB7,0000,0302,00000000,019C,0000
149,genesis,current_genesis,000D78,10,00,01,01,00,01,00,00,00,6E,00,00,00,8B,94,1A,A5,00,FF,00,00,1E,B0,00,34,00,00,00,01,20,4F,B2,10,00,00,B2,10,4C,00,3C,00,10,10,00,3F,00,FF,3C,00,23,13,16,00,FF,0203,0BD1,0000,0302,00000000,01A0,0000
150,genesis,current_genesis,000D78,10,00,01,01,00,01,00,00,00,6F,00,00,00,8B,94,1A,A5,00,FF,00,00,1E,B0,00,35,00,00,00,01,20,4F,B2,10,00,00,B2,10,4C,00,3C,00,10,10,00,3F,00,FF,3C,00,23,13,16,00,FF,0203,0BEB,0000,0302,00000000,01A4,0000
151,genesis,current_genesis,000D78,10,00,01,01,00,01,00,00,00,70,00,00,00,8B,94,1A,A5,00,FF,00,00,1E,B0,00,35,00,00,00,01,20,4F,B2,10,00,00,B2,10,4C,00,3C,00,10,10,00,3F,00,FF,3C,00,23,13,16,00,FF,0203,0C05,0000,0302,00000000,01A8,0000
152,genesis,current_genesis,000D78,10,00,01,01,00,01,00,00,00,71,00,00,00,8B,94,1A,A5,00,FF,00,00,1E,B0,00,36,00,00,00,01,20,4F,B2,10,00,00,B2,10,4C,00,3C,00,10,10,00,3F,00,FF,3C,00,23,13,16,00,FF,0203,0C1F,0000,0302,00000000,01AC,0000
153,genesis,current_genesis,000D78,10,00,01,01,00,01,00,00,00,72,00,00,00,8B,94,1A,A5,00,FF,00,00,1E,B0,00,36,00,00,00,01,20,4F,B2,10,00,00,B2,10,4C,00,3C,00,10,10,00,3F,00,FF,3C,00,23,13,16,00,FF,0203,0C39,0000,0302,00000000,01B0,0000
154,genesis,current_genesis,000D78,10,00,01,01,00,01,00,00,00,73,00,00,00,8B,94,1A,A5,00,FF,00,00,1E,B0,00,37,00,00,00,01,20,4F,B2,10,00,00,B2,10,4C,00,3C,00,10,10,00,3F,00,FF,3C,00,23,13,16,00,FF,0203,0C53,0000,0302,00000000,01B4,0000
155,genesis,current_genesis,000D78,10,00,01,01,00,01,00,00,00,74,00,00,00,8B,94,1A,A5,00,FF,00,00,1E,B0,00,37,00,00,00,01,20,4F,B2,10,00,00,B2,10,4C,00,3C,00,10,10,00,3F,00,FF,3C,00,23,13,16,00,FF,0203,0C6D,0000,0302,00000000,01B8,0000
156,genesis,current_genesis,000D78,10,00,01,01,00,01,00,00,00,75,00,00,00,8B,94,1A,A5,00,FF,00,00,1E,B0,00,38,00,00,00,01,20,4F,B2,10,00,00,B2,10,4C,00,3C,00,10,10,00,3F,00,FF,3C,00,23,13,16,00,FF,0203,0C87,0000,0302,00000000,01BC,0000
157,genesis,current_genesis,000D78,10,00,01,01,00,01,00,00,00,76,00,00,00,8B,94,1A,A5,00,FF,00,00,1E,B0,00,38,00,00,00,01,20,4F,B2,10,00,00,B2,10,4C,00,3C,00,10,10,00,3F,00,FF,3C,00,23,13,16,00,FF,0203,0CA1,0000,0302,00000000,01C0,0000
158,genesis,current_genesis,000D78,10,00,01,01,00,01,00,00,00,77,00,00,00,8B,94,1A,A5,00,FF,00,00,1E,B0,00,39,00,00,00,01,20,4F,B2,10,00,00,B2,10,4C,00,3C,00,10,10,00,3F,00,FF,3C,00,23,13,16,00,FF,0203,0CBB,0000,0302,00000000,01C4,0000
159,genesis,current_genesis,000D78,10,00,01,01,00,01,00,00,00,78,00,00,00,8B,94,1A,A5,00,FF,00,00,1E,B0,00,39,00,00,00,01,20,4F,B2,10,00,00,B2,10,4C,00,3C,00,10,10,00,3F,00,FF,3C,00,23,13,16,00,FF,0203,0CD5,0000,0302,00000000,01C8,0000
160,genesis,current_genesis,000D78,10,00,01,01,00,01,00,00,00,79,00,00,00,8B,94,1A,A5,00,FF,00,00,1E,B0,00,3A,00,00,00,01,20,4F,B2,10,00,00,B2,10,4C,00,3C,00,10,10,00,3F,00,FF,3C,00,23,13,16,00,FF,0203,0CEF,0000,0302,00000000,01CC,0000
161,genesis,current_genesis,000D78,10,00,01,01,00,01,00,00,00,7A,00,00,00,8B,94,1A,A5,00,FF,00,00,1E,B0,00,3A,00,00,00,01,20,4F,B2,10,00,00,B2,10,4C,00,3C,00,10,10,00,3F,00,FF,3C,00,23,13,16,00,FF,0203,0D09,0000,0302,00000000,01D0,0000
162,genesis,current_genesis,000D78,10,00,01,01,00,01,00,00,00,7B,00,00,00,8B,94,1A,A5,00,FF,00,00,1E,B0,00,3B,00,00,00,01,20,4F,B2,10,00,00,B2,10,4C,00,3C,00,10,10,00,3F,00,FF,3C,00,23,13,00,00,FF,0203,0D23,0000,0302,00000000,01D4,0000
163,genesis,current_genesis,000D78,10,00,01,01,00,01,00,00,00,7C,00,00,00,8B,94,1A,A5,00,FF,00,00,1E,B0,00,3B,00,00,00,01,20,4F,B2,10,00,00,B2,10,4C,00,3C,00,10,10,00,3F,00,FF,3C,00,23,13,00,00,FF,0203,0D3D,0000,0302,00000000,01D8,0000
164,genesis,current_genesis,000D78,10,00,01,01,00,01,00,00,00,7D,00,00,00,8B,94,1A,A5,00,FF,00,00,1E,B0,00,3C,00,00,00,01,20,4F,B2,10,00,00,B2,10,4C,00,3C,00,10,10,00,3F,00,FF,3C,00,23,13,00,00,FF,0203,0D57,0000,0302,00000000,01DC,0000
165,genesis,current_genesis,000D78,10,00,01,01,00,01,00,00,00,7E,00,00,00,8B,94,1A,A5,00,FF,00,00,1E,B0,00,3C,00,00,00,01,20,4F,B2,10,00,00,B2,10,4C,00,3C,00,10,10,00,3F,00,FF,3C,00,23,13,00,00,FF,0203,0D71,0000,0302,00000000,01E0,0000
166,genesis,current_genesis,000D78,10,00,01,01,00,01,00,00,00,7F,00,00,00,8B,94,1A,A5,00,FF,00,00,1E,B0,00,3D,00,00,00,01,20,4F,B2,10,00,00,B2,10,4C,00,3C,00,10,10,00,3F,00,FF,3C,00,23,13,00,00,FF,0203,0D8B,0000,0302,00000000,01E4,0000
167,genesis,current_genesis,000D78,10,00,01,01,00,01,00,00,00,80,00,00,00,8B,94,1A,A5,00,FF,00,00,1E,B0,00,3D,00,00,00,01,20,4F,B2,10,00,00,B2,10,4C,00,3C,00,10,10,00,3F,00,FF,3C,00,23,13,00,00,FF,0203,0DA5,0000,0302,00000000,01E8,0000
168,genesis,current_genesis,000D78,10,00,01,01,00,01,00,00,00,81,00,00,00,8B,94,1A,A5,00,FF,00,00,1E,B0,00,3E,00,00,00,01,20,4F,B2,10,00,00,B2,10,4C,00,3C,00,10,10,00,3F,00,FF,3C,00,23,13,02,00,FF,0203,0DBF,0000,0302,00000000,01EC,0000
169,genesis,current_genesis,000D78,10,00,01,01,00,01,00,00,00,82,00,00,00,8B,94,1A,A5,00,FF,00,00,1E,B0,00,3E,00,00,00,01,20,4F,B2,10,00,00,B2,10,4C,00,3C,00,10,10,00,3F,00,FF,3C,00,23,13,02,00,FF,0203,0DD9,0000,0302,00000000,01F0,0000
170,genesis,current_genesis,000D78,10,00,01,01,00,01,00,00,00,83,00,00,00,8B,94,1A,A5,00,FF,00,00,1E,B0,00,3F,00,00,00,01,20,4F,B2,10,00,00,B2,10,4C,00,3C,00,10,10,00,3F,00,FF,3C,00,23,13,02,00,FF,0203,0DF3,0000,0302,00000000,01F4,0000
171,genesis,current_genesis,000D78,10,00,01,01,00,01,00,00,00,84,00,00,00,8B,94,1A,A5,00,FF,00,00,1E,B0,00,3F,00,00,00,01,20,4F,B2,10,00,00,B2,10,4C,00,3C,00,10,10,00,3F,00,FF,3C,00,23,13,02,00,FF,0203,0E0D,0000,0302,00000000,01F8,0000
172,genesis,current_genesis,000D78,10,00,01,01,00,01,00,00,00,85,00,00,00,8B,94,1A,A5,00,FF,00,00,1E,B0,00,40,00,00,00,01,20,4F,B2,10,00,00,B2,10,4C,00,3C,00,10,10,00,3F,00,FF,3C,00,23,13,02,00,FF,0203,0E27,0000,0302,00000000,01FC,0000
173,genesis,current_genesis,000D78,10,00,01,01,00,01,00,00,00,86,00,00,00,8B,94,1A,A5,00,FF,00,00,1E,B0,00,40,00,00,00,01,20,4F,B2,10,00,00,B2,10,4C,00,3C,00,10,10,00,3F,00,FF,3C,00,23,13,02,00,FF,0203,0E41,0000,0302,00000000,0200,0000
174,genesis,current_genesis,000D78,10,00,01,01,00,01,00,00,00,87,00,00,00,8B,94,1A,A5,00,FF,00,00,1E,B0,00,41,00,00,00,01,20,4F,B2,10,00,00,B2,10,4C,00,3C,00,10,10,00,3F,00,FF,3C,00,23,13,66,00,FF,0203,0E5B,0000,0302,00000000,0204,0000
175,genesis,current_genesis,000D78,10,00,01,01,00,01,00,00,00,88,00,00,00,8B,94,1A,A5,00,FF,00,00,1E,B0,00,41,00,00,00,01,20,4F,B2,10,00,00,B2,10,4C,00,3C,00,10,10,00,3F,00,FF,3C,00,23,13,66,00,FF,0203,0E75,0000,0302,00000000,0208,0000
176,genesis,current_genesis,000D78,10,00,01,01,00,01,00,00,00,89,00,00,00,8B,94,1A,A5,00,FF,00,00,1E,B0,00,42,00,00,00,01,20,4F,B2,10,00,00,B2,10,4C,00,3C,00,10,10,00,3F,00,FF,3C,00,23,13,66,00,FF,0203,0E8F,0000,0302,00000000,020C,0000
177,genesis,current_genesis,000D78,10,00,01,01,00,01,00,00,00,8A,00,00,00,8B,94,1A,A5,00,FF,00,00,1E,B0,00,42,00,00,00,01,20,4F,B2,10,00,00,B2,10,4C,00,3C,00,10,10,00,3F,00,FF,3C,00,23,13,66,00,FF,0203,0EA9,0000,0302,00000000,0210,0000
178,genesis,current_genesis,000D78,10,00,01,01,00,01,00,00,00,8B,00,00,00,8B,94,1A,A5,00,FF,00,00,1E,B0,00,43,00,00,00,01,20,4F,B2,10,00,00,B2,10,4C,00,3C,00,10,10,00,3F,00,FF,3C,00,23,13,66,00,FF,0203,0EC3,0000,0302,00000000,0214,0000
179,genesis,current_genesis,000D78,10,00,01,01,00,01,00,00,00,8C,00,00,00,8B,94,1A,A5,00,FF,00,00,1E,B0,00,43,00,00,00,01,20,4F,B2,10,00,00,B2,10,4C,00,3C,00,10,10,00,3F,00,FF,3C,00,23,13,66,00,FF,0203,0EDD,0000,0302,00000000,0218,0000
180,genesis,current_genesis,000D78,10,00,01,01,00,01,00,00,00,8D,00,00,00,8B,94,1A,A5,00,FF,00,00,1E,B0,00,44,00,00,00,01,20,4F,B2,10,00,00,B2,10,4C,00,3C,00,10,10,00,3F,00,FF,3C,00,23,13,12,00,FF,0203,0EF7,0000,0302,00000000,021C,0000
181,genesis,current_genesis,000D78,10,00,01,01,00,01,00,00,00,8E,00,00,00,8B,94,1A,A5,00,FF,00,00,1E,B0,00,44,00,00,00,01,20,4F,B2,10,00,00,B2,10,4C,00,3C,00,10,10,00,3F,00,FF,3C,00,23,13,12,00,FF,0203,0F11,0000,0302,00000000,0220,0000
182,genesis,current_genesis,000D78,10,00,01,01,00,01,00,00,00,8F,00,00,00,8B,94,1A,A5,00,FF,00,00,1E,B0,00,45,00,00,00,01,20,4F,B2,10,00,00,B2,10,4C,00,3C,00,10,10,00,3F,00,FF,3C,00,23,13,12,00,FF,0203,0F2B,0000,0302,00000000,0224,0000
183,genesis,current_genesis,000D78,10,00,01,01,00,01,00,00,00,90,00,00,00,8B,94,1A,A5,00,FF,00,00,1E,B0,00,45,00,00,00,01,20,4F,B2,10,00,00,B2,10,4C,00,3C,00,10,10,00,3F,00,FF,3C,00,23,13,12,00,FF,0203,0F45,0000,0302,00000000,0228,0000
184,genesis,current_genesis,000D78,10,00,01,01,00,01,00,00,00,91,00,00,00,8B,94,1A,A5,00,FF,00,00,1E,B0,00,46,00,00,00,01,20,4F,B2,10,00,00,B2,10,4C,00,3C,00,10,10,00,3F,00,FF,3C,00,23,13,12,00,FF,0203,0F5F,0000,0302,00000000,022C,0000
185,genesis,current_genesis,000D78,10,00,01,01,00,01,00,00,00,92,00,00,00,8B,94,1A,A5,00,FF,00,00,1E,B0,00,46,00,00,00,01,20,4F,B2,10,00,00,B2,10,4C,00,3C,00,10,10,00,3F,00,FF,3C,00,23,13,12,00,FF,0203,0F79,0000,0302,00000000,0230,0000
186,genesis,current_genesis,000D78,10,00,01,01,00,01,00,00,00,93,00,00,00,8B,94,1A,A5,00,FF,00,00,1E,B0,00,47,00,00,00,01,20,4F,B2,10,00,00,B2,10,4C,00,3C,00,10,10,00,3F,00,FF,3C,00,23,13,10,00,FF,0203,0F93,0000,0302,00000000,0234,0000
187,genesis,current_genesis,000D78,10,00,01,01,00,01,00,00,00,94,00,00,00,8B,94,1A,A5,00,FF,00,00,1E,B0,00,47,00,00,00,01,20,4F,B2,10,00,00,B2,10,4C,00,3C,00,10,10,00,3F,00,FF,3C,00,23,13,10,00,FF,0203,0FAD,0000,0302,00000000,0238,0000
188,genesis,current_genesis,000D78,10,00,01,01,00,01,00,00,00,95,00,00,00,8B,94,1A,A5,00,FF,00,00,1E,B0,00,48,00,00,00,01,20,4F,B2,10,00,00,B2,10,4C,00,3C,00,10,10,00,3F,00,FF,3C,00,23,13,10,00,FF,0203,0FC7,0000,0302,00000000,023C,0000
189,genesis,current_genesis,000D78,10,00,01,01,00,01,00,00,00,96,00,00,00,8B,94,1A,A5,00,FF,00,00,1E,B0,00,48,00,00,00,01,20,4F,B2,10,00,00,B2,10,4C,00,3C,00,10,10,00,3F,00,FF,3C,00,23,13,10,00,FF,0203,0FE1,0000,0302,00000000,0240,0000
190,genesis,current_genesis,000D78,10,00,01,01,00,01,00,00,00,97,00,00,00,8B,94,1A,A5,00,FF,00,00,1E,B0,00,49,00,00,00,01,20,4F,B2,10,00,00,B2,10,4C,00,3C,00,10,10,00,3F,00,FF,3C,00,23,13,10,00,FF,0203,0FFB,0000,0302,00000000,0244,0000
191,genesis,current_genesis,000D78,10,00,01,01,00,01,00,00,00,98,00,00,00,8B,94,1A,A5,00,FF,00,00,1E,B0,00,49,00,00,00,01,20,4F,B2,10,00,00,B2,10,4C,00,3C,00,10,10,00,3F,00,FF,3C,00,23,13,10,00,FF,0203,1015,0000,0302,00000000,0248,0000
192,genesis,current_genesis,000D78,10,00,01,01,00,01,00,00,00,99,00,00,00,8B,94,1A,A5,00,FF,00,00,1E,B0,00,4A,00,00,00,01,20,4F,B2,10,00,00,B2,10,4C,00,3C,00,10,10,00,3F,00,FF,3C,00,23,13,3C,00,FF,0203,102F,0000,0302,00000000,024C,0000
193,genesis,current_genesis,000D78,10,00,01,01,00,01,00,00,00,9A,00,00,00,8B,94,1A,A5,00,FF,00,00,1E,B0,00,4A,00,00,00,01,20,4F,B2,10,00,00,B2,10,4C,00,3C,00,10,10,00,3F,00,FF,3C,00,23,13,3C,00,FF,0203,1049,0000,0302,00000000,0250,0000
194,genesis,current_genesis,000D78,10,00,01,01,00,01,00,00,00,9B,00,00,00,8B,94,1A,A5,00,FF,00,00,1E,B0,00,4B,00,00,00,01,20,4F,B2,10,00,00,B2,10,4C,00,3C,00,10,10,00,3F,00,FF,3C,00,23,13,3C,00,FF,0203,1063,0000,0302,00000000,0254,0000
195,genesis,current_genesis,000D78,10,00,01,01,00,01,00,00,00,9C,00,00,00,8B,94,1A,A5,00,FF,00,00,1E,B0,00,4B,00,00,00,01,20,4F,B2,10,00,00,B2,10,4C,00,3C,00,10,10,00,3F,00,FF,3C,00,23,13,3C,00,FF,0203,107D,0000,0302,00000000,0258,0000
196,genesis,current_genesis,000D78,10,00,01,01,00,01,00,00,00,9D,00,00,00,8B,94,1A,A5,00,FF,00,00,1E,B0,00,4C,00,00,00,01,20,4F,B2,10,00,00,B2,10,4C,00,3C,00,10,10,00,3F,00,FF,3C,00,23,13,3C,00,FF,0203,1097,0000,0302,00000000,025C,0000
197,genesis,current_genesis,000D78,10,00,01,01,00,01,00,00,00,9E,00,00,00,8B,94,1A,A5,00,FF,00,00,1E,B0,00,4C,00,00,00,01,20,4F,B2,10,00,00,B2,10,4C,00,3C,00,10,10,00,3F,00,FF,3C,00,23,13,3C,00,FF,0203,10B1,0000,0302,00000000,0260,0000
198,genesis,current_genesis,000D78,10,00,01,01,00,01,00,00,00,9F,00,00,00,8B,94,1A,A5,00,FF,00,00,1E,B0,00,4D,00,00,00,01,20,4F,B2,10,00,00,B2,10,4C,00,3C,00,10,10,00,3F,00,FF,3C,00,23,13,00,00,FF,0203,10CB,0000,0302,00000000,0264,0000
199,genesis,current_genesis,000D78,10,00,01,01,00,01,00,00,00,A0,00,00,00,8B,94,1A,A5,00,FF,00,00,1E,B0,00,4D,00,00,00,01,20,4F,B2,10,00,00,B2,10,4C,00,3C,00,10,10,00,3F,00,FF,3C,00,23,13,00,00,FF,0203,10E5,0000,0302,00000000,0268,0000
200,genesis,current_genesis,000D78,10,00,01,01,00,01,00,00,00,A1,00,00,00,8B,94,1A,A5,00,FF,00,00,1E,B0,00,4E,00,00,00,01,20,4F,B2,10,00,00,B2,10,4C,00,3C,00,10,10,00,3F,00,FF,3C,00,23,13,00,00,FF,0203,10FF,0000,0302,00000000,026C,0000
201,genesis,current_genesis,000D78,10,00,01,01,00,01,00,00,00,A2,00,00,00,8B,94,1A,A5,00,FF,00,00,1E,B0,00,4E,00,00,00,01,20,4F,B2,10,00,00,B2,10,4C,00,3C,00,10,10,00,3F,00,FF,3C,00,23,13,00,00,FF,0203,1119,0000,0302,00000000,0270,0000
202,genesis,current_genesis,000D78,10,00,01,01,00,01,00,00,00,A3,00,00,00,8B,94,1A,A5,00,FF,00,00,1E,B0,00,4F,00,00,00,01,20,4F,B2,10,00,00,B2,10,4C,00,3C,00,10,10,00,3F,00,FF,3C,00,23,13,00,00,FF,0203,1133,0000,0302,00000000,0274,0000
203,genesis,current_genesis,000D78,10,00,01,01,00,01,00,00,00,A4,00,00,00,8B,94,1A,A5,00,FF,00,00,1E,B0,00,4F,00,00,00,01,20,4F,B2,10,00,00,B2,10,4C,00,3C,00,10,10,00,3F,00,FF,3C,00,23,13,00,00,FF,0203,114D,0000,0302,00000000,0278,0000
204,genesis,current_genesis,000D78,10,00,01,01,00,01,00,00,00,A5,00,00,00,8B,94,1A,A5,00,FF,00,00,1E,B0,00,50,00,00,00,01,20,4F,B2,10,00,00,B2,10,4C,00,3C,00,10,10,00,3F,00,FF,3C,00,23,13,16,00,FF,0203,1167,0000,0302,00000000,027C,0000
205,genesis,current_genesis,000D78,10,00,01,01,00,01,00,00,00,A6,00,00,00,8B,94,1A,A5,00,FF,00,00,1E,B0,00,50,00,00,00,01,20,4F,B2,10,00,00,B2,10,4C,00,3C,00,10,10,00,3F,00,FF,3C,00,23,13,16,00,FF,0203,1181,0000,0302,00000000,0280,0000
206,genesis,current_genesis,000D78,10,00,01,01,00,01,00,00,00,A7,00,00,00,8B,94,1A,A5,00,FF,00,00,1E,B0,00,51,00,00,00,01,20,4F,B2,10,00,00,B2,10,4C,00,3C,00,10,10,00,3F,00,FF,3C,00,23,13,16,00,FF,0203,119B,0000,0302,00000000,0284,0000
207,genesis,current_genesis,000D78,10,00,01,01,00,01,00,00,00,A8,00,00,00,8B,94,1A,A5,00,FF,00,00,1E,B0,00,51,00,00,00,01,20,4F,B2,10,00,00,B2,10,4C,00,3C,00,10,10,00,3F,00,FF,3C,00,23,13,16,00,FF,0203,11B5,0000,0302,00000000,0288,0000
208,genesis,current_genesis,000D78,10,00,01,01,00,01,00,00,00,A9,00,00,00,8B,94,1A,A5,00,FF,00,00,1E,B0,00,52,00,00,00,01,20,4F,B2,10,00,00,B2,10,4C,00,3C,00,10,10,00,3F,00,FF,3C,00,23,13,16,00,FF,0203,11CF,0000,0302,00000000,028C,0000
209,genesis,current_genesis,000D78,10,00,01,01,00,01,00,00,00,AA,00,00,00,8B,94,1A,A5,00,FF,00,00,1E,B0,00,52,00,00,00,01,20,4F,B2,10,00,00,B2,10,4C,00,3C,00,10,10,00,3F,00,FF,3C,00,23,13,16,00,FF,0203,11E9,0000,0302,00000000,0290,0000
210,genesis,current_genesis,000D78,10,00,01,01,00,01,00,00,00,AB,00,00,00,8B,94,1A,A5,00,FF,00,00,1E,B0,00,53,00,00,00,01,20,4F,B2,10,00,00,B2,10,4C,00,3C,00,10,10,00,3F,00,FF,3C,00,23,13,16,00,FF,0203,1203,0000,0302,00000000,0294,0000
211,genesis,current_genesis,000D78,10,00,01,01,00,01,00,00,00,AC,00,00,00,8B,94,1A,A5,00,FF,00,00,1E,B0,00,53,00,00,00,01,20,4F,B2,10,00,00,B2,10,4C,00,3C,00,10,10,00,3F,00,FF,3C,00,23,13,16,00,FF,0203,121D,0000,0302,00000000,0298,0000
212,genesis,current_genesis,000D78,10,00,01,01,00,01,00,00,00,AD,00,00,00,8B,94,1A,A5,00,FF,00,00,1E,B0,00,54,00,00,00,01,20,4F,B2,10,00,00,B2,10,4C,00,3C,00,10,10,00,3F,00,FF,3C,00,23,13,16,00,FF,0203,1237,0000,0302,00000000,029C,0000
213,genesis,current_genesis,000D78,10,00,01,01,00,01,00,00,00,AE,00,00,00,8B,94,1A,A5,00,FF,00,00,1E,B0,00,54,00,00,00,01,20,4F,B2,10,00,00,B2,10,4C,00,3C,00,10,10,00,3F,00,FF,3C,00,23,13,16,00,FF,0203,1251,0000,0302,00000000,02A0,0000
214,genesis,current_genesis,000D78,10,00,01,01,00,01,00,00,00,AF,00,00,00,8B,94,1A,A5,00,FF,00,00,1E,B0,00,55,00,00,00,01,20,4F,B2,10,00,00,B2,10,4C,00,3C,00,10,10,00,3F,00,FF,3C,00,23,13,16,00,FF,0203,126B,0000,0302,00000000,02A4,0000
215,genesis,current_genesis,000D78,10,00,01,01,00,01,00,00,00,B0,00,00,00,8B,94,1A,A5,00,FF,00,00,1E,B0,00,55,00,00,00,01,20,4F,B2,10,00,00,B2,10,4C,00,3C,00,10,10,00,3F,00,FF,3C,00,23,13,16,00,FF,0203,1285,0000,0302,00000000,02A8,0000
216,genesis,current_genesis,000D78,10,00,01,01,00,01,00,00,00,B1,00,00,00,8B,94,1A,A5,00,FF,00,00,1E,B0,00,56,00,00,00,01,20,4F,B2,10,00,00,B2,10,4C,00,3C,00,10,10,00,3F,00,FF,3C,00,23,13,16,00,FF,0203,129F,0000,0302,00000000,02AC,0000
217,genesis,current_genesis,000D78,10,00,01,01,00,01,00,00,00,B2,00,00,00,8B,94,1A,A5,00,FF,00,00,1E,B0,00,56,00,00,00,01,20,4F,B2,10,00,00,B2,10,4C,00,3C,00,10,10,00,3F,00,FF,3C,00,23,13,16,00,FF,0203,12B9,0000,0302,00000000,02B0,0000
218,genesis,current_genesis,000D78,10,00,01,01,00,01,00,00,00,B3,00,00,00,8B,94,1A,A5,00,FF,00,00,1E,B0,00,57,00,00,00,01,20,4F,B2,10,00,00,B2,10,4C,00,3C,00,10,10,00,3F,00,FF,3C,00,23,13,16,00,FF,0203,12D3,0000,0302,00000000,02B4,0000
219,genesis,current_genesis,000D78,10,00,01,01,00,01,00,00,00,B4,00,00,00,8B,94,1A,A5,00,FF,00,00,1E,B0,00,57,00,00,00,01,20,4F,B2,10,00,00,B2,10,4C,00,3C,00,10,10,00,3F,00,FF,3C,00,23,13,16,00,FF,0203,12ED,0000,0302,00000000,02B8,0000
220,genesis,current_genesis,000D78,10,00,01,01,00,01,00,00,00,B5,00,00,00,8B,94,1A,A5,00,FF,00,00,1E,B0,00,58,00,00,00,01,20,4F,B2,10,00,00,B2,10,4C,00,3C,00,10,10,00,3F,00,FF,3C,00,23,13,00,00,FF,0203,1307,0000,0302,00000000,02BC,0000
221,genesis,current_genesis,000D78,10,00,01,01,00,01,00,00,00,B6,00,00,00,8B,94,1A,A5,00,FF,00,00,1E,B0,00,58,00,00,00,01,20,4F,B2,10,00,00,B2,10,4C,00,3C,00,10,10,00,3F,00,FF,3C,00,23,13,00,00,FF,0203,1321,0000,0302,00000000,02C0,0000
222,genesis,current_genesis,000D78,10,00,01,01,00,01,00,00,00,B7,00,00,00,8B,94,1A,A5,00,FF,00,00,1E,B0,00,59,00,00,00,01,20,4F,B2,10,00,00,B2,10,4C,00,3C,00,10,10,00,3F,00,FF,3C,00,23,13,00,00,FF,0203,133B,0000,0302,00000000,02C4,0000
223,genesis,current_genesis,000D78,10,00,01,01,00,01,00,00,00,B8,00,00,00,8B,94,1A,A5,00,FF,00,00,1E,B0,00,59,00,00,00,01,20,4F,B2,10,00,00,B2,10,4C,00,3C,00,10,10,00,3F,00,FF,3C,00,23,13,00,00,FF,0203,1355,0000,0302,00000000,02C8,0000
224,genesis,current_genesis,000D78,10,00,01,01,00,01,00,00,00,B9,00,00,00,8B,94,1A,A5,00,FF,00,00,1E,B0,00,5A,00,00,00,01,20,4F,B2,10,00,00,B2,10,4C,00,3C,00,10,10,00,3F,00,FF,3C,00,23,13,00,00,FF,0203,136F,0000,0302,00000000,02CC,0000
225,genesis,current_genesis,000D78,10,00,01,01,00,01,00,00,00,BA,00,00,00,8B,94,1A,A5,00,FF,00,00,1E,B0,00,5A,00,00,00,01,20,4F,B2,10,00,00,B2,10,4C,00,3C,00,10,10,00,3F,00,FF,3C,00,23,13,00,00,FF,0203,1389,0000,0302,00000000,02D0,0000
226,genesis,current_genesis,000D78,10,00,01,01,00,01,00,00,00,BB,00,00,00,8B,94,1A,A5,00,FF,00,00,1E,B0,00,5B,00,00,00,01,20,4F,B2,10,00,00,B2,10,4C,00,3C,00,10,10,00,3F,00,FF,3C,00,23,13,02,00,FF,0203,13A3,0000,0302,00000000,02D4,0000
227,genesis,current_genesis,000D78,10,00,01,01,00,01,00,00,00,BC,00,00,00,8B,94,1A,A5,00,FF,00,00,1E,B0,00,5B,00,00,00,01,20,4F,B2,10,00,00,B2,10,4C,00,3C,00,10,10,00,3F,00,FF,3C,00,23,13,02,00,FF,0203,13BD,0000,0302,00000000,02D8,0000
228,genesis,current_genesis,000D78,10,00,01,01,00,01,00,00,00,BD,00,00,00,8B,94,1A,A5,00,FF,00,00,1E,B0,00,5C,00,00,00,01,20,4F,B2,10,00,00,B2,10,4C,00,3C,00,10,10,00,3F,00,FF,3C,00,23,13,02,00,FF,0203,13D7,0000,0302,00000000,02DC,0000
229,genesis,current_genesis,000D78,10,00,01,01,00,01,00,00,00,BE,00,00,00,8B,94,1A,A5,00,FF,00,00,1E,B0,00,5C,00,00,00,01,20,4F,B2,10,00,00,B2,10,4C,00,3C,00,10,10,00,3F,00,FF,3C,00,23,13,02,00,FF,0203,13F1,0000,0302,00000000,02E0,0000
230,genesis,current_genesis,000D78,10,00,01,01,00,01,00,00,00,BF,00,00,00,8B,94,1A,A5,00,FF,00,00,1E,B0,00,5D,00,00,00,01,20,4F,B2,10,00,00,B2,10,4C,00,3C,00,10,10,00,3F,00,FF,3C,00,23,13,02,00,FF,0203,140B,0000,0302,00000000,02E4,0000
231,genesis,current_genesis,000D78,10,00,01,01,00,01,00,00,00,C0,00,00,00,8B,94,1A,A5,00,FF,00,00,1E,B0,00,5D,00,00,00,01,20,4F,B2,10,00,00,B2,10,4C,00,3C,00,10,10,00,3F,00,FF,3C,00,23,13,02,00,FF,0203,1425,0000,0302,00000000,02E8,0000
232,genesis,current_genesis,000D78,10,00,01,01,00,01,00,00,00,C1,00,00,00,8B,94,1A,A5,00,FF,00,00,1E,B0,00,5E,00,00,00,01,20,4F,B2,10,00,00,B2,10,4C,00,3C,00,10,10,00,3F,00,FF,3C,00,23,13,66,00,FF,0203,143F,0000,0302,00000000,02EC,0000
233,genesis,current_genesis,000D78,10,00,01,01,00,01,00,00,00,C2,00,00,00,8B,94,1A,A5,00,FF,00,00,1E,B0,00,5E,00,00,00,01,20,4F,B2,10,00,00,B2,10,4C,00,3C,00,10,10,00,3F,00,FF,3C,00,23,13,66,00,FF,0203,1459,0000,0302,00000000,02F0,0000
234,genesis,current_genesis,000D78,10,00,01,01,00,01,00,00,00,C3,00,00,00,8B,94,1A,A5,00,FF,00,00,1E,B0,00,5F,00,00,00,01,20,4F,B2,10,00,00,B2,10,4C,00,3C,00,10,10,00,3F,00,FF,3C,00,23,13,66,00,FF,0203,1473,0000,0302,00000000,02F4,0000
235,genesis,current_genesis,000D78,10,00,01,01,00,01,00,00,00,C4,00,00,00,8B,94,1A,A5,00,FF,00,00,1E,B0,00,5F,00,00,00,01,20,4F,B2,10,00,00,B2,10,4C,00,3C,00,10,10,00,3F,00,FF,3C,00,23,13,66,00,FF,0203,148D,0000,0302,00000000,02F8,0000
236,genesis,current_genesis,000D78,10,00,01,01,00,01,00,00,00,C5,00,00,00,8B,94,1A,A5,00,FF,00,00,1E,B0,00,60,00,00,00,01,20,4F,B2,10,00,00,B2,10,4C,00,3C,00,10,10,00,3F,00,FF,3C,00,23,13,66,00,FF,0203,14A7,0000,0302,00000000,02FC,0000
237,genesis,current_genesis,000D78,10,00,01,01,00,01,00,00,00,C6,00,00,00,8B,94,1A,A5,00,FF,00,00,1E,B0,00,60,00,00,00,01,20,4F,B2,10,00,00,B2,10,4C,00,3C,00,10,10,00,3F,00,FF,3C,00,23,13,66,00,FF,0203,14C1,0000,0302,00000000,0300,0000
238,genesis,current_genesis,000D78,10,00,01,01,00,01,00,00,00,C7,00,00,00,8B,94,1A,A5,00,FF,00,00,1E,B0,00,61,00,00,00,01,20,4F,B2,10,00,00,B2,10,4C,00,3C,00,10,10,00,3F,00,FF,3C,00,23,13,12,00,FF,0203,14DB,0000,0302,00000000,0304,0000
239,genesis,current_genesis,000D78,10,00,01,01,00,01,00,00,00,C8,00,00,00,8B,94,1A,A5,00,FF,00,00,1E,B0,00,61,00,00,00,01,20,4F,B2,10,00,00,B2,10,4C,00,3C,00,10,10,00,3F,00,FF,3C,00,23,13,12,00,FF,0203,14F5,0000,0302,00000000,0308,0000
240,genesis,current_genesis,000D78,10,00,01,01,00,01,00,00,00,C9,00,00,00,8B,94,1A,A5,00,FF,00,00,1E,B0,00,62,00,00,00,01,20,4F,B2,10,00,00,B2,10,4C,00,3C,00,10,10,00,3F,00,FF,3C,00,23,13,12,00,FF,0203,150F,0000,0302,00000000,030C,0000
241,genesis,current_genesis,000D78,10,00,01,01,00,01,00,00,00,CA,00,00,00,8B,94,1A,A5,00,FF,00,00,1E,B0,00,62,00,00,00,01,20,4F,B2,10,00,00,B2,10,4C,00,3C,00,10,10,00,3F,00,FF,3C,00,23,13,12,00,FF,0203,1529,0000,0302,00000000,0310,0000
242,genesis,current_genesis,000D78,10,00,01,01,00,01,00,00,00,CB,00,00,00,8B,94,1A,A5,00,FF,00,00,1E,B0,00,63,00,00,00,01,20,4F,B2,10,00,00,B2,10,4C,00,3C,00,10,10,00,3F,00,FF,3C,00,23,13,12,00,FF,0203,1543,0000,0302,00000000,0314,0000
243,genesis,current_genesis,000D78,10,00,01,01,00,01,00,00,00,CC,00,00,00,8B,94,1A,A5,00,FF,00,00,1E,B0,00,63,00,00,00,01,20,4F,B2,10,00,00,B2,10,4C,00,3C,00,10,10,00,3F,00,FF,3C,00,23,13,12,00,FF,0203,155D,0000,0302,00000000,0318,0000
244,genesis,current_genesis,000D78,10,00,01,01,00,01,00,00,00,CD,00,00,00,8B,94,1A,A5,00,FF,00,00,1E,B0,00,64,00,00,00,01,20,4F,B2,10,00,00,B2,10,4C,00,3C,00,10,10,00,3F,00,FF,3C,00,23,13,10,00,FF,0203,1577,0000,0302,00000000,031C,0000
245,genesis,current_genesis,000D78,10,00,01,01,00,01,00,00,00,CE,00,00,00,8B,94,1A,A5,00,FF,00,00,1E,B0,00,64,00,00,00,01,20,4F,B2,10,00,00,B2,10,4C,00,3C,00,10,10,00,3F,00,FF,3C,00,23,13,10,00,FF,0203,1591,0000,0302,00000000,0320,0000
246,genesis,current_genesis,000D78,10,00,01,01,00,01,00,00,00,CF,00,00,00,8B,94,1A,A5,00,FF,00,00,1E,B0,00,65,00,00,00,01,20,4F,B2,10,00,00,B2,10,4C,00,3C,00,10,10,00,3F,00,FF,3C,00,23,13,10,00,FF,0203,15AB,0000,0302,00000000,0324,0000
247,genesis,current_genesis,000D78,10,00,01,01,00,01,00,00,00,D0,00,00,00,8B,94,1A,A5,00,FF,00,00,1E,B0,00,65,00,00,00,01,20,4F,B2,10,00,00,B2,10,4C,00,3C,00,10,10,00,3F,00,FF,3C,00,23,13,10,00,FF,0203,15C5,0000,0302,00000000,0328,0000
248,genesis,current_genesis,000D78,10,00,01,01,00,01,00,00,00,D1,00,00,00,8B,94,1A,A5,00,FF,00,00,1E,B0,00,66,00,00,00,01,20,4F,B2,10,00,00,B2,10,4C,00,3C,00,10,10,00,3F,00,FF,3C,00,23,13,10,00,FF,0203,15DF,0000,0302,00000000,032C,0000
249,genesis,current_genesis,000D78,10,00,01,01,00,01,00,00,00,D2,00,00,00,8B,94,1A,A5,00,FF,00,00,1E,B0,00,66,00,00,00,01,20,4F,B2,10,00,00,B2,10,4C,00,3C,00,10,10,00,3F,00,FF,3C,00,23,13,10,00,FF,0203,15F9,0000,0302,00000000,0330,0000
250,genesis,current_genesis,000D78,10,00,01,01,00,01,00,00,00,D3,00,00,00,8B,94,1A,A5,00,FF,00,00,1E,B0,00,67,00,00,00,01,20,4F,B2,10,00,00,B2,10,4C,00,3C,00,10,10,00,3F,00,FF,3C,00,23,13,3C,00,FF,0203,1613,0000,0302,00000000,0334,0000
251,genesis,current_genesis,000D78,10,00,01,01,00,01,00,00,00,D4,00,00,00,8B,94,1A,A5,00,FF,00,00,1E,B0,00,67,00,00,00,01,20,4F,B2,10,00,00,B2,10,4C,00,3C,00,10,10,00,3F,00,FF,3C,00,23,13,3C,00,FF,0203,162D,0000,0302,00000000,0338,0000
252,genesis,current_genesis,000D78,10,00,01,01,00,01,00,00,00,D5,00,00,00,8B,94,1A,A5,00,FF,00,00,1E,B0,00,68,00,00,00,01,20,4F,B2,10,00,00,B2,10,4C,00,3C,00,10,10,00,3F,00,FF,3C,00,23,13,3C,00,FF,0203,1647,0000,0302,00000000,033C,0000
253,genesis,current_genesis,000D78,10,00,01,01,00,01,00,00,00,D6,00,00,00,8B,94,1A,A5,00,FF,00,00,1E,B0,00,68,00,00,00,01,20,4F,B2,10,00,00,B2,10,4C,00,3C,00,10,10,00,3F,00,FF,3C,00,23,13,3C,00,FF,0203,1661,0000,0302,00000000,0340,0000
254,genesis,current_genesis,000D78,10,00,01,01,00,01,00,00,00,D7,00,00,00,8B,94,1A,A5,00,FF,00,00,1E,B0,00,69,00,00,00,01,20,4F,B2,10,00,00,B2,10,4C,00,3C,00,10,10,00,3F,00,FF,3C,00,23,13,3C,00,FF,0203,167B,0000,0302,00000000,0344,0000
255,genesis,current_genesis,000D78,10,00,01,01,00,01,00,00,00,D8,00,00,00,8B,94,1A,A5,00,FF,00,00,1E,B0,00,69,00,00,00,01,20,4F,B2,10,00,00,B2,10,4C,00,3C,00,10,10,00,3F,00,FF,3C,00,23,13,3C,00,FF,0203,1695,0000,0302,00000000,0348,0000
256,genesis,current_genesis,000D78,10,00,01,01,00,01,00,00,00,D9,00,00,00,8B,94,1A,A5,00,FF,00,00,1E,B0,00,6A,00,00,00,01,20,4F,B2,10,00,00,B2,10,4C,00,3C,00,10,10,00,3F,00,FF,3C,00,23,13,00,00,FF,0203,16AF,0000,0302,00000000,034C,0000
257,genesis,current_genesis,000D78,10,00,01,01,00,01,00,00,00,DA,00,00,00,8B,94,1A,A5,00,FF,00,00,1E,B0,00,6A,00,00,00,01,20,4F,B2,10,00,00,B2,10,4C,00,3C,00,10,10,00,3F,00,FF,3C,00,23,13,00,00,FF,0203,16C9,0000,0302,00000000,0350,0000
258,genesis,current_genesis,000D78,10,00,01,01,00,01,00,00,00,DB,00,00,00,8B,94,1A,A5,00,FF,00,00,1E,B0,00,6B,00,00,00,01,20,4F,B2,10,00,00,B2,10,4C,00,3C,00,10,10,00,3F,00,FF,3C,00,23,13,00,00,FF,0203,16E3,0000,0302,00000000,0354,0000
259,genesis,current_genesis,000D78,10,00,01,01,00,01,00,00,00,DC,00,00,00,8B,94,1A,A5,00,FF,00,00,1E,B0,00,6B,00,00,00,01,20,4F,B2,10,00,00,B2,10,4C,00,3C,00,10,10,00,3F,00,FF,3C,00,23,13,00,00,FF,0203,16FD,0000,0302,00000000,0358,0000
260,genesis,current_genesis,000D78,10,00,01,01,00,01,00,00,00,DD,00,00,00,8B,94,1A,A5,00,FF,00,00,1E,B0,00,6C,00,00,00,01,20,4F,B2,10,00,00,B2,10,4C,00,3C,00,10,10,00,3F,00,FF,3C,00,23,13,00,00,FF,0203,1717,0000,0302,00000000,035C,0000
261,genesis,current_genesis,000D78,10,00,01,01,00,01,00,00,00,DE,00,00,00,8B,94,1A,A5,00,FF,00,00,1E,B0,00,6C,00,00,00,01,20,4F,B2,10,00,00,B2,10,4C,00,3C,00,10,10,00,3F,00,FF,3C,00,23,13,00,00,FF,0203,1731,0000,0302,00000000,0360,0000
262,genesis,current_genesis,000D78,10,00,01,01,00,01,00,00,00,DF,00,00,00,8B,94,1A,A5,00,FF,00,00,1E,B0,00,6D,00,00,00,01,20,4F,B2,10,00,00,B2,10,4C,00,3C,00,10,10,00,3F,00,FF,3C,00,23,13,16,00,FF,0203,174B,0000,0302,00000000,0364,0000
263,genesis,current_genesis,000D78,10,00,01,01,00,01,00,00,00,E0,00,00,00,8B,94,1A,A5,00,FF,00,00,1E,B0,00,6D,00,00,00,01,20,4F,B2,10,00,00,B2,10,4C,00,3C,00,10,10,00,3F,00,FF,3C,00,23,13,16,00,FF,0203,1765,0000,0302,00000000,0368,0000
264,genesis,current_genesis,000D78,10,00,01,01,00,01,00,00,00,E1,00,00,00,8B,94,1A,A5,00,FF,00,00,1E,B0,00,6E,00,00,00,01,20,4F,B2,10,00,00,B2,10,4C,00,3C,00,10,10,00,3F,00,FF,3C,00,23,13,16,00,FF,0203,177F,0000,0302,00000000,036C,0000
265,genesis,current_genesis,000D78,10,00,01,01,00,01,00,00,00,E2,00,00,00,8B,94,1A,A5,00,FF,00,00,1E,B0,00,6E,00,00,00,01,20,4F,B2,10,00,00,B2,10,4C,00,3C,00,10,10,00,3F,00,FF,3C,00,23,13,16,00,FF,0203,1799,0000,0302,00000000,0370,0000
266,genesis,current_genesis,000D78,10,00,01,01,00,01,00,00,00,E3,00,00,00,8B,94,1A,A5,00,FF,00,00,1E,B0,00,6F,00,00,00,01,20,4F,B2,10,00,00,B2,10,4C,00,3C,00,10,10,00,3F,00,FF,3C,00,23,13,16,00,FF,0203,17B3,0000,0302,00000000,0374,0000
267,genesis,current_genesis,000D78,10,00,01,01,00,01,00,00,00,E4,00,00,00,8B,94,1A,A5,00,FF,00,00,1E,B0,00,6F,00,00,00,01,20,4F,B2,10,00,00,B2,10,4C,00,3C,00,10,10,00,3F,00,FF,3C,00,23,13,16,00,FF,0203,17CD,0000,0302,00000000,0378,0000
268,genesis,current_genesis,000D78,10,00,01,01,00,01,00,00,00,E5,00,00,00,8B,94,1A,A5,00,FF,00,00,1E,B0,00,70,00,00,00,01,20,4F,B2,10,00,00,B2,10,4C,00,3C,00,10,10,00,3F,00,FF,3C,00,23,13,16,00,FF,0203,17E7,0000,0302,00000000,037C,0000
269,genesis,current_genesis,000D78,10,00,01,01,00,01,00,00,00,E6,00,00,00,8B,94,1A,A5,00,FF,00,00,1E,B0,00,70,00,00,00,01,20,4F,B2,10,00,00,B2,10,4C,00,3C,00,10,10,00,3F,00,FF,3C,00,23,13,16,00,FF,0203,1801,0000,0302,00000000,0380,0000
270,genesis,current_genesis,000D78,10,00,01,01,00,01,00,00,00,E7,00,00,00,8B,94,1A,A5,00,FF,00,00,1E,B0,00,71,00,00,00,01,20,4F,B2,10,00,00,B2,10,4C,00,3C,00,10,10,00,3F,00,FF,3C,00,23,13,16,00,FF,0203,181B,0000,0302,00000000,0384,0000
271,genesis,current_genesis,000D78,10,00,01,01,00,01,00,00,00,E8,00,00,00,8B,94,1A,A5,00,FF,00,00,1E,B0,00,71,00,00,00,01,20,4F,B2,10,00,00,B2,10,4C,00,3C,00,10,10,00,3F,00,FF,3C,00,23,13,16,00,FF,0203,1835,0000,0302,00000000,0388,0000
272,genesis,current_genesis,000D78,10,00,01,01,00,01,00,00,00,E9,00,00,00,8B,94,1A,A5,00,FF,00,00,1E,B0,00,72,00,00,00,01,20,4F,B2,10,00,00,B2,10,4C,00,3C,00,10,10,00,3F,00,FF,3C,00,23,13,16,00,FF,0203,184F,0000,0302,00000000,038C,0000
273,genesis,current_genesis,000D78,10,00,01,01,00,01,00,00,00,EA,00,00,00,8B,94,1A,A5,00,FF,00,00,1E,B0,00,72,00,00,00,01,20,4F,B2,10,00,00,B2,10,4C,00,3C,00,10,10,00,3F,00,FF,3C,00,23,13,16,00,FF,0203,1869,0000,0302,00000000,0390,0000
274,genesis,current_genesis,000D78,10,00,01,01,00,01,00,00,00,EB,00,00,00,8B,94,1A,A5,00,FF,00,00,1E,B0,00,73,00,00,00,01,20,4F,B2,10,00,00,B2,10,4C,00,3C,00,10,10,00,3F,00,FF,3C,00,23,13,16,00,FF,0203,1883,0000,0302,00000000,0394,0000
275,genesis,current_genesis,000D78,10,00,01,01,00,01,00,00,00,EC,00,00,00,8B,94,1A,A5,00,FF,00,00,1E,B0,00,73,00,00,00,01,20,4F,B2,10,00,00,B2,10,4C,00,3C,00,10,10,00,3F,00,FF,3C,00,23,13,16,00,FF,0203,189D,0000,0302,00000000,0398,0000
276,genesis,current_genesis,000D78,10,00,01,01,00,01,00,00,00,ED,00,00,00,8B,94,1A,A5,00,FF,00,00,1E,B0,00,74,00,00,00,01,20,4F,B2,10,00,00,B2,10,4C,00,3C,00,10,10,00,3F,00,FF,3C,00,23,13,16,00,FF,0203,18B7,0000,0302,00000000,039C,0000
277,genesis,current_genesis,000D78,10,00,01,01,00,01,00,00,00,EE,00,00,00,8B,94,1A,A5,00,FF,00,00,1E,B0,00,74,00,00,00,01,20,4F,B2,10,00,00,B2,10,4C,00,3C,00,10,10,00,3F,00,FF,3C,00,23,13,16,00,FF,0203,18D1,0000,0302,00000000,03A0,0000
278,genesis,current_genesis,000D78,10,00,01,01,00,01,00,00,00,EF,00,00,00,8B,94,1A,A5,00,FF,00,00,1E,B0,00,75,00,00,00,01,20,4F,B2,10,00,00,B2,10,4C,00,3C,00,10,10,00,3F,00,FF,3C,00,23,13,00,00,FF,0203,18EB,0000,0302,00000000,03A4,0000
279,genesis,current_genesis,000D78,10,00,01,01,00,01,00,00,00,F0,00,00,00,8B,94,1A,A5,00,FF,00,00,1E,B0,00,75,00,00,00,01,20,4F,B2,10,00,00,B2,10,4C,00,3C,00,10,10,00,3F,00,FF,3C,00,23,13,00,00,FF,0203,1905,0000,0302,00000000,03A8,0000
280,genesis,current_genesis,000D78,10,00,01,01,00,01,00,00,00,F1,00,00,00,8B,94,1A,A5,00,FF,00,00,1E,B0,00,76,00,00,00,01,20,4F,B2,10,00,00,B2,10,4C,00,3C,00,10,10,00,3F,00,FF,3C,00,23,13,00,00,FF,0203,191F,0000,0302,00000000,03AC,0000
281,genesis,current_genesis,000D78,10,00,01,01,00,01,00,00,00,F2,00,00,00,8B,94,1A,A5,00,FF,00,00,1E,B0,00,76,00,00,00,01,20,4F,B2,10,00,00,B2,10,4C,00,3C,00,10,10,00,3F,00,FF,3C,00,23,13,00,00,FF,0203,1939,0000,0302,00000000,03B0,0000
282,genesis,current_genesis,000D78,10,00,01,01,00,01,00,00,00,F3,00,00,00,8B,94,1A,A5,00,FF,00,00,1E,B0,00,77,00,00,00,01,20,4F,B2,10,00,00,B2,10,4C,00,3C,00,10,10,00,3F,00,FF,3C,00,23,13,00,00,FF,0203,1953,0000,0302,00000000,03B4,0000
283,genesis,current_genesis,000D78,10,00,01,01,00,01,00,00,00,F4,00,00,00,8B,94,1A,A5,00,FF,00,00,1E,B0,00,77,00,00,00,01,20,4F,B2,10,00,00,B2,10,4C,00,3C,00,10,10,00,3F,00,FF,3C,00,23,13,00,00,FF,0203,196D,0000,0302,00000000,03B8,0000
284,genesis,current_genesis,000D78,10,00,01,01,00,01,00,00,00,F5,00,00,00,8B,94,1A,A5,00,FF,00,00,1E,B0,00,78,00,00,00,01,20,4F,B2,10,00,00,B2,10,4C,00,3C,00,10,10,00,3F,00,FF,3C,00,23,13,02,00,FF,0203,1987,0000,0302,00000000,03BC,0000
285,genesis,current_genesis,000D78,10,00,01,01,00,01,00,00,00,F6,00,00,00,8B,94,1A,A5,00,FF,00,00,1E,B0,00,78,00,00,00,01,20,4F,B2,10,00,00,B2,10,4C,00,3C,00,10,10,00,3F,00,FF,3C,00,23,13,02,00,FF,0203,19A1,0000,0302,00000000,03C0,0000
286,genesis,current_genesis,000D78,10,00,01,01,00,01,00,00,00,F7,00,00,00,8B,94,1A,A5,00,FF,00,00,1E,B0,00,79,00,00,00,01,20,4F,B2,10,00,00,B2,10,4C,00,3C,00,10,10,00,3F,00,FF,3C,00,23,13,02,00,FF,0203,19BB,0000,0302,00000000,03C4,0000
287,genesis,current_genesis,000D78,10,00,01,01,00,01,00,00,00,F8,00,00,00,18,00,1A,A5,00,FF,00,00,1E,B0,00,79,00,00,00,04,30,00,B2,10,00,00,B2,10,4C,00,3C,00,10,10,00,3F,00,FF,3C,00,23,13,02,00,FF,0203,19D6,0000,0302,00000000,03C8,0000
288,genesis,current_genesis,000D78,10,00,01,01,00,01,00,00,00,F9,00,00,00,18,00,1A,A5,00,FF,00,00,1E,B0,00,7A,00,00,00,04,30,00,B2,10,00,00,B2,10,4C,00,3C,00,10,10,00,3F,00,FF,3C,00,23,13,02,00,FF,0203,19F1,0000,0302,00000000,03CC,0000
289,genesis,current_genesis,000D78,10,00,01,01,00,01,00,00,00,FA,00,00,00,18,00,1A,A5,00,FF,00,00,1E,B0,00,7A,00,00,00,04,30,00,B2,10,00,00,B2,10,4C,00,3C,00,10,10,00,3F,00,FF,3C,00,23,13,02,00,FF,0203,1A0C,0000,0302,00000000,03D0,0000
290,genesis,current_genesis,000D78,10,00,01,01,00,01,00,00,00,FB,00,00,00,18,00,1A,A5,00,FF,00,00,1E,B0,00,7B,00,00,00,04,30,00,B2,10,00,00,B2,10,4C,00,3C,00,10,10,00,3F,00,FF,3C,00,23,13,66,00,FF,0203,1A27,0000,0302,00000000,03D4,0000
291,genesis,current_genesis,000D78,10,00,01,01,00,01,00,00,00,FC,00,00,00,18,00,1A,A5,00,FF,00,00,1E,B0,00,7B,00,00,00,04,30,00,B2,10,00,00,B2,10,4C,00,3C,00,10,10,00,3F,00,FF,3C,00,23,13,66,00,FF,0203,1A42,0000,0302,00000000,03D8,0000
292,genesis,current_genesis,000D78,10,00,01,01,00,01,00,00,00,FD,00,00,00,18,00,1A,A5,00,FF,00,00,1E,B0,00,7C,00,00,00,04,30,00,B2,10,00,00,B2,10,4C,00,3C,00,10,10,00,3F,00,FF,3C,00,23,13,66,00,FF,0203,1A5D,0000,0302,00000000,03DC,0000
293,genesis,current_genesis,000D78,10,00,01,01,00,01,00,00,00,FE,00,00,00,18,00,1A,A5,00,FF,00,00,1E,B0,00,7C,00,00,00,04,30,00,B2,10,00,00,B2,10,4C,00,3C,00,10,10,00,3F,00,FF,3C,00,23,13,66,00,FF,0203,1A78,0000,0302,00000000,03E0,0000
294,genesis,current_genesis,000D78,10,00,01,01,00,01,00,00,00,FF,00,00,00,18,00,1A,A5,00,FF,00,00,1E,B0,00,7D,00,00,00,04,30,00,B2,10,00,00,B2,10,4C,00,3C,00,10,10,00,3F,00,FF,3C,00,23,13,66,00,FF,0203,1A93,0000,0302,00000000,03E4,0000
295,genesis,current_genesis,000D78,10,00,01,01,00,01,00,00,00,00,00,00,00,18,00,1A,A5,00,FF,00,00,1E,B0,00,7D,00,00,00,04,30,00,B2,10,00,00,B2,10,4C,00,3C,00,10,10,00,3F,00,FF,3C,00,23,13,66,00,FF,0203,1AAE,0000,0302,00000000,03E8,0000
296,genesis,current_genesis,000D78,10,00,01,01,00,01,00,00,00,01,00,00,00,18,00,1A,A5,00,FF,00,00,1E,B0,00,7E,00,00,00,04,30,00,B2,10,00,00,B2,10,4C,00,3C,00,10,10,00,3F,00,FF,3C,00,23,13,12,00,FF,0203,1AC9,0000,0302,00000000,03EC,0000
297,genesis,current_genesis,000D78,10,00,01,01,00,01,00,00,00,02,00,00,00,18,00,1A,A5,00,FF,00,00,1E,B0,00,7E,00,00,00,04,30,00,B2,10,00,00,B2,10,4C,00,3C,00,10,10,00,3F,00,FF,3C,00,23,13,12,00,FF,0203,1AE4,0000,0302,00000000,03F0,0000
298,genesis,current_genesis,000D78,10,00,01,01,00,01,00,00,00,03,00,00,00,18,00,1A,A5,00,FF,00,00,1E,B0,00,7F,00,00,00,04,30,00,B2,10,00,00,B2,10,4C,00,3C,00,10,10,00,3F,00,FF,3C,00,23,13,12,00,FF,0203,1AFF,0000,0302,00000000,03F4,0000
299,genesis,current_genesis,000D78,10,00,01,01,00,01,00,00,00,04,00,00,00,18,00,1A,A5,00,FF,00,00,1E,B0,00,7F,00,00,00,04,30,00,B2,10,00,00,B2,10,4C,00,3C,00,10,10,00,3F,00,FF,3C,00,23,13,12,00,FF,0203,1B1A,0000,0302,00000000,03F8,0000
300,genesis,current_genesis,000D78,10,00,01,01,00,01,00,00,00,05,00,00,00,18,00,1A,A5,00,FF,00,00,1E,B0,00,80,00,00,00,04,30,00,B2,10,00,00,B2,10,4C,00,3C,00,10,10,00,3F,00,FF,3C,00,23,13,12,00,FF,0203,1B35,0000,0302,00000000,03FC,0000
