frame,system,rom_label,pc,screen_ready,ram_script,ram_subscript,ppu_load_index,cur_save_slot,ram_004D,ram_next_script,ram_041F,ram_0421,ram_0423,ram_0000,ram_0001,ram_0002,ram_0003,ram_0004,ram_0005,spr_index_1,spr_index_2,trace_last,PPU_REQ_INDEX,PPU_REQ_PTR,PPU_REQ_RES,SEQ_EVT_COUNT,PPU_EVT_COUNT,ppu_buf_00,ppu_buf_01,ppu_buf_02,ppu_buf_03,ppu_buf_04,ppu_buf_05,ppu_buf_06,ppu_buf_07,ppu_buf_08,ppu_buf_09,ppu_buf_0A,ppu_buf_0B,ppu_buf_0C,ppu_buf_0D,ppu_buf_0E,ppu_buf_0F,ppu_buf_10,ppu_buf_11,ppu_buf_12,ppu_buf_13,ppu_buf_14,ppu_buf_15,ppu_buf_16,ppu_buf_17,ppu_buf_18,ppu_buf_19,ppu_buf_1A,ppu_buf_1B,ppu_buf_1C,ppu_buf_1D,ppu_buf_1E,ppu_buf_1F,oam_00,oam_01,oam_02,oam_03,oam_04,oam_05,oam_06,oam_07,oam_08,oam_09,oam_0A,oam_0B,oam_0C,oam_0D,oam_0E,oam_0F
0,genesis,zelda_v586_autostart,0003D4,00,00,00,00,00,00,00,00,00,00,00,00,00,00,00,00,00,00,0000,0000,0000,00000000,0000,0000,00,00,00,00,00,00,00,00,00,00,00,00,00,00,00,00,00,00,00,00,00,00,00,00,00,00,00,00,00,00,00,00,00,00,00,00,00,00,00,00,00,00,00,00,00,00,00,00
1,genesis,zelda_v586_autostart,0003D2,00,00,00,00,00,00,00,00,00,00,00,00,00,00,00,00,00,00,0000,0000,0000,00000000,0000,0000,00,00,00,00,00,00,00,00,00,00,00,00,00,00,00,00,00,00,00,00,00,00,00,00,00,00,00,00,00,00,00,00,00,00,00,00,00,00,00,00,00,00,00,00,00,00,00,00
2,genesis,zelda_v586_autostart,0003D4,00,00,00,00,00,00,00,00,00,00,00,00,00,00,00,00,00,00,0000,0000,0000,00000000,0000,0000,00,00,00,00,00,00,00,00,00,00,00,00,00,00,00,00,00,00,00,00,00,00,00,00,00,00,00,00,00,00,00,00,00,00,00,00,00,00,00,00,00,00,00,00,00,00,00,00
3,genesis,zelda_v586_autostart,0003D4,00,00,00,00,00,00,00,00,00,00,00,00,00,00,00,00,00,00,0000,0000,0000,00000000,0000,0000,00,00,00,00,00,00,00,00,00,00,00,00,00,00,00,00,00,00,00,00,00,00,00,00,00,00,00,00,00,00,00,00,00,00,00,00,00,00,00,00,00,00,00,00,00,00,00,00
4,genesis,zelda_v586_autostart,00053C,00,00,00,00,00,00,00,00,00,00,00,00,00,00,00,00,00,00,0000,0000,0000,00000000,0000,0000,00,00,00,00,00,00,00,00,00,00,00,00,00,00,00,00,00,00,00,00,00,00,00,00,00,00,00,00,00,00,00,00,00,00,00,00,00,00,00,00,00,00,00,00,00,00,00,00
5,genesis,zelda_v586_autostart,000CFC,00,00,00,00,00,00,00,00,00,00,00,00,00,00,00,00,00,00,0000,0000,0000,00000000,0000,0000,00,00,00,00,00,00,00,00,00,00,00,00,00,00,00,00,00,00,00,00,00,00,00,00,00,00,00,00,00,00,00,00,00,00,00,00,00,00,00,00,00,00,00,00,00,00,00,00
6,genesis,zelda_v586_autostart,000CFC,00,00,00,00,00,00,00,00,00,00,00,00,00,00,00,00,00,00,0000,0000,0000,00000000,0000,0000,00,00,00,00,00,00,00,00,00,00,00,00,00,00,00,00,00,00,00,00,00,00,00,00,00,00,00,00,00,00,00,00,00,00,00,00,00,00,00,00,00,00,00,00,00,00,00,00
7,genesis,zelda_v586_autostart,000CF4,00,00,00,00,00,00,00,00,00,00,00,00,00,00,00,00,00,00,0000,0000,0000,00000000,0000,0000,00,00,00,00,00,00,00,00,00,00,00,00,00,00,00,00,00,00,00,00,00,00,00,00,00,00,00,00,00,00,00,00,00,00,00,00,00,00,00,00,00,00,00,00,00,00,00,00
8,genesis,zelda_v586_autostart,000CFC,00,00,00,00,00,00,00,00,00,00,00,00,00,00,00,00,00,00,0000,0000,0000,00000000,0000,0000,00,00,00,00,00,00,00,00,00,00,00,00,00,00,00,00,00,00,00,00,00,00,00,00,00,00,00,00,00,00,00,00,00,00,00,00,00,00,00,00,00,00,00,00,00,00,00,00
9,genesis,zelda_v586_autostart,000CF4,00,00,00,00,00,00,00,00,00,00,00,00,00,00,00,00,00,00,0000,0000,0000,00000000,0000,0000,00,00,00,00,00,00,00,00,00,00,00,00,00,00,00,00,00,00,00,00,00,00,00,00,00,00,00,00,00,00,00,00,00,00,00,00,00,00,00,00,00,00,00,00,00,00,00,00
10,genesis,zelda_v586_autostart,000CFC,00,00,00,00,00,00,00,00,00,00,00,00,00,00,00,00,00,00,0000,0000,0000,00000000,0000,0000,00,00,00,00,00,00,00,00,00,00,00,00,00,00,00,00,00,00,00,00,00,00,00,00,00,00,00,00,00,00,00,00,00,00,00,00,00,00,00,00,00,00,00,00,00,00,00,00
11,genesis,zelda_v586_autostart,000CFC,00,00,00,00,00,00,00,00,00,00,00,00,00,00,00,00,00,00,0000,0000,0000,00000000,0000,0000,00,00,00,00,00,00,00,00,00,00,00,00,00,00,00,00,00,00,00,00,00,00,00,00,00,00,00,00,00,00,00,00,00,00,00,00,00,00,00,00,00,00,00,00,00,00,00,00
12,genesis,zelda_v586_autostart,000CFC,00,00,00,00,00,00,00,00,00,00,00,00,00,00,00,00,00,00,0000,0000,0000,00000000,0000,0000,00,00,00,00,00,00,00,00,00,00,00,00,00,00,00,00,00,00,00,00,00,00,00,00,00,00,00,00,00,00,00,00,00,00,00,00,00,00,00,00,00,00,00,00,00,00,00,00
13,genesis,zelda_v586_autostart,000D6E,00,00,00,00,00,00,00,00,00,00,00,00,00,00,00,00,00,00,0000,0000,0000,00000000,0000,0000,00,00,00,00,00,00,00,00,00,00,00,00,00,00,00,00,00,00,00,00,00,00,00,00,00,00,00,00,00,00,00,00,00,00,00,00,00,00,00,00,00,00,00,00,00,00,00,00
14,genesis,zelda_v586_autostart,001020,00,00,00,00,00,00,00,00,00,00,00,00,00,00,00,00,00,00,0000,0000,0000,00000000,0000,0000,00,00,00,00,00,00,00,00,00,00,00,00,00,00,00,00,00,00,00,00,00,00,00,00,00,00,00,00,00,00,00,00,00,00,00,00,00,00,00,00,00,00,00,00,00,00,00,00
15,genesis,zelda_v586_autostart,0006B0,00,00,00,00,00,00,00,00,00,00,00,00,00,00,00,00,00,00,0000,0000,0000,00000000,0000,0000,00,00,00,00,00,00,00,00,00,00,00,00,00,00,00,00,00,00,00,00,00,00,00,00,00,00,00,00,00,00,00,00,00,00,00,00,00,00,00,00,00,00,00,00,00,00,00,00
16,genesis,zelda_v586_autostart,0006CC,00,00,00,00,00,00,00,00,00,00,00,00,00,00,00,00,00,00,0000,0000,0000,00000000,0000,0000,00,00,00,00,00,00,00,00,00,00,00,00,00,00,00,00,00,00,00,00,00,00,00,00,00,00,00,00,00,00,00,00,00,00,00,00,00,00,00,00,00,00,00,00,00,00,00,00
17,genesis,zelda_v586_autostart,0015A8,00,00,00,10,00,00,00,00,00,00,00,03,00,00,00,00,00,00,02C0,0000,0302,00000000,0000,0002,3F,00,FF,00,00,00,00,00,00,00,00,00,00,00,00,00,00,00,00,00,00,00,00,00,00,00,00,00,00,00,00,00,00,00,00,00,00,00,00,00,00,00,00,00,00,00,00,00
18,genesis,zelda_v586_autostart,001586,00,00,00,10,00,00,00,00,00,00,00,03,00,00,00,00,00,00,02C0,0000,0302,00000000,0000,0002,3F,00,FF,00,00,00,00,00,00,00,00,00,00,00,00,00,00,00,00,00,00,00,00,00,00,00,00,00,00,00,00,00,00,00,00,00,00,00,00,00,00,00,00,00,00,00,00,00
19,genesis,zelda_v586_autostart,001590,00,00,00,10,00,00,00,00,00,00,00,03,00,00,00,00,00,00,02C0,0000,0302,00000000,0000,0002,3F,00,FF,00,00,00,00,00,00,00,00,00,00,00,00,00,00,00,00,00,00,00,00,00,00,00,00,00,00,00,00,00,00,00,00,00,00,00,00,00,00,00,00,00,00,00,00,00
20,genesis,zelda_v586_autostart,0014F8,00,00,00,10,00,00,00,00,00,00,00,03,00,00,00,00,00,00,02C0,0000,0302,00000000,0000,0002,3F,00,FF,00,00,00,00,00,00,00,00,00,00,00,00,00,00,00,00,00,00,00,00,00,00,00,00,00,00,00,00,00,00,00,00,00,00,00,00,00,00,00,00,00,00,00,00,00
21,genesis,zelda_v586_autostart,001580,00,00,00,10,00,00,00,00,00,00,00,03,00,00,00,00,00,00,02C0,0000,0302,00000000,0000,0002,3F,00,FF,00,00,00,00,00,00,00,00,00,00,00,00,00,00,00,00,00,00,00,00,00,00,00,00,00,00,00,00,00,00,00,00,00,00,00,00,00,00,00,00,00,00,00,00,00
22,genesis,zelda_v586_autostart,001598,00,00,00,10,00,00,00,00,00,00,00,03,00,00,00,00,00,00,0403,0010,A869,00025646,0000,0003,3F,00,FF,00,00,00,00,00,00,00,00,00,00,00,00,00,00,00,00,00,00,00,00,00,00,00,00,00,00,00,00,00,00,00,00,00,00,00,00,00,00,00,00,00,00,00,00,00
23,genesis,zelda_v586_autostart,0011C2,00,00,00,10,00,00,00,00,00,00,00,03,00,00,00,00,00,00,0403,0010,A869,00025646,0000,0003,3F,00,FF,00,00,00,00,00,00,00,00,00,00,00,00,00,00,00,00,00,00,00,00,00,00,00,00,00,00,00,00,00,00,00,00,00,00,00,00,00,00,00,00,00,00,00,00,00
24,genesis,zelda_v586_autostart,001148,00,00,00,10,00,00,00,00,00,00,00,03,00,00,00,00,00,00,0403,0010,A869,00025646,0000,0003,3F,00,FF,00,00,00,00,00,00,00,00,00,00,00,00,00,00,00,00,00,00,00,00,00,00,00,00,00,00,00,00,00,00,00,00,00,00,00,00,00,00,00,00,00,00,00,00,00
25,genesis,zelda_v586_autostart,00118A,00,00,00,10,00,00,00,00,00,00,00,03,00,00,00,00,00,00,0403,0010,A869,00025646,0000,0003,3F,00,FF,00,00,00,00,00,00,00,00,00,00,00,00,00,00,00,00,00,00,00,00,00,00,00,00,00,00,00,00,00,00,00,00,00,00,00,00,00,00,00,00,00,00,00,00,00
26,genesis,zelda_v586_autostart,00102C,00,00,00,10,00,00,00,00,00,00,00,03,00,00,00,00,00,00,0403,0010,A869,00025646,0000,0003,3F,00,FF,00,00,00,00,00,00,00,00,00,00,00,00,00,00,00,00,00,00,00,00,00,00,00,00,00,00,00,00,00,00,00,00,00,00,00,00,00,00,00,00,00,00,00,00,00
27,genesis,zelda_v586_autostart,0015E6,00,00,00,10,00,00,00,00,00,00,00,03,00,00,00,00,00,00,0403,0010,A869,00025646,0000,0003,3F,00,FF,00,00,00,00,00,00,00,00,00,00,00,00,00,00,00,00,00,00,00,00,00,00,00,00,00,00,00,00,00,00,00,00,00,00,00,00,00,00,00,00,00,00,00,00,00
28,genesis,zelda_v586_autostart,0015CC,00,00,00,10,00,00,00,00,00,00,00,03,00,00,00,00,00,00,0403,0010,A869,00025646,0000,0003,3F,00,FF,00,00,00,00,00,00,00,00,00,00,00,00,00,00,00,00,00,00,00,00,00,00,00,00,00,00,00,00,00,00,00,00,00,00,00,00,00,00,00,00,00,00,00,00,00
29,genesis,zelda_v586_autostart,0014FE,00,00,00,10,00,00,00,00,00,00,00,03,00,00,00,00,00,00,0403,0010,A869,00025646,0000,0003,3F,00,FF,00,00,00,00,00,00,00,00,00,00,00,00,00,00,00,00,00,00,00,00,00,00,00,00,00,00,00,00,00,00,00,00,00,00,00,00,00,00,00,00,00,00,00,00,00
30,genesis,zelda_v586_autostart,0011AE,00,00,00,10,00,00,00,00,00,00,00,03,00,00,00,00,00,00,0403,0010,A869,00025646,0000,0003,3F,00,FF,00,00,00,00,00,00,00,00,00,00,00,00,00,00,00,00,00,00,00,00,00,00,00,00,00,00,00,00,00,00,00,00,00,00,00,00,00,00,00,00,00,00,00,00,00
31,genesis,zelda_v586_autostart,001158,00,00,00,10,00,00,00,00,00,00,00,03,00,00,00,00,00,00,0403,0010,A869,00025646,0000,0003,3F,00,FF,00,00,00,00,00,00,00,00,00,00,00,00,00,00,00,00,00,00,00,00,00,00,00,00,00,00,00,00,00,00,00,00,00,00,00,00,00,00,00,00,00,00,00,00,00
32,genesis,zelda_v586_autostart,000988,00,00,00,10,00,00,00,00,00,00,00,03,00,00,00,00,00,00,0403,0010,A869,00025646,0000,0003,3F,00,FF,00,00,00,00,00,00,00,00,00,00,00,00,00,00,00,00,00,00,00,00,00,00,00,00,00,00,00,00,00,00,00,00,00,00,00,00,00,00,00,00,00,00,00,00,00
33,genesis,zelda_v586_autostart,001586,00,00,00,10,00,00,00,00,00,00,00,03,00,00,00,00,00,00,0403,0010,A869,00025646,0000,0003,3F,00,FF,00,00,00,00,00,00,00,00,00,00,00,00,00,00,00,00,00,00,00,00,00,00,00,00,00,00,00,00,00,00,00,00,00,00,00,00,00,00,00,00,00,00,00,00,00
34,genesis,zelda_v586_autostart,0015FA,00,00,00,10,00,00,00,00,00,00,00,03,00,00,00,00,00,00,0403,0010,A869,00025646,0000,0003,3F,00,FF,00,00,00,00,00,00,00,00,00,00,00,00,00,00,00,00,00,00,00,00,00,00,00,00,00,00,00,00,00,00,00,00,00,00,00,00,00,00,00,00,00,00,00,00,00
35,genesis,zelda_v586_autostart,0014BC,00,00,00,10,00,00,00,00,00,00,00,03,00,00,00,00,00,00,0403,0010,A869,00025646,0000,0003,3F,00,FF,00,00,00,00,00,00,00,00,00,00,00,00,00,00,00,00,00,00,00,00,00,00,00,00,00,00,00,00,00,00,00,00,00,00,00,00,00,00,00,00,00,00,00,00,00
36,genesis,zelda_v586_autostart,001586,00,00,00,10,00,00,00,00,00,00,00,03,00,00,00,00,00,00,0403,0010,A869,00025646,0000,0003,3F,00,FF,00,00,00,00,00,00,00,00,00,00,00,00,00,00,00,00,00,00,00,00,00,00,00,00,00,00,00,00,00,00,00,00,00,00,00,00,00,00,00,00,00,00,00,00,00
37,genesis,zelda_v586_autostart,00158C,00,00,00,10,00,00,00,00,00,00,00,03,00,00,00,00,00,00,0403,0010,A869,00025646,0000,0003,3F,00,FF,00,00,00,00,00,00,00,00,00,00,00,00,00,00,00,00,00,00,00,00,00,00,00,00,00,00,00,00,00,00,00,00,00,00,00,00,00,00,00,00,00,00,00,00,00
38,genesis,zelda_v586_autostart,00C43E,00,00,00,00,00,00,00,00,00,00,EF,80,90,06,00,00,00,00,0403,0010,A869,00025646,0000,0003,3F,00,FF,00,00,00,00,00,00,00,00,00,00,00,00,00,00,00,00,00,00,00,00,00,00,00,00,00,00,00,00,00,00,00,00,00,00,00,00,00,00,00,00,00,00,00,00,00
39,genesis,zelda_v586_autostart,0009B6,00,00,00,00,00,00,00,00,00,00,9A,81,E5,05,00,00,00,00,0403,0010,A869,00025646,0000,0003,3F,00,FF,00,00,00,00,00,00,00,00,00,00,00,00,00,00,00,00,00,00,00,00,00,00,00,00,00,00,00,00,00,00,00,00,00,00,00,00,00,00,00,00,00,00,00,00,00
40,genesis,zelda_v586_autostart,0009B2,00,00,00,00,00,00,00,00,00,00,45,82,3A,05,00,00,00,00,0403,0010,A869,00025646,0000,0003,3F,00,FF,00,00,00,00,00,00,00,00,00,00,00,00,00,00,00,00,00,00,00,00,00,00,00,00,00,00,00,00,00,00,00,00,00,00,00,00,00,00,00,00,00,00,00,00,00
41,genesis,zelda_v586_autostart,0009C2,00,00,00,00,00,00,00,00,00,00,EF,82,90,04,00,00,00,00,0403,0010,A869,00025646,0000,0003,3F,00,FF,00,00,00,00,00,00,00,00,00,00,00,00,00,00,00,00,00,00,00,00,00,00,00,00,00,00,00,00,00,00,00,00,00,00,00,00,00,00,00,00,00,00,00,00,00
42,genesis,zelda_v586_autostart,00C40C,00,00,00,00,00,00,00,00,00,00,9A,83,E5,03,00,00,00,00,0403,0010,A869,00025646,0000,0003,3F,00,FF,00,00,00,00,00,00,00,00,00,00,00,00,00,00,00,00,00,00,00,00,00,00,00,00,00,00,00,00,00,00,00,00,00,00,00,00,00,00,00,00,00,00,00,00,00
43,genesis,zelda_v586_autostart,0009BE,00,00,00,00,00,00,00,00,00,00,44,84,3B,03,00,00,00,00,0403,0010,A869,00025646,0000,0003,3F,00,FF,00,00,00,00,00,00,00,00,00,00,00,00,00,00,00,00,00,00,00,00,00,00,00,00,00,00,00,00,00,00,00,00,00,00,00,00,00,00,00,00,00,00,00,00,00
44,genesis,zelda_v586_autostart,00C440,00,00,00,00,00,00,00,00,00,00,EF,84,90,02,00,00,00,00,0403,0010,A869,00025646,0000,0003,3F,00,FF,00,00,00,00,00,00,00,00,00,00,00,00,00,00,00,00,00,00,00,00,00,00,00,00,00,00,00,00,00,00,00,00,00,00,00,00,00,00,00,00,00,00,00,00,00
45,genesis,zelda_v586_autostart,001262,00,00,00,00,00,00,00,00,00,00,99,85,E6,01,00,00,00,00,0403,0010,A869,00025646,0000,0003,3F,00,FF,00,00,00,00,00,00,00,00,00,00,00,00,00,00,00,00,00,00,00,00,00,00,00,00,00,00,00,00,00,00,00,00,00,00,00,00,00,00,00,00,00,00,00,00,00
46,genesis,zelda_v586_autostart,0009BE,00,00,00,00,00,00,00,00,00,00,44,86,3B,01,00,00,00,00,0403,0010,A869,00025646,0000,0003,3F,00,FF,00,00,00,00,00,00,00,00,00,00,00,00,00,00,00,00,00,00,00,00,00,00,00,00,00,00,00,00,00,00,00,00,00,00,00,00,00,00,00,00,00,00,00,00,00
47,genesis,zelda_v586_autostart,0009B2,00,00,00,00,00,00,00,00,00,00,F0,86,8F,00,00,00,00,00,0403,0010,A869,00025646,0000,0003,3F,00,FF,00,00,00,00,00,00,00,00,00,00,00,00,00,00,00,00,00,00,00,00,00,00,00,00,00,00,00,00,00,00,00,00,00,00,00,00,00,00,00,00,00,00,00,00,00
48,genesis,zelda_v586_autostart,0009B6,00,00,00,00,00,00,00,00,00,00,9C,87,E3,06,00,00,00,00,0403,0010,A869,00025646,0000,0003,3F,00,FF,00,00,00,00,00,00,00,00,00,00,00,00,00,00,00,00,00,00,00,00,00,00,00,00,00,00,00,00,00,00,00,00,00,00,00,00,00,00,00,00,00,00,00,00,00
49,genesis,zelda_v586_autostart,0009B6,00,00,00,00,00,00,00,00,00,00,4E,88,31,06,00,00,00,00,0403,0010,A869,00025646,0000,0003,3F,00,FF,00,00,00,00,00,00,00,00,00,00,00,00,00,00,00,00,00,00,00,00,00,00,00,00,00,00,00,00,00,00,00,00,00,00,00,00,00,00,00,00,00,00,00,00,00
50,genesis,zelda_v586_autostart,001034,00,00,00,00,00,00,00,00,00,00,FF,88,80,05,00,00,00,00,0403,0010,A869,00025646,0000,0003,3F,00,FF,00,00,00,00,00,00,00,00,00,00,00,00,00,00,00,00,00,00,00,00,00,00,00,00,00,00,00,00,00,00,00,00,00,00,00,00,00,00,00,00,00,00,00,00,00
51,genesis,zelda_v586_autostart,00C3FC,00,00,00,00,00,00,00,00,00,00,AA,89,D5,04,00,00,00,00,0403,0010,A869,00025646,0000,0003,3F,00,FF,00,00,00,00,00,00,00,00,00,00,00,00,00,00,00,00,00,00,00,00,00,00,00,00,00,00,00,00,00,00,00,00,00,00,00,00,00,00,00,00,00,00,00,00,00
52,genesis,zelda_v586_autostart,001270,00,00,00,00,00,00,00,00,00,00,54,8A,2B,04,00,00,00,00,0403,0010,A869,00025646,0000,0003,3F,00,FF,00,00,00,00,00,00,00,00,00,00,00,00,00,00,00,00,00,00,00,00,00,00,00,00,00,00,00,00,00,00,00,00,00,00,00,00,00,00,00,00,00,00,00,00,00
53,genesis,zelda_v586_autostart,00C42C,00,00,00,00,00,00,00,00,00,00,FF,8A,81,03,00,00,00,00,0403,0010,A869,00025646,0000,0003,3F,00,FF,00,00,00,00,00,00,00,00,00,00,00,00,00,00,00,00,00,00,00,00,00,00,00,00,00,00,00,00,00,00,00,00,00,00,00,00,00,00,00,00,00,00,00,00,00
54,genesis,zelda_v586_autostart,0009B6,00,00,00,00,00,00,00,00,00,00,A9,8B,D6,02,00,00,00,00,0403,0010,A869,00025646,0000,0003,3F,00,FF,00,00,00,00,00,00,00,00,00,00,00,00,00,00,00,00,00,00,00,00,00,00,00,00,00,00,00,00,00,00,00,00,00,00,00,00,00,00,00,00,00,00,00,00,00
55,genesis,zelda_v586_autostart,001034,00,00,00,00,00,00,00,00,00,00,53,8C,2C,02,00,00,00,00,0403,0010,A869,00025646,0000,0003,3F,00,FF,00,00,00,00,00,00,00,00,00,00,00,00,00,00,00,00,00,00,00,00,00,00,00,00,00,00,00,00,00,00,00,00,00,00,00,00,00,00,00,00,00,00,00,00,00
56,genesis,zelda_v586_autostart,00102C,00,00,00,00,00,00,00,00,00,00,FF,8C,80,01,00,00,00,00,0403,0010,A869,00025646,0000,0003,3F,00,FF,00,00,00,00,00,00,00,00,00,00,00,00,00,00,00,00,00,00,00,00,00,00,00,00,00,00,00,00,00,00,00,00,00,00,00,00,00,00,00,00,00,00,00,00,00
57,genesis,zelda_v586_autostart,00103C,00,00,00,00,00,00,00,00,00,00,B1,8D,CE,00,00,00,00,00,0403,0010,A869,00025646,0000,0003,3F,00,FF,00,00,00,00,00,00,00,00,00,00,00,00,00,00,00,00,00,00,00,00,00,00,00,00,00,00,00,00,00,00,00,00,00,00,00,00,00,00,00,00,00,00,00,00,00
58,genesis,zelda_v586_autostart,001044,00,00,00,00,00,00,00,00,00,00,63,8E,1C,00,00,00,00,00,0403,0010,A869,00025646,0000,0003,3F,00,FF,00,00,00,00,00,00,00,00,00,00,00,00,00,00,00,00,00,00,00,00,00,00,00,00,00,00,00,00,00,00,00,00,00,00,00,00,00,00,00,00,00,00,00,00,00
59,genesis,zelda_v586_autostart,001034,00,00,00,00,00,00,00,00,00,00,EA,8E,75,00,00,00,00,00,0403,0010,A869,00025646,0000,0003,3F,00,FF,00,00,00,00,00,00,00,00,00,00,00,00,00,00,00,00,00,00,00,00,00,00,00,00,00,00,00,00,00,00,00,00,00,00,00,00,00,00,00,00,00,00,00,00,00
60,genesis,zelda_v586_autostart,0012A8,00,00,00,00,00,00,00,00,00,00,5F,8F,00,00,00,00,00,00,0403,0010,A869,00025646,0000,0003,3F,00,FF,00,00,00,00,00,00,00,00,00,00,00,00,00,00,00,00,00,00,00,00,00,00,00,00,00,00,00,00,00,00,00,00,00,00,00,00,00,00,00,00,00,00,00,00,00
61,genesis,zelda_v586_autostart,00129E,00,00,00,00,00,00,00,00,00,00,5F,8F,00,00,00,00,00,00,0403,0010,A869,00025646,0000,0003,3F,00,FF,00,00,00,00,00,00,00,00,00,00,00,00,00,00,00,00,00,00,00,00,00,00,00,00,00,00,00,00,00,00,00,00,00,00,00,00,00,00,00,00,00,00,00,00,00
62,genesis,zelda_v586_autostart,0013EC,00,00,00,00,00,00,00,00,00,00,5F,8F,00,00,00,00,00,00,0403,0010,A869,00025646,0000,0003,3F,00,FF,00,00,00,00,00,00,00,00,00,00,00,00,00,00,00,00,00,00,00,00,00,00,00,00,00,00,00,00,00,00,00,00,00,00,00,00,00,00,00,00,00,00,00,00,00
63,genesis,zelda_v586_autostart,0013EA,00,00,00,00,00,00,00,00,00,00,5F,8F,00,00,00,00,00,00,0403,0010,A869,00025646,0000,0003,3F,00,FF,00,00,00,00,00,00,00,00,00,00,00,00,00,00,00,00,00,00,00,00,00,00,00,00,00,00,00,00,00,00,00,00,00,00,00,00,00,00,00,00,00,00,00,00,00
64,genesis,zelda_v586_autostart,0013FA,00,00,00,00,00,00,00,00,00,00,5F,8F,00,00,00,00,00,00,0403,0010,A869,00025646,0000,0003,3F,00,FF,00,00,00,00,00,00,00,00,00,00,00,00,00,00,00,00,00,00,00,00,00,00,00,00,00,00,00,00,00,00,00,00,00,00,00,00,00,00,00,00,00,00,00,00,00
65,genesis,zelda_v586_autostart,001400,00,00,00,00,00,00,00,00,00,00,5F,8F,00,00,00,00,00,00,0403,0010,A869,00025646,0000,0003,3F,00,FF,00,00,00,00,00,00,00,00,00,00,00,00,00,00,00,00,00,00,00,00,00,00,00,00,00,00,00,00,00,00,00,00,00,00,00,00,00,00,00,00,00,00,00,00,00
66,genesis,zelda_v586_autostart,001406,00,00,00,00,00,00,00,00,00,00,5F,8F,00,00,00,00,00,00,0403,0010,A869,00025646,0000,0003,3F,00,FF,00,00,00,00,00,00,00,00,00,00,00,00,00,00,00,00,00,00,00,00,00,00,00,00,00,00,00,00,00,00,00,00,00,00,00,00,00,00,00,00,00,00,00,00,00
67,genesis,zelda_v586_autostart,001412,00,00,00,00,00,00,00,00,00,00,5F,8F,00,00,00,00,00,00,0403,0010,A869,00025646,0000,0003,3F,00,FF,00,00,00,00,00,00,00,00,00,00,00,00,00,00,00,00,00,00,00,00,00,00,00,00,00,00,00,00,00,00,00,00,00,00,00,00,00,00,00,00,00,00,00,00,00
68,genesis,zelda_v586_autostart,00141C,00,00,00,00,00,00,00,00,00,00,5F,8F,00,00,00,00,00,00,0403,0010,A869,00025646,0000,0003,3F,00,FF,00,00,00,00,00,00,00,00,00,00,00,00,00,00,00,00,00,00,00,00,00,00,00,00,00,00,00,00,00,00,00,00,00,00,00,00,00,00,00,00,00,00,00,00,00
69,genesis,zelda_v586_autostart,001420,00,00,00,00,00,00,00,00,00,00,5F,8F,00,00,00,00,00,00,0403,0010,A869,00025646,0000,0003,3F,00,FF,00,00,00,00,00,00,00,00,00,00,00,00,00,00,00,00,00,00,00,00,00,00,00,00,00,00,00,00,00,00,00,00,00,00,00,00,00,00,00,00,00,00,00,00,00
70,genesis,zelda_v586_autostart,001428,00,00,00,00,00,00,00,00,00,00,5F,8F,00,00,00,00,00,00,0403,0010,A869,00025646,0000,0003,3F,00,FF,00,00,00,00,00,00,00,00,00,00,00,00,00,00,00,00,00,00,00,00,00,00,00,00,00,00,00,00,00,00,00,00,00,00,00,00,00,00,00,00,00,00,00,00,00
71,genesis,zelda_v586_autostart,001426,00,00,00,00,00,00,00,00,00,00,5F,8F,00,00,00,00,00,00,0403,0010,A869,00025646,0000,0003,3F,00,FF,00,00,00,00,00,00,00,00,00,00,00,00,00,00,00,00,00,00,00,00,00,00,00,00,00,00,00,00,00,00,00,00,00,00,00,00,00,00,00,00,00,00,00,00,00
72,genesis,zelda_v586_autostart,001432,00,00,00,00,00,00,00,00,00,00,5F,8F,00,00,00,00,00,00,0403,0010,A869,00025646,0000,0003,3F,00,FF,00,00,00,00,00,00,00,00,00,00,00,00,00,00,00,00,00,00,00,00,00,00,00,00,00,00,00,00,00,00,00,00,00,00,00,00,00,00,00,00,00,00,00,00,00
73,genesis,zelda_v586_autostart,00143C,00,00,00,00,00,00,00,00,00,00,5F,8F,00,00,00,00,00,00,0403,0010,A869,00025646,0000,0003,3F,00,FF,00,00,00,00,00,00,00,00,00,00,00,00,00,00,00,00,00,00,00,00,00,00,00,00,00,00,00,00,00,00,00,00,00,00,00,00,00,00,00,00,00,00,00,00,00
74,genesis,zelda_v586_autostart,001444,00,00,00,00,00,00,00,00,00,00,5F,8F,00,00,00,00,00,00,0403,0010,A869,00025646,0000,0003,3F,00,FF,00,00,00,00,00,00,00,00,00,00,00,00,00,00,00,00,00,00,00,00,00,00,00,00,00,00,00,00,00,00,00,00,00,00,00,00,00,00,00,00,00,00,00,00,00
75,genesis,zelda_v586_autostart,00144A,00,00,00,00,00,00,00,00,00,00,5F,8F,00,00,00,00,00,00,0403,0010,A869,00025646,0000,0003,3F,00,FF,00,00,00,00,00,00,00,00,00,00,00,00,00,00,00,00,00,00,00,00,00,00,00,00,00,00,00,00,00,00,00,00,00,00,00,00,00,00,00,00,00,00,00,00,00
76,genesis,zelda_v586_autostart,001454,00,00,00,00,00,00,00,00,00,00,5F,8F,00,00,00,00,00,00,0403,0010,A869,00025646,0000,0003,3F,00,FF,00,00,00,00,00,00,00,00,00,00,00,00,00,00,00,00,00,00,00,00,00,00,00,00,00,00,00,00,00,00,00,00,00,00,00,00,00,00,00,00,00,00,00,00,00
77,genesis,zelda_v586_autostart,00145E,00,00,00,00,00,00,00,00,00,00,5F,8F,00,00,00,00,00,00,0403,0010,A869,00025646,0000,0003,3F,00,FF,00,00,00,00,00,00,00,00,00,00,00,00,00,00,00,00,00,00,00,00,00,00,00,00,00,00,00,00,00,00,00,00,00,00,00,00,00,00,00,00,00,00,00,00,00
78,genesis,zelda_v586_autostart,001464,00,00,00,00,00,00,00,00,00,00,5F,8F,00,00,00,00,00,00,0403,0010,A869,00025646,0000,0003,3F,00,FF,00,00,00,00,00,00,00,00,00,00,00,00,00,00,00,00,00,00,00,00,00,00,00,00,00,00,00,00,00,00,00,00,00,00,00,00,00,00,00,00,00,00,00,00,00
79,genesis,zelda_v586_autostart,00143C,00,00,00,00,00,00,00,00,00,00,5F,8F,00,00,00,00,00,00,0403,0010,A869,00025646,0000,0003,3F,00,FF,00,00,00,00,00,00,00,00,00,00,00,00,00,00,00,00,00,00,00,00,00,00,00,00,00,00,00,00,00,00,00,00,00,00,00,00,00,00,00,00,00,00,00,00,00
80,genesis,zelda_v586_autostart,001440,00,00,00,00,00,00,00,00,00,00,5F,8F,00,00,00,00,00,00,0403,0010,A869,00025646,0000,0003,3F,00,FF,00,00,00,00,00,00,00,00,00,00,00,00,00,00,00,00,00,00,00,00,00,00,00,00,00,00,00,00,00,00,00,00,00,00,00,00,00,00,00,00,00,00,00,00,00
81,genesis,zelda_v586_autostart,001448,00,00,00,00,00,00,00,00,00,00,5F,8F,00,00,00,00,00,00,0403,0010,A869,00025646,0000,0003,3F,00,FF,00,00,00,00,00,00,00,00,00,00,00,00,00,00,00,00,00,00,00,00,00,00,00,00,00,00,00,00,00,00,00,00,00,00,00,00,00,00,00,00,00,00,00,00,00
82,genesis,zelda_v586_autostart,001454,00,00,00,00,00,00,00,00,00,00,5F,8F,00,00,00,00,00,00,0403,0010,A869,00025646,0000,0003,3F,00,FF,00,00,00,00,00,00,00,00,00,00,00,00,00,00,00,00,00,00,00,00,00,00,00,00,00,00,00,00,00,00,00,00,00,00,00,00,00,00,00,00,00,00,00,00,00
83,genesis,zelda_v586_autostart,00145C,00,00,00,00,00,00,00,00,00,00,5F,8F,00,00,00,00,00,00,0403,0010,A869,00025646,0000,0003,3F,00,FF,00,00,00,00,00,00,00,00,00,00,00,00,00,00,00,00,00,00,00,00,00,00,00,00,00,00,00,00,00,00,00,00,00,00,00,00,00,00,00,00,00,00,00,00,00
84,genesis,zelda_v586_autostart,001464,00,00,00,00,00,00,00,00,00,00,5F,8F,00,00,00,00,00,00,0403,0010,A869,00025646,0000,0003,3F,00,FF,00,00,00,00,00,00,00,00,00,00,00,00,00,00,00,00,00,00,00,00,00,00,00,00,00,00,00,00,00,00,00,00,00,00,00,00,00,00,00,00,00,00,00,00,00
85,genesis,zelda_v586_autostart,0012E4,00,00,00,00,00,00,00,00,00,00,5F,8F,00,00,00,00,00,00,0403,0010,A869,00025646,0000,0003,3F,00,FF,00,00,00,00,00,00,00,00,00,00,00,00,00,00,00,00,00,00,00,00,00,00,00,00,00,00,00,00,00,00,00,00,00,00,00,00,00,00,00,00,00,00,00,00,00
86,genesis,zelda_v586_autostart,0012CA,00,00,00,00,00,00,00,00,00,00,5F,8F,00,00,00,00,00,00,0403,0010,A869,00025646,0000,0003,3F,00,FF,00,00,00,00,00,00,00,00,00,00,00,00,00,00,00,00,00,00,00,00,00,00,00,00,00,00,00,00,00,00,00,00,00,00,00,00,00,00,00,00,00,00,00,00,00
87,genesis,zelda_v586_autostart,0012D8,00,00,00,00,00,00,00,00,00,00,5F,8F,00,00,00,00,00,00,0403,0010,A869,00025646,0000,0003,3F,00,FF,00,00,00,00,00,00,00,00,00,00,00,00,00,00,00,00,00,00,00,00,00,00,00,00,00,00,00,00,00,00,00,00,00,00,00,00,00,00,00,00,00,00,00,00,00
88,genesis,zelda_v586_autostart,0013EA,00,00,00,00,00,00,00,00,00,00,5F,8F,00,00,00,00,00,00,0403,0010,A869,00025646,0000,0003,3F,00,FF,00,00,00,00,00,00,00,00,00,00,00,00,00,00,00,00,00,00,00,00,00,00,00,00,00,00,00,00,00,00,00,00,00,00,00,00,00,00,00,00,00,00,00,00,00
89,genesis,zelda_v586_autostart,0013F6,00,00,00,00,00,00,00,00,00,00,5F,8F,00,00,00,00,00,00,0403,0010,A869,00025646,0000,0003,3F,00,FF,00,00,00,00,00,00,00,00,00,00,00,00,00,00,00,00,00,00,00,00,00,00,00,00,00,00,00,00,00,00,00,00,00,00,00,00,00,00,00,00,00,00,00,00,00
90,genesis,zelda_v586_autostart,0013FE,00,00,00,00,00,00,00,00,00,00,5F,8F,00,00,00,00,00,00,0403,0010,A869,00025646,0000,0003,3F,00,FF,00,00,00,00,00,00,00,00,00,00,00,00,00,00,00,00,00,00,00,00,00,00,00,00,00,00,00,00,00,00,00,00,00,00,00,00,00,00,00,00,00,00,00,00,00
91,genesis,zelda_v586_autostart,001404,00,00,00,00,00,00,00,00,00,00,5F,8F,00,00,00,00,00,00,0403,0010,A869,00025646,0000,0003,3F,00,FF,00,00,00,00,00,00,00,00,00,00,00,00,00,00,00,00,00,00,00,00,00,00,00,00,00,00,00,00,00,00,00,00,00,00,00,00,00,00,00,00,00,00,00,00,00
92,genesis,zelda_v586_autostart,001410,00,00,00,00,00,00,00,00,00,00,5F,8F,00,00,00,00,00,00,0403,0010,A869,00025646,0000,0003,3F,00,FF,00,00,00,00,00,00,00,00,00,00,00,00,00,00,00,00,00,00,00,00,00,00,00,00,00,00,00,00,00,00,00,00,00,00,00,00,00,00,00,00,00,00,00,00,00
93,genesis,zelda_v586_autostart,00141A,00,00,00,00,00,00,00,00,00,00,5F,8F,00,00,00,00,00,00,0403,0010,A869,00025646,0000,0003,3F,00,FF,00,00,00,00,00,00,00,00,00,00,00,00,00,00,00,00,00,00,00,00,00,00,00,00,00,00,00,00,00,00,00,00,00,00,00,00,00,00,00,00,00,00,00,00,00
94,genesis,zelda_v586_autostart,00141A,00,00,00,00,00,00,00,00,00,00,5F,8F,00,00,00,00,00,00,0403,0010,A869,00025646,0000,0003,3F,00,FF,00,00,00,00,00,00,00,00,00,00,00,00,00,00,00,00,00,00,00,00,00,00,00,00,00,00,00,00,00,00,00,00,00,00,00,00,00,00,00,00,00,00,00,00,00
95,genesis,zelda_v586_autostart,001420,00,00,00,00,00,00,00,00,00,00,5F,8F,00,00,00,00,00,00,0403,0010,A869,00025646,0000,0003,3F,00,FF,00,00,00,00,00,00,00,00,00,00,00,00,00,00,00,00,00,00,00,00,00,00,00,00,00,00,00,00,00,00,00,00,00,00,00,00,00,00,00,00,00,00,00,00,00
96,genesis,zelda_v586_autostart,001426,00,00,00,00,00,00,00,00,00,00,5F,8F,00,00,00,00,00,00,0403,0010,A869,00025646,0000,0003,3F,00,FF,00,00,00,00,00,00,00,00,00,00,00,00,00,00,00,00,00,00,00,00,00,00,00,00,00,00,00,00,00,00,00,00,00,00,00,00,00,00,00,00,00,00,00,00,00
97,genesis,zelda_v586_autostart,001432,00,00,00,00,00,00,00,00,00,00,5F,8F,00,00,00,00,00,00,0403,0010,A869,00025646,0000,0003,3F,00,FF,00,00,00,00,00,00,00,00,00,00,00,00,00,00,00,00,00,00,00,00,00,00,00,00,00,00,00,00,00,00,00,00,00,00,00,00,00,00,00,00,00,00,00,00,00
98,genesis,zelda_v586_autostart,0014EA,00,00,00,00,00,00,00,00,00,00,5F,8F,00,00,00,00,00,00,02B0,0010,A869,00025646,0000,0003,3F,00,FF,00,00,00,00,00,00,00,00,00,00,00,00,00,00,00,00,00,00,00,00,00,00,00,00,00,00,00,00,00,00,00,00,00,00,00,00,00,00,00,00,00,00,00,00,00
99,genesis,zelda_v586_autostart,0015A4,00,00,00,00,00,00,00,00,00,00,5F,8F,00,00,00,00,00,00,02B0,0010,A869,00025646,0000,0003,3F,00,FF,00,00,00,00,00,00,00,00,00,00,00,00,00,00,00,00,00,00,00,00,00,00,00,00,00,00,00,00,00,00,00,00,00,00,00,00,00,00,00,00,00,00,00,00,00
100,genesis,zelda_v586_autostart,0010F4,00,00,00,00,00,00,00,00,00,00,5F,8F,00,00,00,00,00,00,02B0,0010,A869,00025646,0000,0003,3F,00,FF,00,00,00,00,00,00,00,00,00,00,00,00,00,00,00,00,00,00,00,00,00,00,00,00,00,00,00,00,00,00,00,00,00,00,00,00,00,00,00,00,00,00,00,00,00
101,genesis,zelda_v586_autostart,0015B0,00,00,00,00,00,00,00,00,00,00,5F,8F,00,00,00,00,00,00,02B0,0010,A869,00025646,0000,0003,3F,00,FF,00,00,00,00,00,00,00,00,00,00,00,00,00,00,00,00,00,00,00,00,00,00,00,00,00,00,00,00,00,00,00,00,00,00,00,00,00,00,00,00,00,00,00,00,00
102,genesis,zelda_v586_autostart,0015C8,00,00,00,00,00,00,00,00,00,00,5F,8F,00,00,00,00,00,00,02B0,0010,A869,00025646,0000,0003,3F,00,FF,00,00,00,00,00,00,00,00,00,00,00,00,00,00,00,00,00,00,00,00,00,00,00,00,00,00,00,00,00,00,00,00,00,00,00,00,00,00,00,00,00,00,00,00,00
103,genesis,zelda_v586_autostart,000C8A,00,00,00,00,00,00,00,00,00,00,5F,8F,00,00,00,00,00,00,02B0,0010,A869,00025646,0000,0003,3F,00,FF,00,00,00,00,00,00,00,00,00,00,00,00,00,00,00,00,00,00,00,00,00,00,00,00,00,00,00,00,00,00,00,00,00,00,00,00,00,00,00,00,00,00,00,00,00
104,genesis,zelda_v586_autostart,00089E,00,00,00,00,00,00,00,00,00,00,00,03,00,00,00,00,00,00,0203,0000,0302,00000000,0000,0005,3F,00,FF,00,00,00,00,00,00,00,00,00,00,00,00,00,00,00,00,00,00,00,00,00,00,00,00,00,00,00,00,00,00,00,00,00,00,00,00,00,00,00,00,00,00,00,00,00
105,genesis,zelda_v586_autostart,0009AC,00,00,00,00,00,00,00,00,00,00,20,24,00,00,00,00,00,00,0403,0000,0302,00000000,0000,0007,3F,00,FF,00,00,00,00,00,00,00,00,00,00,00,00,00,00,00,00,00,00,00,00,00,00,00,00,00,00,00,00,00,F8,00,00,00,F8,00,00,00,F8,00,00,00,F8,00,00,00
106,genesis,zelda_v586_autostart,00102C,00,00,00,00,00,00,00,00,00,00,20,24,00,00,00,00,00,00,0403,0000,0302,00000000,0000,0007,3F,00,FF,00,00,00,00,00,00,00,00,00,00,00,00,00,00,00,00,00,00,00,00,00,00,00,00,00,00,00,00,00,F8,00,00,00,F8,00,00,00,F8,00,00,00,F8,00,00,00
107,genesis,zelda_v586_autostart,001148,00,00,00,00,00,00,00,00,00,00,20,24,00,00,00,00,00,00,0403,0000,0302,00000000,0000,0007,3F,00,FF,00,00,00,00,00,00,00,00,00,00,00,00,00,00,00,00,00,00,00,00,00,00,00,00,00,00,00,00,00,F8,00,00,00,F8,00,00,00,F8,00,00,00,F8,00,00,00
108,genesis,zelda_v586_autostart,0009A4,00,00,00,00,00,00,00,00,00,00,20,24,00,00,00,00,00,00,0403,0000,0302,00000000,0000,0007,3F,00,FF,00,00,00,00,00,00,00,00,00,00,00,00,00,00,00,00,00,00,00,00,00,00,00,00,00,00,00,00,00,F8,00,00,00,F8,00,00,00,F8,00,00,00,F8,00,00,00
109,genesis,zelda_v586_autostart,0009AC,00,00,00,00,00,00,00,00,00,00,20,24,00,00,00,00,00,00,0403,0000,0302,00000000,0000,0007,3F,00,FF,00,00,00,00,00,00,00,00,00,00,00,00,00,00,00,00,00,00,00,00,00,00,00,00,00,00,00,00,00,F8,00,00,00,F8,00,00,00,F8,00,00,00,F8,00,00,00
110,genesis,zelda_v586_autostart,001034,00,00,00,00,00,00,00,00,00,00,20,24,00,00,00,00,00,00,0403,0000,0302,00000000,0000,0007,3F,00,FF,00,00,00,00,00,00,00,00,00,00,00,00,00,00,00,00,00,00,00,00,00,00,00,00,00,00,00,00,00,F8,00,00,00,F8,00,00,00,F8,00,00,00,F8,00,00,00
111,genesis,zelda_v586_autostart,0009B0,00,00,00,00,00,00,00,00,00,00,28,24,00,00,00,00,00,00,0403,0000,0302,00000000,0000,0007,3F,00,FF,00,00,00,00,00,00,00,00,00,00,00,00,00,00,00,00,00,00,00,00,00,00,00,00,00,00,00,00,00,F8,00,00,00,F8,00,00,00,F8,00,00,00,F8,00,00,00
112,genesis,zelda_v586_autostart,0009A4,00,00,00,00,00,00,00,00,00,00,28,24,00,00,00,00,00,00,0403,0000,0302,00000000,0000,0007,3F,00,FF,00,00,00,00,00,00,00,00,00,00,00,00,00,00,00,00,00,00,00,00,00,00,00,00,00,00,00,00,00,F8,00,00,00,F8,00,00,00,F8,00,00,00,F8,00,00,00
113,genesis,zelda_v586_autostart,001160,00,00,00,00,00,00,00,00,00,00,28,24,00,00,00,00,00,00,0403,0000,0302,00000000,0000,0007,3F,00,FF,00,00,00,00,00,00,00,00,00,00,00,00,00,00,00,00,00,00,00,00,00,00,00,00,00,00,00,00,00,F8,00,00,00,F8,00,00,00,F8,00,00,00,F8,00,00,00
114,genesis,zelda_v586_autostart,001150,00,00,00,00,00,00,00,00,00,00,28,24,00,00,00,00,00,00,0403,0000,0302,00000000,0000,0007,3F,00,FF,00,00,00,00,00,00,00,00,00,00,00,00,00,00,00,00,00,00,00,00,00,00,00,00,00,00,00,00,00,F8,00,00,00,F8,00,00,00,F8,00,00,00,F8,00,00,00
115,genesis,zelda_v586_autostart,001192,00,00,00,00,00,00,00,00,00,00,28,24,00,00,00,00,00,00,0403,0000,0302,00000000,0000,0007,3F,00,FF,00,00,00,00,00,00,00,00,00,00,00,00,00,00,00,00,00,00,00,00,00,00,00,00,00,00,00,00,00,F8,00,00,00,F8,00,00,00,F8,00,00,00,F8,00,00,00
116,genesis,zelda_v586_autostart,001504,00,00,00,00,00,00,00,00,00,00,28,24,00,00,00,00,00,00,0421,0000,0302,00000000,0000,0007,3F,00,FF,00,00,00,00,00,00,00,00,00,00,00,00,00,00,00,00,00,00,00,00,00,00,00,00,00,00,00,00,00,F8,00,00,00,F8,00,00,00,F8,00,00,00,F8,00,00,00
117,genesis,zelda_v586_autostart,0015C8,00,00,00,00,00,00,00,00,00,00,28,24,00,00,00,00,00,00,0421,0000,0302,00000000,0000,0007,3F,00,FF,00,00,00,00,00,00,00,00,00,00,00,00,00,00,00,00,00,00,00,00,00,00,00,00,00,00,00,00,00,F8,00,00,00,F8,00,00,00,F8,00,00,00,F8,00,00,00
118,genesis,zelda_v586_autostart,0015FA,00,00,00,00,00,00,00,00,00,00,28,24,00,00,00,00,00,00,0421,0000,0302,00000000,0000,0007,3F,00,FF,00,00,00,00,00,00,00,00,00,00,00,00,00,00,00,00,00,00,00,00,00,00,00,00,00,00,00,00,00,F8,00,00,00,F8,00,00,00,F8,00,00,00,F8,00,00,00
119,genesis,zelda_v586_autostart,00157A,00,00,00,00,00,00,00,00,00,00,28,24,00,00,00,00,00,00,0421,0000,0302,00000000,0000,0007,3F,00,FF,00,00,00,00,00,00,00,00,00,00,00,00,00,00,00,00,00,00,00,00,00,00,00,00,00,00,00,00,00,F8,00,00,00,F8,00,00,00,F8,00,00,00,F8,00,00,00
120,genesis,zelda_v586_autostart,0015A6,00,00,00,00,00,00,00,00,00,00,28,24,00,00,00,00,00,00,0421,0000,0302,00000000,0000,0007,3F,00,FF,00,00,00,00,00,00,00,00,00,00,00,00,00,00,00,00,00,00,00,00,00,00,00,00,00,00,00,00,00,F8,00,00,00,F8,00,00,00,F8,00,00,00,F8,00,00,00
121,genesis,zelda_v586_autostart,000F14,00,00,00,00,00,00,00,00,00,00,28,24,00,00,00,00,00,00,0421,0000,0302,00000000,0000,0007,3F,00,FF,00,00,00,00,00,00,00,00,00,00,00,00,00,00,00,00,00,00,00,00,00,00,00,00,00,00,00,00,00,F8,00,00,00,F8,00,00,00,F8,00,00,00,F8,00,00,00
122,genesis,zelda_v586_autostart,001AE4,00,00,00,00,00,00,00,00,00,00,00,05,00,00,00,00,00,00,0203,0000,0302,00000000,0000,0009,23,23,3F,00,20,36,0F,00,10,36,17,27,0F,36,08,1A,28,36,30,3B,22,36,30,3B,16,36,17,27,0F,36,08,1A,F8,00,00,00,F8,00,00,00,F8,00,00,00,F8,00,00,00
123,genesis,zelda_v586_autostart,0011A4,00,00,00,00,00,00,00,00,00,00,20,24,00,00,00,00,00,00,0403,0000,0302,00000000,0000,000F,3F,00,FF,00,20,36,0F,00,10,36,17,27,0F,36,08,1A,28,36,30,3B,22,36,30,3B,16,36,17,27,0F,36,08,1A,F8,00,00,00,F8,00,00,00,F8,00,00,00,F8,00,00,00
124,genesis,zelda_v586_autostart,00C3F2,00,00,00,00,00,00,00,00,00,00,1C,81,63,06,00,00,00,00,0403,0000,0302,00000000,0000,0011,3F,00,FF,00,20,36,0F,00,10,36,17,27,0F,36,08,1A,28,36,30,3B,22,36,30,3B,16,36,17,27,0F,36,08,1A,F8,00,00,00,F8,00,00,00,F8,00,00,00,F8,00,00,00
125,genesis,zelda_v586_autostart,00C3FA,00,00,00,00,00,00,00,00,00,00,CE,81,B1,05,00,00,00,00,0403,0000,0302,00000000,0000,0011,3F,00,FF,00,20,36,0F,00,10,36,17,27,0F,36,08,1A,28,36,30,3B,22,36,30,3B,16,36,17,27,0F,36,08,1A,F8,00,00,00,F8,00,00,00,F8,00,00,00,F8,00,00,00
126,genesis,zelda_v586_autostart,0009BE,00,00,00,00,00,00,00,00,00,00,7A,82,05,05,00,00,00,00,0403,0000,0302,00000000,0000,0011,3F,00,FF,00,20,36,0F,00,10,36,17,27,0F,36,08,1A,28,36,30,3B,22,36,30,3B,16,36,17,27,0F,36,08,1A,F8,00,00,00,F8,00,00,00,F8,00,00,00,F8,00,00,00
127,genesis,zelda_v586_autostart,00C446,00,00,00,00,00,00,00,00,00,00,25,83,5A,04,00,00,00,00,0403,0000,0302,00000000,0000,0011,3F,00,FF,00,20,36,0F,00,10,36,17,27,0F,36,08,1A,28,36,30,3B,22,36,30,3B,16,36,17,27,0F,36,08,1A,F8,00,00,00,F8,00,00,00,F8,00,00,00,F8,00,00,00
128,genesis,zelda_v586_autostart,00125E,00,00,00,00,00,00,00,00,00,00,CF,83,B0,03,00,00,00,00,0403,0000,0302,00000000,0000,0011,3F,00,FF,00,20,36,0F,00,10,36,17,27,0F,36,08,1A,28,36,30,3B,22,36,30,3B,16,36,17,27,0F,36,08,1A,F8,00,00,00,F8,00,00,00,F8,00,00,00,F8,00,00,00
129,genesis,zelda_v586_autostart,00C41E,00,00,00,00,00,00,00,00,00,00,7A,84,06,03,00,00,00,00,0403,0000,0302,00000000,0000,0011,3F,00,FF,00,20,36,0F,00,10,36,17,27,0F,36,08,1A,28,36,30,3B,22,36,30,3B,16,36,17,27,0F,36,08,1A,F8,00,00,00,F8,00,00,00,F8,00,00,00,F8,00,00,00
130,genesis,zelda_v586_autostart,00C43E,00,00,00,00,00,00,00,00,00,00,27,85,58,02,00,00,00,00,0403,0000,0302,00000000,0000,0011,3F,00,FF,00,20,36,0F,00,10,36,17,27,0F,36,08,1A,28,36,30,3B,22,36,30,3B,16,36,17,27,0F,36,08,1A,F8,00,00,00,F8,00,00,00,F8,00,00,00,F8,00,00,00
131,genesis,zelda_v586_autostart,0009B6,00,00,00,00,00,00,00,00,00,00,D1,85,AE,01,00,00,00,00,0403,0000,0302,00000000,0000,0011,3F,00,FF,00,20,36,0F,00,10,36,17,27,0F,36,08,1A,28,36,30,3B,22,36,30,3B,16,36,17,27,0F,36,08,1A,F8,00,00,00,F8,00,00,00,F8,00,00,00,F8,00,00,00
132,genesis,zelda_v586_autostart,0009B6,00,00,00,00,00,00,00,00,00,00,81,86,FE,00,00,00,00,00,0403,0000,0302,00000000,0000,0011,3F,00,FF,00,20,36,0F,00,10,36,17,27,0F,36,08,1A,28,36,30,3B,22,36,30,3B,16,36,17,27,0F,36,08,1A,F8,00,00,00,F8,00,00,00,F8,00,00,00,F8,00,00,00
133,genesis,zelda_v586_autostart,0009B6,00,00,00,00,00,00,00,00,00,00,33,87,4C,00,00,00,00,00,0403,0000,0302,00000000,0000,0011,3F,00,FF,00,20,36,0F,00,10,36,17,27,0F,36,08,1A,28,36,30,3B,22,36,30,3B,16,36,17,27,0F,36,08,1A,F8,00,00,00,F8,00,00,00,F8,00,00,00,F8,00,00,00
134,genesis,zelda_v586_autostart,00C42C,00,00,00,00,00,00,00,00,00,00,E4,87,9C,06,00,00,00,00,0403,0000,0302,00000000,0000,0011,3F,00,FF,00,20,36,0F,00,10,36,17,27,0F,36,08,1A,28,36,30,3B,22,36,30,3B,16,36,17,27,0F,36,08,1A,F8,00,00,00,F8,00,00,00,F8,00,00,00,F8,00,00,00
135,genesis,zelda_v586_autostart,00C42E,00,00,00,00,00,00,00,00,00,00,96,88,EA,05,00,00,00,00,0403,0000,0302,00000000,0000,0011,3F,00,FF,00,20,36,0F,00,10,36,17,27,0F,36,08,1A,28,36,30,3B,22,36,30,3B,16,36,17,27,0F,36,08,1A,F8,00,00,00,F8,00,00,00,F8,00,00,00,F8,00,00,00
136,genesis,zelda_v586_autostart,00C40E,00,00,00,00,00,00,00,00,00,00,44,89,3B,05,00,00,00,00,0403,0000,0302,00000000,0000,0011,3F,00,FF,00,20,36,0F,00,10,36,17,27,0F,36,08,1A,28,36,30,3B,22,36,30,3B,16,36,17,27,0F,36,08,1A,F8,00,00,00,F8,00,00,00,F8,00,00,00,F8,00,00,00
137,genesis,zelda_v586_autostart,0009BE,00,00,00,00,00,00,00,00,00,00,EE,89,91,04,00,00,00,00,0403,0000,0302,00000000,0000,0011,3F,00,FF,00,20,36,0F,00,10,36,17,27,0F,36,08,1A,28,36,30,3B,22,36,30,3B,16,36,17,27,0F,36,08,1A,F8,00,00,00,F8,00,00,00,F8,00,00,00,F8,00,00,00
138,genesis,zelda_v586_autostart,00C43E,00,00,00,00,00,00,00,00,00,00,99,8A,E6,03,00,00,00,00,0403,0000,0302,00000000,0000,0011,3F,00,FF,00,20,36,0F,00,10,36,17,27,0F,36,08,1A,28,36,30,3B,22,36,30,3B,16,36,17,27,0F,36,08,1A,F8,00,00,00,F8,00,00,00,F8,00,00,00,F8,00,00,00
139,genesis,zelda_v586_autostart,001252,00,00,00,00,00,00,00,00,00,00,43,8B,3C,03,00,00,00,00,0403,0000,0302,00000000,0000,0011,3F,00,FF,00,20,36,0F,00,10,36,17,27,0F,36,08,1A,28,36,30,3B,22,36,30,3B,16,36,17,27,0F,36,08,1A,F8,00,00,00,F8,00,00,00,F8,00,00,00,F8,00,00,00
140,genesis,zelda_v586_autostart,0009BA,00,00,00,00,00,00,00,00,00,00,F0,8B,8F,02,00,00,00,00,0403,0000,0302,00000000,0000,0011,3F,00,FF,00,20,36,0F,00,10,36,17,27,0F,36,08,1A,28,36,30,3B,22,36,30,3B,16,36,17,27,0F,36,08,1A,F8,00,00,00,F8,00,00,00,F8,00,00,00,F8,00,00,00
141,genesis,zelda_v586_autostart,00C42E,00,00,00,00,00,00,00,00,00,00,9B,8C,E5,01,00,00,00,00,0403,0000,0302,00000000,0000,0011,3F,00,FF,00,20,36,0F,00,10,36,17,27,0F,36,08,1A,28,36,30,3B,22,36,30,3B,16,36,17,27,0F,36,08,1A,F8,00,00,00,F8,00,00,00,F8,00,00,00,F8,00,00,00
142,genesis,zelda_v586_autostart,00C408,00,00,00,00,00,00,00,00,00,00,49,8D,36,01,00,00,00,00,0403,0000,0302,00000000,0000,0011,3F,00,FF,00,20,36,0F,00,10,36,17,27,0F,36,08,1A,28,36,30,3B,22,36,30,3B,16,36,17,27,0F,36,08,1A,F8,00,00,00,F8,00,00,00,F8,00,00,00,F8,00,00,00
143,genesis,zelda_v586_autostart,00C40E,00,00,00,00,00,00,00,00,00,00,FB,8D,84,00,00,00,00,00,0403,0000,0302,00000000,0000,0011,3F,00,FF,00,20,36,0F,00,10,36,17,27,0F,36,08,1A,28,36,30,3B,22,36,30,3B,16,36,17,27,0F,36,08,1A,F8,00,00,00,F8,00,00,00,F8,00,00,00,F8,00,00,00
144,genesis,zelda_v586_autostart,001148,00,00,00,00,00,00,00,00,00,00,9F,8E,C0,00,00,00,00,00,0403,0000,0302,00000000,0000,0011,3F,00,FF,00,20,36,0F,00,10,36,17,27,0F,36,08,1A,28,36,30,3B,22,36,30,3B,16,36,17,27,0F,36,08,1A,F8,00,00,00,F8,00,00,00,F8,00,00,00,F8,00,00,00
145,genesis,zelda_v586_autostart,00120A,00,00,00,00,00,00,00,00,00,00,20,8F,3F,00,00,00,00,00,0403,0000,0302,00000000,0000,0011,3F,00,FF,00,20,36,0F,00,10,36,17,27,0F,36,08,1A,28,36,30,3B,22,36,30,3B,16,36,17,27,0F,36,08,1A,F8,00,00,00,F8,00,00,00,F8,00,00,00,F8,00,00,00
146,genesis,zelda_v586_autostart,0015E6,00,00,00,00,00,00,00,00,00,00,5F,8F,00,00,00,00,00,00,0421,0000,0302,00000000,0000,0011,3F,00,FF,00,20,36,0F,00,10,36,17,27,0F,36,08,1A,28,36,30,3B,22,36,30,3B,16,36,17,27,0F,36,08,1A,F8,00,00,00,F8,00,00,00,F8,00,00,00,F8,00,00,00
147,genesis,zelda_v586_autostart,0010EE,00,00,00,00,00,00,00,00,00,00,5F,8F,00,00,00,00,00,00,0421,0000,0302,00000000,0000,0011,3F,00,FF,00,20,36,0F,00,10,36,17,27,0F,36,08,1A,28,36,30,3B,22,36,30,3B,16,36,17,27,0F,36,08,1A,F8,00,00,00,F8,00,00,00,F8,00,00,00,F8,00,00,00
148,genesis,zelda_v586_autostart,00158E,00,00,00,00,00,00,00,00,00,00,5F,8F,00,00,00,00,00,00,0421,0000,0302,00000000,0000,0011,3F,00,FF,00,20,36,0F,00,10,36,17,27,0F,36,08,1A,28,36,30,3B,22,36,30,3B,16,36,17,27,0F,36,08,1A,F8,00,00,00,F8,00,00,00,F8,00,00,00,F8,00,00,00
149,genesis,zelda_v586_autostart,0015B6,00,00,00,00,00,00,00,00,00,00,5F,8F,00,00,00,00,00,00,0421,0000,0302,00000000,0000,0011,3F,00,FF,00,20,36,0F,00,10,36,17,27,0F,36,08,1A,28,36,30,3B,22,36,30,3B,16,36,17,27,0F,36,08,1A,F8,00,00,00,F8,00,00,00,F8,00,00,00,F8,00,00,00
150,genesis,zelda_v586_autostart,0014F8,00,00,00,00,00,00,00,00,00,00,5F,8F,00,00,00,00,00,00,0421,0000,0302,00000000,0000,0011,3F,00,FF,00,20,36,0F,00,10,36,17,27,0F,36,08,1A,28,36,30,3B,22,36,30,3B,16,36,17,27,0F,36,08,1A,F8,00,00,00,F8,00,00,00,F8,00,00,00,F8,00,00,00
151,genesis,zelda_v586_autostart,000C42,00,00,00,00,00,00,00,00,00,00,00,03,00,00,00,00,00,00,0421,0000,0302,00000000,0000,0013,3F,00,FF,00,20,36,0F,00,10,36,17,27,0F,36,08,1A,28,36,30,3B,22,36,30,3B,16,36,17,27,0F,36,08,1A,F8,00,00,00,F8,00,00,00,F8,00,00,00,F8,00,00,00
152,genesis,zelda_v586_autostart,0013FA,01,00,00,10,00,00,00,00,00,00,00,03,00,00,00,00,00,00,02C0,0000,0302,00000000,0000,0015,3F,00,FF,00,20,36,0F,00,10,36,17,27,0F,36,08,1A,28,36,30,3B,22,36,30,3B,16,36,17,27,0F,36,08,1A,F8,00,00,00,F8,00,00,00,F8,00,00,00,F8,00,00,00
153,genesis,zelda_v586_autostart,001400,01,00,00,10,00,00,00,00,00,00,00,03,00,00,00,00,00,00,02C0,0000,0302,00000000,0000,0015,3F,00,FF,00,20,36,0F,00,10,36,17,27,0F,36,08,1A,28,36,30,3B,22,36,30,3B,16,36,17,27,0F,36,08,1A,F8,00,00,00,F8,00,00,00,F8,00,00,00,F8,00,00,00
154,genesis,zelda_v586_autostart,001406,01,00,00,10,00,00,00,00,00,00,00,03,00,00,00,00,00,00,02C0,0000,0302,00000000,0000,0015,3F,00,FF,00,20,36,0F,00,10,36,17,27,0F,36,08,1A,28,36,30,3B,22,36,30,3B,16,36,17,27,0F,36,08,1A,F8,00,00,00,F8,00,00,00,F8,00,00,00,F8,00,00,00
155,genesis,zelda_v586_autostart,001412,01,00,00,10,00,00,00,00,00,00,00,03,00,00,00,00,00,00,02C0,0000,0302,00000000,0000,0015,3F,00,FF,00,20,36,0F,00,10,36,17,27,0F,36,08,1A,28,36,30,3B,22,36,30,3B,16,36,17,27,0F,36,08,1A,F8,00,00,00,F8,00,00,00,F8,00,00,00,F8,00,00,00
156,genesis,zelda_v586_autostart,00141C,01,00,00,10,00,00,00,00,00,00,00,03,00,00,00,00,00,00,02C0,0000,0302,00000000,0000,0015,3F,00,FF,00,20,36,0F,00,10,36,17,27,0F,36,08,1A,28,36,30,3B,22,36,30,3B,16,36,17,27,0F,36,08,1A,F8,00,00,00,F8,00,00,00,F8,00,00,00,F8,00,00,00
157,genesis,zelda_v586_autostart,001420,01,00,00,10,00,00,00,00,00,00,00,03,00,00,00,00,00,00,02C0,0000,0302,00000000,0000,0015,3F,00,FF,00,20,36,0F,00,10,36,17,27,0F,36,08,1A,28,36,30,3B,22,36,30,3B,16,36,17,27,0F,36,08,1A,F8,00,00,00,F8,00,00,00,F8,00,00,00,F8,00,00,00
158,genesis,zelda_v586_autostart,001420,01,00,00,10,00,00,00,00,00,00,00,03,00,00,00,00,00,00,02C0,0000,0302,00000000,0000,0015,3F,00,FF,00,20,36,0F,00,10,36,17,27,0F,36,08,1A,28,36,30,3B,22,36,30,3B,16,36,17,27,0F,36,08,1A,F8,00,00,00,F8,00,00,00,F8,00,00,00,F8,00,00,00
159,genesis,zelda_v586_autostart,001428,01,00,00,10,00,00,00,00,00,00,00,03,00,00,00,00,00,00,02C0,0000,0302,00000000,0000,0015,3F,00,FF,00,20,36,0F,00,10,36,17,27,0F,36,08,1A,28,36,30,3B,22,36,30,3B,16,36,17,27,0F,36,08,1A,F8,00,00,00,F8,00,00,00,F8,00,00,00,F8,00,00,00
160,genesis,zelda_v586_autostart,001432,01,00,00,10,00,00,00,00,00,00,00,03,00,00,00,00,00,00,02C0,0000,0302,00000000,0000,0015,3F,00,FF,00,20,36,0F,00,10,36,17,27,0F,36,08,1A,28,36,30,3B,22,36,30,3B,16,36,17,27,0F,36,08,1A,F8,00,00,00,F8,00,00,00,F8,00,00,00,F8,00,00,00
161,genesis,zelda_v586_autostart,00143C,01,00,00,10,00,00,00,00,00,00,00,03,00,00,00,00,00,00,02C0,0000,0302,00000000,0000,0015,3F,00,FF,00,20,36,0F,00,10,36,17,27,0F,36,08,1A,28,36,30,3B,22,36,30,3B,16,36,17,27,0F,36,08,1A,F8,00,00,00,F8,00,00,00,F8,00,00,00,F8,00,00,00
162,genesis,zelda_v586_autostart,001444,01,00,00,10,00,00,00,00,00,00,00,03,00,00,00,00,00,00,02C0,0000,0302,00000000,0000,0015,3F,00,FF,00,20,36,0F,00,10,36,17,27,0F,36,08,1A,28,36,30,3B,22,36,30,3B,16,36,17,27,0F,36,08,1A,F8,00,00,00,F8,00,00,00,F8,00,00,00,F8,00,00,00
163,genesis,zelda_v586_autostart,00144C,01,00,00,10,00,00,00,00,00,00,00,03,00,00,00,00,00,00,02C0,0000,0302,00000000,0000,0015,3F,00,FF,00,20,36,0F,00,10,36,17,27,0F,36,08,1A,28,36,30,3B,22,36,30,3B,16,36,17,27,0F,36,08,1A,F8,00,00,00,F8,00,00,00,F8,00,00,00,F8,00,00,00
164,genesis,zelda_v586_autostart,001456,01,00,00,10,00,00,00,00,00,00,00,03,00,00,00,00,00,00,02C0,0000,0302,00000000,0000,0015,3F,00,FF,00,20,36,0F,00,10,36,17,27,0F,36,08,1A,28,36,30,3B,22,36,30,3B,16,36,17,27,0F,36,08,1A,F8,00,00,00,F8,00,00,00,F8,00,00,00,F8,00,00,00
165,genesis,zelda_v586_autostart,001460,01,00,00,10,00,00,00,00,00,00,00,03,00,00,00,00,00,00,02C0,0000,0302,00000000,0000,0015,3F,00,FF,00,20,36,0F,00,10,36,17,27,0F,36,08,1A,28,36,30,3B,22,36,30,3B,16,36,17,27,0F,36,08,1A,F8,00,00,00,F8,00,00,00,F8,00,00,00,F8,00,00,00
166,genesis,zelda_v586_autostart,001460,01,00,00,10,00,00,00,00,00,00,00,03,00,00,00,00,00,00,02C0,0000,0302,00000000,0000,0015,3F,00,FF,00,20,36,0F,00,10,36,17,27,0F,36,08,1A,28,36,30,3B,22,36,30,3B,16,36,17,27,0F,36,08,1A,F8,00,00,00,F8,00,00,00,F8,00,00,00,F8,00,00,00
167,genesis,zelda_v586_autostart,001464,01,00,00,10,00,00,00,00,00,00,00,03,00,00,00,00,00,00,02C0,0000,0302,00000000,0000,0015,3F,00,FF,00,20,36,0F,00,10,36,17,27,0F,36,08,1A,28,36,30,3B,22,36,30,3B,16,36,17,27,0F,36,08,1A,F8,00,00,00,F8,00,00,00,F8,00,00,00,F8,00,00,00
168,genesis,zelda_v586_autostart,0012A8,01,00,00,10,00,00,00,00,00,00,00,03,00,00,00,00,00,00,02C0,0000,0302,00000000,0000,0015,3F,00,FF,00,20,36,0F,00,10,36,17,27,0F,36,08,1A,28,36,30,3B,22,36,30,3B,16,36,17,27,0F,36,08,1A,F8,00,00,00,F8,00,00,00,F8,00,00,00,F8,00,00,00
169,genesis,zelda_v586_autostart,00129E,01,00,00,10,00,00,00,00,00,00,00,03,00,00,00,00,00,00,02C0,0000,0302,00000000,0000,0015,3F,00,FF,00,20,36,0F,00,10,36,17,27,0F,36,08,1A,28,36,30,3B,22,36,30,3B,16,36,17,27,0F,36,08,1A,F8,00,00,00,F8,00,00,00,F8,00,00,00,F8,00,00,00
170,genesis,zelda_v586_autostart,0013F0,01,00,00,10,00,00,00,00,00,00,00,03,00,00,00,00,00,00,02C0,0000,0302,00000000,0000,0015,3F,00,FF,00,20,36,0F,00,10,36,17,27,0F,36,08,1A,28,36,30,3B,22,36,30,3B,16,36,17,27,0F,36,08,1A,F8,00,00,00,F8,00,00,00,F8,00,00,00,F8,00,00,00
171,genesis,zelda_v586_autostart,001460,01,00,00,10,00,00,00,00,00,00,00,03,00,00,00,00,00,00,02C0,0000,0302,00000000,0000,0015,3F,00,FF,00,20,36,0F,00,10,36,17,27,0F,36,08,1A,28,36,30,3B,22,36,30,3B,16,36,17,27,0F,36,08,1A,F8,00,00,00,F8,00,00,00,F8,00,00,00,F8,00,00,00
172,genesis,zelda_v586_autostart,001464,01,00,00,10,00,00,00,00,00,00,00,03,00,00,00,00,00,00,02C0,0000,0302,00000000,0000,0015,3F,00,FF,00,20,36,0F,00,10,36,17,27,0F,36,08,1A,28,36,30,3B,22,36,30,3B,16,36,17,27,0F,36,08,1A,F8,00,00,00,F8,00,00,00,F8,00,00,00,F8,00,00,00
173,genesis,zelda_v586_autostart,0012E4,01,00,00,10,00,00,00,00,00,00,00,03,00,00,00,00,00,00,02C0,0000,0302,00000000,0000,0015,3F,00,FF,00,20,36,0F,00,10,36,17,27,0F,36,08,1A,28,36,30,3B,22,36,30,3B,16,36,17,27,0F,36,08,1A,F8,00,00,00,F8,00,00,00,F8,00,00,00,F8,00,00,00
174,genesis,zelda_v586_autostart,0012E4,01,00,00,10,00,00,00,00,00,00,00,03,00,00,00,00,00,00,02C0,0000,0302,00000000,0000,0015,3F,00,FF,00,20,36,0F,00,10,36,17,27,0F,36,08,1A,28,36,30,3B,22,36,30,3B,16,36,17,27,0F,36,08,1A,F8,00,00,00,F8,00,00,00,F8,00,00,00,F8,00,00,00
175,genesis,zelda_v586_autostart,0012DA,01,00,00,10,00,00,00,00,00,00,00,03,00,00,00,00,00,00,02C0,0000,0302,00000000,0000,0015,3F,00,FF,00,20,36,0F,00,10,36,17,27,0F,36,08,1A,28,36,30,3B,22,36,30,3B,16,36,17,27,0F,36,08,1A,F8,00,00,00,F8,00,00,00,F8,00,00,00,F8,00,00,00
176,genesis,zelda_v586_autostart,0013EC,01,00,00,10,00,00,00,00,00,00,00,03,00,00,00,00,00,00,02C0,0000,0302,00000000,0000,0015,3F,00,FF,00,20,36,0F,00,10,36,17,27,0F,36,08,1A,28,36,30,3B,22,36,30,3B,16,36,17,27,0F,36,08,1A,F8,00,00,00,F8,00,00,00,F8,00,00,00,F8,00,00,00
177,genesis,zelda_v586_autostart,0013FA,01,00,00,10,00,00,00,00,00,00,00,03,00,00,00,00,00,00,02C0,0000,0302,00000000,0000,0015,3F,00,FF,00,20,36,0F,00,10,36,17,27,0F,36,08,1A,28,36,30,3B,22,36,30,3B,16,36,17,27,0F,36,08,1A,F8,00,00,00,F8,00,00,00,F8,00,00,00,F8,00,00,00
178,genesis,zelda_v586_autostart,001400,01,00,00,10,00,00,00,00,00,00,00,03,00,00,00,00,00,00,02C0,0000,0302,00000000,0000,0015,3F,00,FF,00,20,36,0F,00,10,36,17,27,0F,36,08,1A,28,36,30,3B,22,36,30,3B,16,36,17,27,0F,36,08,1A,F8,00,00,00,F8,00,00,00,F8,00,00,00,F8,00,00,00
179,genesis,zelda_v586_autostart,001406,01,00,00,10,00,00,00,00,00,00,00,03,00,00,00,00,00,00,02C0,0000,0302,00000000,0000,0015,3F,00,FF,00,20,36,0F,00,10,36,17,27,0F,36,08,1A,28,36,30,3B,22,36,30,3B,16,36,17,27,0F,36,08,1A,F8,00,00,00,F8,00,00,00,F8,00,00,00,F8,00,00,00
180,genesis,zelda_v586_autostart,001410,01,00,00,10,00,00,00,00,00,00,00,03,00,00,00,00,00,00,02C0,0000,0302,00000000,0000,0015,3F,00,FF,00,20,36,0F,00,10,36,17,27,0F,36,08,1A,28,36,30,3B,22,36,30,3B,16,36,17,27,0F,36,08,1A,F8,00,00,00,F8,00,00,00,F8,00,00,00,F8,00,00,00
181,genesis,zelda_v586_autostart,001410,01,00,00,10,00,00,00,00,00,00,00,03,00,00,00,00,00,00,02C0,0000,0302,00000000,0000,0015,3F,00,FF,00,20,36,0F,00,10,36,17,27,0F,36,08,1A,28,36,30,3B,22,36,30,3B,16,36,17,27,0F,36,08,1A,F8,00,00,00,F8,00,00,00,F8,00,00,00,F8,00,00,00
182,genesis,zelda_v586_autostart,00141C,01,00,00,10,00,00,00,00,00,00,00,03,00,00,00,00,00,00,02C0,0000,0302,00000000,0000,0015,3F,00,FF,00,20,36,0F,00,10,36,17,27,0F,36,08,1A,28,36,30,3B,22,36,30,3B,16,36,17,27,0F,36,08,1A,F8,00,00,00,F8,00,00,00,F8,00,00,00,F8,00,00,00
183,genesis,zelda_v586_autostart,001420,01,00,00,10,00,00,00,00,00,00,00,03,00,00,00,00,00,00,02C0,0000,0302,00000000,0000,0015,3F,00,FF,00,20,36,0F,00,10,36,17,27,0F,36,08,1A,28,36,30,3B,22,36,30,3B,16,36,17,27,0F,36,08,1A,F8,00,00,00,F8,00,00,00,F8,00,00,00,F8,00,00,00
184,genesis,zelda_v586_autostart,001426,01,00,00,10,00,00,00,00,00,00,00,03,00,00,00,00,00,00,02C0,0000,0302,00000000,0000,0015,3F,00,FF,00,20,36,0F,00,10,36,17,27,0F,36,08,1A,28,36,30,3B,22,36,30,3B,16,36,17,27,0F,36,08,1A,F8,00,00,00,F8,00,00,00,F8,00,00,00,F8,00,00,00
185,genesis,zelda_v586_autostart,001432,01,00,00,10,00,00,00,00,00,00,00,03,00,00,00,00,00,00,02C0,0000,0302,00000000,0000,0015,3F,00,FF,00,20,36,0F,00,10,36,17,27,0F,36,08,1A,28,36,30,3B,22,36,30,3B,16,36,17,27,0F,36,08,1A,F8,00,00,00,F8,00,00,00,F8,00,00,00,F8,00,00,00
186,genesis,zelda_v586_autostart,00143C,01,00,00,10,00,00,00,00,00,00,00,03,00,00,00,00,00,00,02C0,0000,0302,00000000,0000,0015,3F,00,FF,00,20,36,0F,00,10,36,17,27,0F,36,08,1A,28,36,30,3B,22,36,30,3B,16,36,17,27,0F,36,08,1A,F8,00,00,00,F8,00,00,00,F8,00,00,00,F8,00,00,00
187,genesis,zelda_v586_autostart,001440,01,00,00,10,00,00,00,00,00,00,00,03,00,00,00,00,00,00,02C0,0000,0302,00000000,0000,0015,3F,00,FF,00,20,36,0F,00,10,36,17,27,0F,36,08,1A,28,36,30,3B,22,36,30,3B,16,36,17,27,0F,36,08,1A,F8,00,00,00,F8,00,00,00,F8,00,00,00,F8,00,00,00
188,genesis,zelda_v586_autostart,001448,01,00,00,10,00,00,00,00,00,00,00,03,00,00,00,00,00,00,02C0,0000,0302,00000000,0000,0015,3F,00,FF,00,20,36,0F,00,10,36,17,27,0F,36,08,1A,28,36,30,3B,22,36,30,3B,16,36,17,27,0F,36,08,1A,F8,00,00,00,F8,00,00,00,F8,00,00,00,F8,00,00,00
189,genesis,zelda_v586_autostart,000C24,01,00,00,10,00,00,00,00,00,00,00,03,00,00,00,00,00,00,02C0,0000,0302,00000000,0000,0015,3F,00,FF,00,20,36,0F,00,10,36,17,27,0F,36,08,1A,28,36,30,3B,22,36,30,3B,16,36,17,27,0F,36,08,1A,F8,00,00,00,F8,00,00,00,F8,00,00,00,F8,00,00,00
190,genesis,zelda_v586_autostart,000988,01,00,00,10,00,00,00,00,00,00,00,03,00,00,00,00,00,00,0403,0010,A869,00025646,0000,0016,3F,00,FF,00,20,36,0F,00,10,36,17,27,0F,36,08,1A,28,36,30,3B,22,36,30,3B,16,36,17,27,0F,36,08,1A,F8,00,00,00,F8,00,00,00,F8,00,00,00,F8,00,00,00
191,genesis,zelda_v586_autostart,0011C0,01,00,00,10,00,00,00,00,00,00,00,03,00,00,00,00,00,00,0403,0010,A869,00025646,0000,0016,3F,00,FF,00,20,36,0F,00,10,36,17,27,0F,36,08,1A,28,36,30,3B,22,36,30,3B,16,36,17,27,0F,36,08,1A,F8,00,00,00,F8,00,00,00,F8,00,00,00,F8,00,00,00
192,genesis,zelda_v586_autostart,001140,01,00,00,10,00,00,00,00,00,00,00,03,00,00,00,00,00,00,0403,0010,A869,00025646,0000,0016,3F,00,FF,00,20,36,0F,00,10,36,17,27,0F,36,08,1A,28,36,30,3B,22,36,30,3B,16,36,17,27,0F,36,08,1A,F8,00,00,00,F8,00,00,00,F8,00,00,00,F8,00,00,00
193,genesis,zelda_v586_autostart,0009AC,01,00,00,10,00,00,00,00,00,00,00,03,00,00,00,00,00,00,0403,0010,A869,00025646,0000,0016,3F,00,FF,00,20,36,0F,00,10,36,17,27,0F,36,08,1A,28,36,30,3B,22,36,30,3B,16,36,17,27,0F,36,08,1A,F8,00,00,00,F8,00,00,00,F8,00,00,00,F8,00,00,00
194,genesis,zelda_v586_autostart,00102C,01,00,00,10,00,00,00,00,00,00,00,03,00,00,00,00,00,00,0403,0010,A869,00025646,0000,0016,3F,00,FF,00,20,36,0F,00,10,36,17,27,0F,36,08,1A,28,36,30,3B,22,36,30,3B,16,36,17,27,0F,36,08,1A,F8,00,00,00,F8,00,00,00,F8,00,00,00,F8,00,00,00
195,genesis,zelda_v586_autostart,00118A,01,00,00,10,00,00,00,00,00,00,00,03,00,00,00,00,00,00,0403,0010,A869,00025646,0000,0016,3F,00,FF,00,20,36,0F,00,10,36,17,27,0F,36,08,1A,28,36,30,3B,22,36,30,3B,16,36,17,27,0F,36,08,1A,F8,00,00,00,F8,00,00,00,F8,00,00,00,F8,00,00,00
196,genesis,zelda_v586_autostart,0015C2,01,00,00,00,00,00,00,01,CA,C0,00,03,00,00,00,B8,00,00,02B0,0010,A869,00025646,0000,0016,3F,00,3F,04,04,36,17,27,0F,FF,17,27,0F,36,08,1A,28,36,30,3B,22,36,30,3B,16,36,17,27,0F,36,08,1A,77,CA,C2,D0,77,CC,C2,C8,77,CA,82,28,77,CC,82,30
197,genesis,zelda_v586_autostart,0015B8,01,00,00,00,00,00,00,01,CA,C0,00,03,00,00,00,B8,00,00,02B0,0010,A869,00025646,0000,0016,3F,00,3F,04,04,36,17,27,0F,FF,17,27,0F,36,08,1A,28,36,30,3B,22,36,30,3B,16,36,17,27,0F,36,08,1A,77,CA,C2,D0,77,CC,C2,C8,77,CA,82,28,77,CC,82,30
198,genesis,zelda_v586_autostart,001592,01,00,00,00,00,00,00,01,CA,C0,00,03,00,00,00,B8,00,00,02B0,0010,A869,00025646,0000,0016,3F,00,3F,04,04,36,17,27,0F,FF,17,27,0F,36,08,1A,28,36,30,3B,22,36,30,3B,16,36,17,27,0F,36,08,1A,77,CA,C2,D0,77,CC,C2,C8,77,CA,82,28,77,CC,82,30
199,genesis,zelda_v586_autostart,00158C,01,00,00,00,00,00,00,01,CA,C0,00,03,00,00,00,B8,00,00,02B0,0010,A869,00025646,0000,0016,3F,00,3F,04,04,36,17,27,0F,FF,17,27,0F,36,08,1A,28,36,30,3B,22,36,30,3B,16,36,17,27,0F,36,08,1A,77,CA,C2,D0,77,CC,C2,C8,77,CA,82,28,77,CC,82,30
200,genesis,zelda_v586_autostart,0015F4,01,00,00,00,00,00,00,01,CA,C0,00,03,00,00,00,B8,00,00,02B0,0010,A869,00025646,0000,0016,3F,00,3F,04,04,36,17,27,0F,FF,17,27,0F,36,08,1A,28,36,30,3B,22,36,30,3B,16,36,17,27,0F,36,08,1A,77,CA,C2,D0,77,CC,C2,C8,77,CA,82,28,77,CC,82,30
201,genesis,zelda_v586_autostart,000CA6,01,00,00,00,00,00,00,01,CA,C0,00,03,00,00,00,B8,00,00,02B0,0010,A869,00025646,0000,0016,3F,00,3F,04,04,36,17,27,0F,FF,17,27,0F,36,08,1A,28,36,30,3B,22,36,30,3B,16,36,17,27,0F,36,08,1A,77,CA,C2,D0,77,CC,C2,C8,77,CA,82,28,77,CC,82,30
202,genesis,zelda_v586_autostart,00125E,01,00,00,00,00,00,00,01,CC,C0,08,03,00,00,00,BA,00,00,0203,0000,0302,00000000,0000,0018,3F,00,FF,04,04,36,17,27,0F,FF,17,27,0F,36,08,1A,28,36,30,3B,22,36,30,3B,16,36,17,27,0F,36,08,1A,77,CA,C2,D0,77,CC,C2,C8,77,CA,82,28,77,CC,82,30
203,genesis,zelda_v586_autostart,0009B6,01,00,00,00,00,00,00,01,CE,C0,08,03,00,00,00,BC,00,00,0203,0000,0302,00000000,0000,001A,3F,00,FF,04,04,36,17,27,0F,FF,17,27,0F,36,08,1A,28,36,30,3B,22,36,30,3B,16,36,17,27,0F,36,08,1A,77,CA,C2,D0,77,CC,C2,C8,77,CA,82,28,77,CC,82,30
204,genesis,zelda_v586_autostart,00103C,01,00,00,00,00,00,00,01,D0,C0,08,03,00,00,00,BE,00,00,0203,0000,0302,00000000,0000,001C,3F,00,FF,04,04,36,17,27,0F,FF,17,27,0F,36,08,1A,28,36,30,3B,22,36,30,3B,16,36,17,27,0F,36,08,1A,77,CA,C2,D0,77,CC,C2,C8,77,CA,82,28,77,CC,82,30
205,genesis,zelda_v586_autostart,001262,01,00,00,00,00,00,00,01,D2,C0,08,03,00,00,00,C0,00,00,0203,0000,0302,00000000,0000,001E,3F,00,FF,04,04,36,17,27,0F,FF,17,27,0F,36,08,1A,28,36,30,3B,22,36,30,3B,16,36,17,27,0F,36,08,1A,77,CA,C2,D0,77,CC,C2,C8,77,CA,82,28,77,CC,82,30
206,genesis,zelda_v586_autostart,001A18,01,00,00,00,00,00,00,01,D4,C0,10,03,00,00,00,C2,00,00,0203,0000,0302,00000000,0000,0020,3F,00,FF,04,04,36,17,27,0F,FF,17,27,0F,36,08,1A,28,36,30,3B,22,36,30,3B,16,36,17,27,0F,36,08,1A,77,CA,C2,D0,77,CC,C2,C8,77,CA,82,28,77,CC,82,30
207,genesis,zelda_v586_autostart,0009B6,01,00,00,00,00,00,00,01,D6,C0,10,03,00,00,00,C4,00,00,0203,0000,0302,00000000,0000,0022,3F,00,3F,04,04,36,17,37,0F,FF,17,27,0F,36,08,1A,28,36,30,3B,22,36,30,3B,16,36,17,27,0F,36,08,1A,77,CA,C2,D0,77,CC,C2,C8,77,CA,82,28,77,CC,82,30
208,genesis,zelda_v586_autostart,001212,01,00,00,00,00,00,00,01,D8,C0,28,24,00,00,00,C6,00,00,0403,0000,0302,00000000,0000,0024,3F,00,FF,04,04,36,17,37,0F,FF,17,27,0F,36,08,1A,28,36,30,3B,22,36,30,3B,16,36,17,27,0F,36,08,1A,77,CA,C2,D0,77,CC,C2,C8,77,CA,82,28,77,CC,82,30
209,genesis,zelda_v586_autostart,0015DE,01,00,00,00,00,00,00,01,D8,C0,28,24,00,00,00,C6,00,00,0202,0000,0302,00000000,0000,0024,3F,00,FF,04,04,36,17,37,0F,FF,17,27,0F,36,08,1A,28,36,30,3B,22,36,30,3B,16,36,17,27,0F,36,08,1A,77,CA,C2,D0,77,CC,C2,C8,77,CA,82,28,77,CC,82,30
210,genesis,zelda_v586_autostart,0015E6,01,00,00,00,00,00,00,01,D8,C0,28,24,00,00,00,C6,00,00,0202,0000,0302,00000000,0000,0024,3F,00,FF,04,04,36,17,37,0F,FF,17,27,0F,36,08,1A,28,36,30,3B,22,36,30,3B,16,36,17,27,0F,36,08,1A,77,CA,C2,D0,77,CC,C2,C8,77,CA,82,28,77,CC,82,30
211,genesis,zelda_v586_autostart,00156E,01,00,00,00,00,00,00,01,D8,C0,28,24,00,00,00,C6,00,00,0202,0000,0302,00000000,0000,0024,3F,00,FF,04,04,36,17,37,0F,FF,17,27,0F,36,08,1A,28,36,30,3B,22,36,30,3B,16,36,17,27,0F,36,08,1A,77,CA,C2,D0,77,CC,C2,C8,77,CA,82,28,77,CC,82,30
212,genesis,zelda_v586_autostart,001590,01,00,00,00,00,00,00,01,D8,C0,28,24,00,00,00,C6,00,00,0202,0000,0302,00000000,0000,0024,3F,00,FF,04,04,36,17,37,0F,FF,17,27,0F,36,08,1A,28,36,30,3B,22,36,30,3B,16,36,17,27,0F,36,08,1A,77,CA,C2,D0,77,CC,C2,C8,77,CA,82,28,77,CC,82,30
213,genesis,zelda_v586_autostart,0010EE,01,00,00,00,00,00,00,01,D8,C0,28,24,00,00,00,C6,00,00,0202,0000,0302,00000000,0000,0024,3F,00,FF,04,04,36,17,37,0F,FF,17,27,0F,36,08,1A,28,36,30,3B,22,36,30,3B,16,36,17,27,0F,36,08,1A,77,CA,C2,D0,77,CC,C2,C8,77,CA,82,28,77,CC,82,30
214,genesis,zelda_v586_autostart,000CD4,01,00,00,00,00,00,00,01,DC,C0,10,03,00,00,00,CA,00,00,0432,0000,0302,00000000,0000,0028,3F,00,FF,04,04,36,17,37,0F,FF,17,27,0F,36,08,1A,28,36,30,3B,22,36,30,3B,16,36,17,27,0F,36,08,1A,77,CA,C2,D0,77,CC,C2,C8,77,CA,82,28,77,CC,82,30
215,genesis,zelda_v586_autostart,0009B6,01,00,00,00,00,00,00,01,DE,C0,10,03,00,00,00,CC,00,00,0203,0000,0302,00000000,0000,002A,3F,00,FF,04,04,36,17,37,0F,FF,17,27,0F,36,08,1A,28,36,30,3B,22,36,30,3B,16,36,17,27,0F,36,08,1A,77,CA,C2,D0,77,CC,C2,C8,77,CA,82,28,77,CC,82,30
216,genesis,zelda_v586_autostart,001A1C,01,00,00,00,00,00,00,01,E0,C0,10,03,00,00,00,CE,00,00,0203,0000,0302,00000000,0000,002C,3F,00,FF,04,04,36,17,37,0F,FF,17,27,0F,36,08,1A,28,36,30,3B,22,36,30,3B,16,36,17,27,0F,36,08,1A,77,CA,C2,D0,77,CC,C2,C8,77,CA,82,28,77,CC,82,30
217,genesis,zelda_v586_autostart,0009B2,01,00,00,00,00,00,00,01,E2,C0,10,03,00,00,00,D0,00,00,0203,0000,0302,00000000,0000,002E,3F,00,3F,04,04,36,17,37,0F,FF,17,27,0F,36,08,1A,28,36,30,3B,22,36,30,3B,16,36,17,27,0F,36,08,1A,77,CA,C2,D0,77,CC,C2,C8,77,CA,82,28,77,CC,82,30
218,genesis,zelda_v586_autostart,001026,01,00,00,00,00,00,00,01,B2,C0,10,03,00,00,00,D2,00,00,0203,0000,0302,00000000,0000,0030,3F,00,FF,04,04,36,17,37,0F,FF,17,27,0F,36,08,1A,28,36,30,3B,22,36,30,3B,16,36,17,27,0F,36,08,1A,77,CA,C2,D0,77,CC,C2,C8,77,CA,82,28,77,CC,82,30
219,genesis,zelda_v586_autostart,0009B6,01,00,00,00,00,00,00,01,B4,C0,10,03,00,00,00,D4,00,00,0203,0000,0302,00000000,0000,0032,3F,00,FF,04,04,36,17,37,0F,FF,17,27,0F,36,08,1A,28,36,30,3B,22,36,30,3B,16,36,17,27,0F,36,08,1A,77,CA,C2,D0,77,CC,C2,C8,77,CA,82,28,77,CC,82,30
220,genesis,zelda_v586_autostart,001044,01,00,00,00,00,00,00,01,B6,C0,10,03,00,00,00,D6,00,00,0203,0000,0302,00000000,0000,0034,3F,00,FF,04,04,36,17,37,0F,FF,17,27,0F,36,08,1A,28,36,30,3B,22,36,30,3B,16,36,17,27,0F,36,08,1A,77,CA,C2,D0,77,CC,C2,C8,77,CA,82,28,77,CC,82,30
221,genesis,zelda_v586_autostart,001716,01,00,00,00,00,00,00,01,B8,C0,10,03,00,00,00,D8,00,00,0203,0000,0302,00000000,0000,0036,3F,00,FF,04,04,36,17,37,0F,FF,17,27,0F,36,08,1A,28,36,30,3B,22,36,30,3B,16,36,17,27,0F,36,08,1A,77,CA,C2,D0,77,CC,C2,C8,77,CA,82,28,77,CC,82,30
222,genesis,zelda_v586_autostart,001716,01,00,00,00,00,00,00,01,BA,C0,10,03,00,00,00,DA,00,00,0203,0000,0302,00000000,0000,0038,3F,00,FF,04,04,36,17,37,0F,FF,17,27,0F,36,08,1A,28,36,30,3B,22,36,30,3B,16,36,17,27,0F,36,08,1A,77,CA,C2,D0,77,CC,C2,C8,77,CA,82,28,77,CC,82,30
223,genesis,zelda_v586_autostart,001716,01,00,00,00,00,00,00,01,BC,C0,10,03,00,00,00,DC,00,00,0203,0000,0302,00000000,0000,003A,3F,00,3F,04,04,36,17,27,0F,FF,17,27,0F,36,08,1A,28,36,30,3B,22,36,30,3B,16,36,17,27,0F,36,08,1A,77,CA,C2,D0,77,CC,C2,C8,77,CA,82,28,77,CC,82,30
224,genesis,zelda_v586_autostart,001716,01,00,00,00,00,00,00,01,BE,C0,10,03,00,00,00,DE,00,00,0203,0000,0302,00000000,0000,003C,3F,00,FF,04,04,36,17,27,0F,FF,17,27,0F,36,08,1A,28,36,30,3B,22,36,30,3B,16,36,17,27,0F,36,08,1A,77,CA,C2,D0,77,CC,C2,C8,77,CA,82,28,77,CC,82,30
225,genesis,zelda_v586_autostart,001716,01,00,00,00,00,00,00,01,C0,C0,10,03,00,00,00,E0,00,00,0203,0000,0302,00000000,0000,003E,3F,00,FF,04,04,36,17,27,0F,FF,17,27,0F,36,08,1A,28,36,30,3B,22,36,30,3B,16,36,17,27,0F,36,08,1A,77,CA,C2,D0,77,CC,C2,C8,77,CA,82,28,77,CC,82,30
226,genesis,zelda_v586_autostart,001716,01,00,00,00,00,00,00,01,C2,C0,10,03,00,00,00,E2,00,00,0203,0000,0302,00000000,0000,0040,3F,00,FF,04,04,36,17,27,0F,FF,17,27,0F,36,08,1A,28,36,30,3B,22,36,30,3B,16,36,17,27,0F,36,08,1A,77,CA,C2,D0,77,CC,C2,C8,77,CA,82,28,77,CC,82,30
227,genesis,zelda_v586_autostart,001716,01,00,00,00,00,00,00,01,C4,C0,00,03,00,00,00,B2,00,00,0203,0000,0302,00000000,0000,0042,3F,00,FF,04,04,36,17,27,0F,FF,17,27,0F,36,08,1A,28,36,30,3B,22,36,30,3B,16,36,17,27,0F,36,08,1A,77,CA,C2,D0,77,CC,C2,C8,77,CA,82,28,77,CC,82,30
228,genesis,zelda_v586_autostart,001716,01,00,00,00,00,00,00,01,C6,C0,00,03,00,00,00,B4,00,00,0203,0000,0302,00000000,0000,0044,3F,00,FF,04,04,36,17,27,0F,FF,17,27,0F,36,08,1A,28,36,30,3B,22,36,30,3B,16,36,17,27,0F,36,08,1A,77,CA,C2,D0,77,CC,C2,C8,77,CA,82,28,77,CC,82,30
229,genesis,zelda_v586_autostart,001716,01,00,00,00,00,00,00,01,C8,C0,00,03,00,00,00,B6,00,00,0203,0000,0302,00000000,0000,0046,3F,00,3F,04,04,36,17,17,0F,FF,17,27,0F,36,08,1A,28,36,30,3B,22,36,30,3B,16,36,17,27,0F,36,08,1A,77,CA,C2,D0,77,CC,C2,C8,77,CA,82,28,77,CC,82,30
230,genesis,zelda_v586_autostart,001716,01,00,00,00,00,00,00,01,CA,C0,00,03,00,00,00,B8,00,00,0203,0000,0302,00000000,0000,0048,3F,00,FF,04,04,36,17,17,0F,FF,17,27,0F,36,08,1A,28,36,30,3B,22,36,30,3B,16,36,17,27,0F,36,08,1A,77,CA,C2,D0,77,CC,C2,C8,77,CA,82,28,77,CC,82,30
231,genesis,zelda_v586_autostart,001716,01,00,00,00,00,00,00,01,CC,C0,08,03,00,00,00,BA,00,00,0203,0000,0302,00000000,0000,004A,3F,00,FF,04,04,36,17,17,0F,FF,17,27,0F,36,08,1A,28,36,30,3B,22,36,30,3B,16,36,17,27,0F,36,08,1A,77,CA,C2,D0,77,CC,C2,C8,77,CA,82,28,77,CC,82,30
232,genesis,zelda_v586_autostart,001716,01,00,00,00,00,00,00,01,CE,C0,08,03,00,00,00,BC,00,00,0203,0000,0302,00000000,0000,004C,3F,00,FF,04,04,36,17,17,0F,FF,17,27,0F,36,08,1A,28,36,30,3B,22,36,30,3B,16,36,17,27,0F,36,08,1A,77,CA,C2,D0,77,CC,C2,C8,77,CA,82,28,77,CC,82,30
233,genesis,zelda_v586_autostart,001716,01,00,00,00,00,00,00,01,D0,C0,08,03,00,00,00,BE,00,00,0203,0000,0302,00000000,0000,004E,3F,00,FF,04,04,36,17,17,0F,FF,17,27,0F,36,08,1A,28,36,30,3B,22,36,30,3B,16,36,17,27,0F,36,08,1A,77,CA,C2,D0,77,CC,C2,C8,77,CA,82,28,77,CC,82,30
234,genesis,zelda_v586_autostart,001716,01,00,00,00,00,00,00,01,D2,C0,08,03,00,00,00,C0,00,00,0203,0000,0302,00000000,0000,0050,3F,00,FF,04,04,36,17,17,0F,FF,17,27,0F,36,08,1A,28,36,30,3B,22,36,30,3B,16,36,17,27,0F,36,08,1A,77,CA,C2,D0,77,CC,C2,C8,77,CA,82,28,77,CC,82,30
235,genesis,zelda_v586_autostart,001716,01,00,00,00,00,00,00,01,D4,C0,10,03,00,00,00,C2,00,00,0203,0000,0302,00000000,0000,0052,3F,00,3F,04,04,36,17,07,0F,FF,17,27,0F,36,08,1A,28,36,30,3B,22,36,30,3B,16,36,17,27,0F,36,08,1A,77,CA,C2,D0,77,CC,C2,C8,77,CA,82,28,77,CC,82,30
236,genesis,zelda_v586_autostart,001716,01,00,00,00,00,00,00,01,D6,C0,10,03,00,00,00,C4,00,00,0203,0000,0302,00000000,0000,0054,3F,00,FF,04,04,36,17,07,0F,FF,17,27,0F,36,08,1A,28,36,30,3B,22,36,30,3B,16,36,17,27,0F,36,08,1A,77,CA,C2,D0,77,CC,C2,C8,77,CA,82,28,77,CC,82,30
237,genesis,zelda_v586_autostart,001716,01,00,00,00,00,00,00,01,D8,C0,10,03,00,00,00,C6,00,00,0203,0000,0302,00000000,0000,0056,3F,00,FF,04,04,36,17,07,0F,FF,17,27,0F,36,08,1A,28,36,30,3B,22,36,30,3B,16,36,17,27,0F,36,08,1A,77,CA,C2,D0,77,CC,C2,C8,77,CA,82,28,77,CC,82,30
238,genesis,zelda_v586_autostart,001716,01,00,00,00,00,00,00,01,DA,C0,10,03,00,00,00,C8,00,00,0203,0000,0302,00000000,0000,0058,3F,00,FF,04,04,36,17,07,0F,FF,17,27,0F,36,08,1A,28,36,30,3B,22,36,30,3B,16,36,17,27,0F,36,08,1A,77,CA,C2,D0,77,CC,C2,C8,77,CA,82,28,77,CC,82,30
239,genesis,zelda_v586_autostart,001716,01,00,00,00,00,00,00,01,DC,C0,10,03,00,00,00,CA,00,00,0203,0000,0302,00000000,0000,005A,3F,00,FF,04,04,36,17,07,0F,FF,17,27,0F,36,08,1A,28,36,30,3B,22,36,30,3B,16,36,17,27,0F,36,08,1A,77,CA,C2,D0,77,CC,C2,C8,77,CA,82,28,77,CC,82,30
240,genesis,zelda_v586_autostart,001716,01,00,00,00,00,00,00,01,DE,C0,10,03,00,00,00,CC,00,00,0203,0000,0302,00000000,0000,005C,3F,00,FF,04,04,36,17,07,0F,FF,17,27,0F,36,08,1A,28,36,30,3B,22,36,30,3B,16,36,17,27,0F,36,08,1A,77,CA,C2,D0,77,CC,C2,C8,77,CA,82,28,77,CC,82,30
241,genesis,zelda_v586_autostart,001716,01,00,00,00,00,00,00,01,E0,C0,10,03,00,00,00,CE,00,00,0203,0000,0302,00000000,0000,005E,3F,00,3F,04,04,36,17,07,0F,FF,17,27,0F,36,08,1A,28,36,30,3B,22,36,30,3B,16,36,17,27,0F,36,08,1A,77,CA,C2,D0,77,CC,C2,C8,77,CA,82,28,77,CC,82,30
242,genesis,zelda_v586_autostart,001716,01,00,00,00,00,00,00,01,E2,C0,10,03,00,00,00,D0,00,00,0203,0000,0302,00000000,0000,0060,3F,00,FF,04,04,36,17,07,0F,FF,17,27,0F,36,08,1A,28,36,30,3B,22,36,30,3B,16,36,17,27,0F,36,08,1A,77,CA,C2,D0,77,CC,C2,C8,77,CA,82,28,77,CC,82,30
243,genesis,zelda_v586_autostart,001716,01,00,00,00,00,00,00,01,B2,C0,10,03,00,00,00,D2,00,00,0203,0000,0302,00000000,0000,0062,3F,00,FF,04,04,36,17,07,0F,FF,17,27,0F,36,08,1A,28,36,30,3B,22,36,30,3B,16,36,17,27,0F,36,08,1A,77,CA,C2,D0,77,CC,C2,C8,77,CA,82,28,77,CC,82,30
244,genesis,zelda_v586_autostart,001716,01,00,00,00,00,00,00,01,B4,C0,10,03,00,00,00,D4,00,00,0203,0000,0302,00000000,0000,0064,3F,00,FF,04,04,36,17,07,0F,FF,17,27,0F,36,08,1A,28,36,30,3B,22,36,30,3B,16,36,17,27,0F,36,08,1A,77,CA,C2,D0,77,CC,C2,C8,77,CA,82,28,77,CC,82,30
245,genesis,zelda_v586_autostart,001716,01,00,00,00,00,00,00,01,B6,C0,10,03,00,00,00,D6,00,00,0203,0000,0302,00000000,0000,0066,3F,00,FF,04,04,36,17,07,0F,FF,17,27,0F,36,08,1A,28,36,30,3B,22,36,30,3B,16,36,17,27,0F,36,08,1A,77,CA,C2,D0,77,CC,C2,C8,77,CA,82,28,77,CC,82,30
246,genesis,zelda_v586_autostart,001716,01,00,00,00,00,00,00,01,B8,C0,10,03,00,00,00,D8,00,00,0203,0000,0302,00000000,0000,0068,3F,00,FF,04,04,36,17,07,0F,FF,17,27,0F,36,08,1A,28,36,30,3B,22,36,30,3B,16,36,17,27,0F,36,08,1A,77,CA,C2,D0,77,CC,C2,C8,77,CA,82,28,77,CC,82,30
247,genesis,zelda_v586_autostart,001716,01,00,00,00,00,00,00,01,BA,C0,10,03,00,00,00,DA,00,00,0203,0000,0302,00000000,0000,006A,3F,00,3F,04,04,36,17,17,0F,FF,17,27,0F,36,08,1A,28,36,30,3B,22,36,30,3B,16,36,17,27,0F,36,08,1A,77,CA,C2,D0,77,CC,C2,C8,77,CA,82,28,77,CC,82,30
248,genesis,zelda_v586_autostart,001716,01,00,00,00,00,00,00,01,BC,C0,10,03,00,00,00,DC,00,00,0203,0000,0302,00000000,0000,006C,3F,00,FF,04,04,36,17,17,0F,FF,17,27,0F,36,08,1A,28,36,30,3B,22,36,30,3B,16,36,17,27,0F,36,08,1A,77,CA,C2,D0,77,CC,C2,C8,77,CA,82,28,77,CC,82,30
249,genesis,zelda_v586_autostart,001716,01,00,00,00,00,00,00,01,BE,C0,10,03,00,00,00,DE,00,00,0203,0000,0302,00000000,0000,006E,3F,00,FF,04,04,36,17,17,0F,FF,17,27,0F,36,08,1A,28,36,30,3B,22,36,30,3B,16,36,17,27,0F,36,08,1A,77,CA,C2,D0,77,CC,C2,C8,77,CA,82,28,77,CC,82,30
250,genesis,zelda_v586_autostart,001716,01,00,00,00,00,00,00,01,C0,C0,10,03,00,00,00,E0,00,00,0203,0000,0302,00000000,0000,0070,3F,00,FF,04,04,36,17,17,0F,FF,17,27,0F,36,08,1A,28,36,30,3B,22,36,30,3B,16,36,17,27,0F,36,08,1A,77,CA,C2,D0,77,CC,C2,C8,77,CA,82,28,77,CC,82,30
251,genesis,zelda_v586_autostart,001716,01,00,00,00,00,00,00,01,C2,C0,10,03,00,00,00,E2,00,00,0203,0000,0302,00000000,0000,0072,3F,00,FF,04,04,36,17,17,0F,FF,17,27,0F,36,08,1A,28,36,30,3B,22,36,30,3B,16,36,17,27,0F,36,08,1A,77,CA,C2,D0,77,CC,C2,C8,77,CA,82,28,77,CC,82,30
252,genesis,zelda_v586_autostart,001716,01,00,00,00,00,00,00,01,C4,C0,00,03,00,00,00,B2,00,00,0203,0000,0302,00000000,0000,0074,3F,00,FF,04,04,36,17,17,0F,FF,17,27,0F,36,08,1A,28,36,30,3B,22,36,30,3B,16,36,17,27,0F,36,08,1A,77,CA,C2,D0,77,CC,C2,C8,77,CA,82,28,77,CC,82,30
253,genesis,zelda_v586_autostart,001716,01,00,00,00,00,00,00,01,C6,C0,00,03,00,00,00,B4,00,00,0203,0000,0302,00000000,0000,0076,3F,00,FF,04,04,36,17,17,0F,FF,17,27,0F,36,08,1A,28,36,30,3B,22,36,30,3B,16,36,17,27,0F,36,08,1A,77,CA,C2,D0,77,CC,C2,C8,77,CA,82,28,77,CC,82,30
254,genesis,zelda_v586_autostart,001716,01,00,00,00,00,00,00,01,C8,C0,00,03,00,00,00,B6,00,00,0203,0000,0302,00000000,0000,0078,3F,00,FF,04,04,36,17,17,0F,FF,17,27,0F,36,08,1A,28,36,30,3B,22,36,30,3B,16,36,17,27,0F,36,08,1A,77,CA,C2,D0,77,CC,C2,C8,77,CA,82,28,77,CC,82,30
255,genesis,zelda_v586_autostart,001716,01,00,00,00,00,00,00,01,CA,C0,00,03,00,00,00,B8,00,00,0203,0000,0302,00000000,0000,007A,3F,00,FF,04,04,36,17,17,0F,FF,17,27,0F,36,08,1A,28,36,30,3B,22,36,30,3B,16,36,17,27,0F,36,08,1A,77,CA,C2,D0,77,CC,C2,C8,77,CA,82,28,77,CC,82,30
256,genesis,zelda_v586_autostart,001716,01,00,00,00,00,00,00,01,CC,C0,08,03,00,00,00,BA,00,00,0203,0000,0302,00000000,0000,007C,3F,00,FF,04,04,36,17,17,0F,FF,17,27,0F,36,08,1A,28,36,30,3B,22,36,30,3B,16,36,17,27,0F,36,08,1A,77,CA,C2,D0,77,CC,C2,C8,77,CA,82,28,77,CC,82,30
257,genesis,zelda_v586_autostart,001716,01,00,00,00,00,00,00,01,CE,C0,08,03,00,00,00,BC,00,00,0203,0000,0302,00000000,0000,007E,3F,00,FF,04,04,36,17,17,0F,FF,17,27,0F,36,08,1A,28,36,30,3B,22,36,30,3B,16,36,17,27,0F,36,08,1A,77,CA,C2,D0,77,CC,C2,C8,77,CA,82,28,77,CC,82,30
258,genesis,zelda_v586_autostart,001716,01,00,00,00,00,00,00,01,D0,C0,08,03,00,00,00,BE,00,00,0203,0000,0302,00000000,0000,0080,3F,00,FF,04,04,36,17,17,0F,FF,17,27,0F,36,08,1A,28,36,30,3B,22,36,30,3B,16,36,17,27,0F,36,08,1A,77,CA,C2,D0,77,CC,C2,C8,77,CA,82,28,77,CC,82,30
259,genesis,zelda_v586_autostart,001716,01,00,00,00,00,00,00,01,D2,C0,08,03,00,00,00,C0,00,00,0203,0000,0302,00000000,0000,0082,3F,00,FF,04,04,36,17,17,0F,FF,17,27,0F,36,08,1A,28,36,30,3B,22,36,30,3B,16,36,17,27,0F,36,08,1A,77,CA,C2,D0,77,CC,C2,C8,77,CA,82,28,77,CC,82,30
260,genesis,zelda_v586_autostart,001716,01,00,00,00,00,00,00,01,D4,C0,10,03,00,00,00,C2,00,00,0203,0000,0302,00000000,0000,0084,3F,00,FF,04,04,36,17,17,0F,FF,17,27,0F,36,08,1A,28,36,30,3B,22,36,30,3B,16,36,17,27,0F,36,08,1A,77,CA,C2,D0,77,CC,C2,C8,77,CA,82,28,77,CC,82,30
261,genesis,zelda_v586_autostart,001716,01,00,00,00,00,00,00,01,D6,C0,10,03,00,00,00,C4,00,00,0203,0000,0302,00000000,0000,0086,3F,00,FF,04,04,36,17,17,0F,FF,17,27,0F,36,08,1A,28,36,30,3B,22,36,30,3B,16,36,17,27,0F,36,08,1A,77,CA,C2,D0,77,CC,C2,C8,77,CA,82,28,77,CC,82,30
262,genesis,zelda_v586_autostart,001716,01,00,00,00,00,00,00,01,D8,C0,10,03,00,00,00,C6,00,00,0203,0000,0302,00000000,0000,0088,3F,00,FF,04,04,36,17,17,0F,FF,17,27,0F,36,08,1A,28,36,30,3B,22,36,30,3B,16,36,17,27,0F,36,08,1A,77,CA,C2,D0,77,CC,C2,C8,77,CA,82,28,77,CC,82,30
263,genesis,zelda_v586_autostart,001716,01,00,00,00,00,00,00,01,DA,C0,10,03,00,00,00,C8,00,00,0203,0000,0302,00000000,0000,008A,3F,00,3F,04,04,36,17,27,0F,FF,17,27,0F,36,08,1A,28,36,30,3B,22,36,30,3B,16,36,17,27,0F,36,08,1A,77,CA,C2,D0,77,CC,C2,C8,77,CA,82,28,77,CC,82,30
264,genesis,zelda_v586_autostart,001716,01,00,00,00,00,00,00,01,DC,C0,10,03,00,00,00,CA,00,00,0203,0000,0302,00000000,0000,008C,3F,00,FF,04,04,36,17,27,0F,FF,17,27,0F,36,08,1A,28,36,30,3B,22,36,30,3B,16,36,17,27,0F,36,08,1A,77,CA,C2,D0,77,CC,C2,C8,77,CA,82,28,77,CC,82,30
265,genesis,zelda_v586_autostart,001716,01,00,00,00,00,00,00,01,DE,C0,10,03,00,00,00,CC,00,00,0203,0000,0302,00000000,0000,008E,3F,00,FF,04,04,36,17,27,0F,FF,17,27,0F,36,08,1A,28,36,30,3B,22,36,30,3B,16,36,17,27,0F,36,08,1A,77,CA,C2,D0,77,CC,C2,C8,77,CA,82,28,77,CC,82,30
266,genesis,zelda_v586_autostart,001716,01,00,00,00,00,00,00,01,E0,C0,10,03,00,00,00,CE,00,00,0203,0000,0302,00000000,0000,0090,3F,00,FF,04,04,36,17,27,0F,FF,17,27,0F,36,08,1A,28,36,30,3B,22,36,30,3B,16,36,17,27,0F,36,08,1A,77,CA,C2,D0,77,CC,C2,C8,77,CA,82,28,77,CC,82,30
267,genesis,zelda_v586_autostart,001716,01,00,00,00,00,00,00,01,E2,C0,10,03,00,00,00,D0,00,00,0203,0000,0302,00000000,0000,0092,3F,00,FF,04,04,36,17,27,0F,FF,17,27,0F,36,08,1A,28,36,30,3B,22,36,30,3B,16,36,17,27,0F,36,08,1A,77,CA,C2,D0,77,CC,C2,C8,77,CA,82,28,77,CC,82,30
268,genesis,zelda_v586_autostart,001716,01,00,00,00,00,00,00,01,B2,C0,10,03,00,00,00,D2,00,00,0203,0000,0302,00000000,0000,0094,3F,00,FF,04,04,36,17,27,0F,FF,17,27,0F,36,08,1A,28,36,30,3B,22,36,30,3B,16,36,17,27,0F,36,08,1A,77,CA,C2,D0,77,CC,C2,C8,77,CA,82,28,77,CC,82,30
269,genesis,zelda_v586_autostart,001716,01,00,00,00,00,00,00,01,B4,C0,10,03,00,00,00,D4,00,00,0203,0000,0302,00000000,0000,0096,3F,00,3F,04,04,36,17,37,0F,FF,17,27,0F,36,08,1A,28,36,30,3B,22,36,30,3B,16,36,17,27,0F,36,08,1A,77,CA,C2,D0,77,CC,C2,C8,77,CA,82,28,77,CC,82,30
270,genesis,zelda_v586_autostart,001716,01,00,00,00,00,00,00,01,B6,C0,10,03,00,00,00,D6,00,00,0203,0000,0302,00000000,0000,0098,3F,00,FF,04,04,36,17,37,0F,FF,17,27,0F,36,08,1A,28,36,30,3B,22,36,30,3B,16,36,17,27,0F,36,08,1A,77,CA,C2,D0,77,CC,C2,C8,77,CA,82,28,77,CC,82,30
271,genesis,zelda_v586_autostart,001716,01,00,00,00,00,00,00,01,B8,C0,10,03,00,00,00,D8,00,00,0203,0000,0302,00000000,0000,009A,3F,00,FF,04,04,36,17,37,0F,FF,17,27,0F,36,08,1A,28,36,30,3B,22,36,30,3B,16,36,17,27,0F,36,08,1A,77,CA,C2,D0,77,CC,C2,C8,77,CA,82,28,77,CC,82,30
272,genesis,zelda_v586_autostart,001716,01,00,00,00,00,00,00,01,BA,C0,10,03,00,00,00,DA,00,00,0203,0000,0302,00000000,0000,009C,3F,00,FF,04,04,36,17,37,0F,FF,17,27,0F,36,08,1A,28,36,30,3B,22,36,30,3B,16,36,17,27,0F,36,08,1A,77,CA,C2,D0,77,CC,C2,C8,77,CA,82,28,77,CC,82,30
273,genesis,zelda_v586_autostart,001716,01,00,00,00,00,00,00,01,BC,C0,10,03,00,00,00,DC,00,00,0203,0000,0302,00000000,0000,009E,3F,00,FF,04,04,36,17,37,0F,FF,17,27,0F,36,08,1A,28,36,30,3B,22,36,30,3B,16,36,17,27,0F,36,08,1A,77,CA,C2,D0,77,CC,C2,C8,77,CA,82,28,77,CC,82,30
274,genesis,zelda_v586_autostart,001716,01,00,00,00,00,00,00,01,BE,C0,10,03,00,00,00,DE,00,00,0203,0000,0302,00000000,0000,00A0,3F,00,FF,04,04,36,17,37,0F,FF,17,27,0F,36,08,1A,28,36,30,3B,22,36,30,3B,16,36,17,27,0F,36,08,1A,77,CA,C2,D0,77,CC,C2,C8,77,CA,82,28,77,CC,82,30
275,genesis,zelda_v586_autostart,001716,01,00,00,00,00,00,00,01,C0,C0,10,03,00,00,00,E0,00,00,0203,0000,0302,00000000,0000,00A2,3F,00,3F,04,04,36,17,37,0F,FF,17,27,0F,36,08,1A,28,36,30,3B,22,36,30,3B,16,36,17,27,0F,36,08,1A,77,CA,C2,D0,77,CC,C2,C8,77,CA,82,28,77,CC,82,30
276,genesis,zelda_v586_autostart,001716,01,00,00,00,00,00,00,01,C2,C0,10,03,00,00,00,E2,00,00,0203,0000,0302,00000000,0000,00A4,3F,00,FF,04,04,36,17,37,0F,FF,17,27,0F,36,08,1A,28,36,30,3B,22,36,30,3B,16,36,17,27,0F,36,08,1A,77,CA,C2,D0,77,CC,C2,C8,77,CA,82,28,77,CC,82,30
277,genesis,zelda_v586_autostart,001716,01,00,00,00,00,00,00,01,C4,C0,00,03,00,00,00,B2,00,00,0203,0000,0302,00000000,0000,00A6,3F,00,FF,04,04,36,17,37,0F,FF,17,27,0F,36,08,1A,28,36,30,3B,22,36,30,3B,16,36,17,27,0F,36,08,1A,77,CA,C2,D0,77,CC,C2,C8,77,CA,82,28,77,CC,82,30
278,genesis,zelda_v586_autostart,001716,01,00,00,00,00,00,00,01,C6,C0,00,03,00,00,00,B4,00,00,0203,0000,0302,00000000,0000,00A8,3F,00,FF,04,04,36,17,37,0F,FF,17,27,0F,36,08,1A,28,36,30,3B,22,36,30,3B,16,36,17,27,0F,36,08,1A,77,CA,C2,D0,77,CC,C2,C8,77,CA,82,28,77,CC,82,30
279,genesis,zelda_v586_autostart,001716,01,00,00,00,00,00,00,01,C8,C0,00,03,00,00,00,B6,00,00,0203,0000,0302,00000000,0000,00AA,3F,00,FF,04,04,36,17,37,0F,FF,17,27,0F,36,08,1A,28,36,30,3B,22,36,30,3B,16,36,17,27,0F,36,08,1A,77,CA,C2,D0,77,CC,C2,C8,77,CA,82,28,77,CC,82,30
280,genesis,zelda_v586_autostart,001716,01,00,00,00,00,00,00,01,CA,C0,00,03,00,00,00,B8,00,00,0203,0000,0302,00000000,0000,00AC,3F,00,FF,04,04,36,17,37,0F,FF,17,27,0F,36,08,1A,28,36,30,3B,22,36,30,3B,16,36,17,27,0F,36,08,1A,77,CA,C2,D0,77,CC,C2,C8,77,CA,82,28,77,CC,82,30
281,genesis,zelda_v586_autostart,001716,01,00,00,00,00,00,00,01,CC,C0,08,03,00,00,00,BA,00,00,0203,0000,0302,00000000,0000,00AE,3F,00,3F,04,04,36,17,27,0F,FF,17,27,0F,36,08,1A,28,36,30,3B,22,36,30,3B,16,36,17,27,0F,36,08,1A,77,CA,C2,D0,77,CC,C2,C8,77,CA,82,28,77,CC,82,30
282,genesis,zelda_v586_autostart,001716,01,00,00,00,00,00,00,01,CE,C0,08,03,00,00,00,BC,00,00,0203,0000,0302,00000000,0000,00B0,3F,00,FF,04,04,36,17,27,0F,FF,17,27,0F,36,08,1A,28,36,30,3B,22,36,30,3B,16,36,17,27,0F,36,08,1A,77,CA,C2,D0,77,CC,C2,C8,77,CA,82,28,77,CC,82,30
283,genesis,zelda_v586_autostart,001716,01,00,00,00,00,00,00,01,D0,C0,08,03,00,00,00,BE,00,00,0203,0000,0302,00000000,0000,00B2,3F,00,FF,04,04,36,17,27,0F,FF,17,27,0F,36,08,1A,28,36,30,3B,22,36,30,3B,16,36,17,27,0F,36,08,1A,77,CA,C2,D0,77,CC,C2,C8,77,CA,82,28,77,CC,82,30
284,genesis,zelda_v586_autostart,001716,01,00,00,00,00,00,00,01,D2,C0,08,03,00,00,00,C0,00,00,0203,0000,0302,00000000,0000,00B4,3F,00,FF,04,04,36,17,27,0F,FF,17,27,0F,36,08,1A,28,36,30,3B,22,36,30,3B,16,36,17,27,0F,36,08,1A,77,CA,C2,D0,77,CC,C2,C8,77,CA,82,28,77,CC,82,30
285,genesis,zelda_v586_autostart,001716,01,00,00,00,00,00,00,01,D4,C0,10,03,00,00,00,C2,00,00,0203,0000,0302,00000000,0000,00B6,3F,00,FF,04,04,36,17,27,0F,FF,17,27,0F,36,08,1A,28,36,30,3B,22,36,30,3B,16,36,17,27,0F,36,08,1A,77,CA,C2,D0,77,CC,C2,C8,77,CA,82,28,77,CC,82,30
286,genesis,zelda_v586_autostart,001716,01,00,00,00,00,00,00,01,D6,C0,10,03,00,00,00,C4,00,00,0203,0000,0302,00000000,0000,00B8,3F,00,FF,04,04,36,17,27,0F,FF,17,27,0F,36,08,1A,28,36,30,3B,22,36,30,3B,16,36,17,27,0F,36,08,1A,77,CA,C2,D0,77,CC,C2,C8,77,CA,82,28,77,CC,82,30
287,genesis,zelda_v586_autostart,001716,01,00,00,00,00,00,00,01,D8,C0,10,03,00,00,00,C6,00,00,0203,0000,0302,00000000,0000,00BA,3F,00,3F,04,04,36,17,17,0F,FF,17,27,0F,36,08,1A,28,36,30,3B,22,36,30,3B,16,36,17,27,0F,36,08,1A,77,CA,C2,D0,77,CC,C2,C8,77,CA,82,28,77,CC,82,30
288,genesis,zelda_v586_autostart,001716,01,00,00,00,00,00,00,01,DA,C0,10,03,00,00,00,C8,00,00,0203,0000,0302,00000000,0000,00BC,3F,00,FF,04,04,36,17,17,0F,FF,17,27,0F,36,08,1A,28,36,30,3B,22,36,30,3B,16,36,17,27,0F,36,08,1A,77,CA,C2,D0,77,CC,C2,C8,77,CA,82,28,77,CC,82,30
289,genesis,zelda_v586_autostart,001716,01,00,00,00,00,00,00,01,DC,C0,10,03,00,00,00,CA,00,00,0203,0000,0302,00000000,0000,00BE,3F,00,FF,04,04,36,17,17,0F,FF,17,27,0F,36,08,1A,28,36,30,3B,22,36,30,3B,16,36,17,27,0F,36,08,1A,77,CA,C2,D0,77,CC,C2,C8,77,CA,82,28,77,CC,82,30
290,genesis,zelda_v586_autostart,001716,01,00,00,00,00,00,00,01,DE,C0,10,03,00,00,00,CC,00,00,0203,0000,0302,00000000,0000,00C0,3F,00,FF,04,04,36,17,17,0F,FF,17,27,0F,36,08,1A,28,36,30,3B,22,36,30,3B,16,36,17,27,0F,36,08,1A,77,CA,C2,D0,77,CC,C2,C8,77,CA,82,28,77,CC,82,30
291,genesis,zelda_v586_autostart,001716,01,00,00,00,00,00,00,01,E0,C0,10,03,00,00,00,CE,00,00,0203,0000,0302,00000000,0000,00C2,3F,00,FF,04,04,36,17,17,0F,FF,17,27,0F,36,08,1A,28,36,30,3B,22,36,30,3B,16,36,17,27,0F,36,08,1A,77,CA,C2,D0,77,CC,C2,C8,77,CA,82,28,77,CC,82,30
292,genesis,zelda_v586_autostart,001716,01,00,00,00,00,00,00,01,E2,C0,10,03,00,00,00,D0,00,00,0203,0000,0302,00000000,0000,00C4,3F,00,FF,04,04,36,17,17,0F,FF,17,27,0F,36,08,1A,28,36,30,3B,22,36,30,3B,16,36,17,27,0F,36,08,1A,77,CA,C2,D0,77,CC,C2,C8,77,CA,82,28,77,CC,82,30
293,genesis,zelda_v586_autostart,001716,01,00,00,00,00,00,00,01,B2,C0,10,03,00,00,00,D2,00,00,0203,0000,0302,00000000,0000,00C6,3F,00,3F,04,04,36,17,07,0F,FF,17,27,0F,36,08,1A,28,36,30,3B,22,36,30,3B,16,36,17,27,0F,36,08,1A,77,CA,C2,D0,77,CC,C2,C8,77,CA,82,28,77,CC,82,30
294,genesis,zelda_v586_autostart,001716,01,00,00,00,00,00,00,01,B4,C0,10,03,00,00,00,D4,00,00,0203,0000,0302,00000000,0000,00C8,3F,00,FF,04,04,36,17,07,0F,FF,17,27,0F,36,08,1A,28,36,30,3B,22,36,30,3B,16,36,17,27,0F,36,08,1A,77,CA,C2,D0,77,CC,C2,C8,77,CA,82,28,77,CC,82,30
295,genesis,zelda_v586_autostart,001716,01,00,00,00,00,00,00,01,B6,C0,10,03,00,00,00,D6,00,00,0203,0000,0302,00000000,0000,00CA,3F,00,FF,04,04,36,17,07,0F,FF,17,27,0F,36,08,1A,28,36,30,3B,22,36,30,3B,16,36,17,27,0F,36,08,1A,77,CA,C2,D0,77,CC,C2,C8,77,CA,82,28,77,CC,82,30
296,genesis,zelda_v586_autostart,001716,01,00,00,00,00,00,00,01,B8,C0,10,03,00,00,00,D8,00,00,0203,0000,0302,00000000,0000,00CC,3F,00,FF,04,04,36,17,07,0F,FF,17,27,0F,36,08,1A,28,36,30,3B,22,36,30,3B,16,36,17,27,0F,36,08,1A,77,CA,C2,D0,77,CC,C2,C8,77,CA,82,28,77,CC,82,30
297,genesis,zelda_v586_autostart,001716,01,00,00,00,00,00,00,01,BA,C0,10,03,00,00,00,DA,00,00,0203,0000,0302,00000000,0000,00CE,3F,00,FF,04,04,36,17,07,0F,FF,17,27,0F,36,08,1A,28,36,30,3B,22,36,30,3B,16,36,17,27,0F,36,08,1A,77,CA,C2,D0,77,CC,C2,C8,77,CA,82,28,77,CC,82,30
298,genesis,zelda_v586_autostart,001716,01,00,00,00,00,00,00,01,BC,C0,10,03,00,00,00,DC,00,00,0203,0000,0302,00000000,0000,00D0,3F,00,FF,04,04,36,17,07,0F,FF,17,27,0F,36,08,1A,28,36,30,3B,22,36,30,3B,16,36,17,27,0F,36,08,1A,77,CA,C2,D0,77,CC,C2,C8,77,CA,82,28,77,CC,82,30
299,genesis,zelda_v586_autostart,001716,01,00,00,00,00,00,00,01,BE,C0,10,03,00,00,00,DE,00,00,0203,0000,0302,00000000,0000,00D2,3F,00,3F,04,04,36,17,07,0F,FF,17,27,0F,36,08,1A,28,36,30,3B,22,36,30,3B,16,36,17,27,0F,36,08,1A,77,CA,C2,D0,77,CC,C2,C8,77,CA,82,28,77,CC,82,30
300,genesis,zelda_v586_autostart,001716,01,00,00,00,00,00,00,01,C0,C0,10,03,00,00,00,E0,00,00,0203,0000,0302,00000000,0000,00D4,3F,00,FF,04,04,36,17,07,0F,FF,17,27,0F,36,08,1A,28,36,30,3B,22,36,30,3B,16,36,17,27,0F,36,08,1A,77,CA,C2,D0,77,CC,C2,C8,77,CA,82,28,77,CC,82,30
