frame,system,rom_label,pc,screen_ready,ram_script,ram_subscript,ppu_load_index,cur_save_slot,ram_004D,ram_next_script,ram_041F,ram_0421,ram_0423,ram_0000,ram_0001,ram_0002,ram_0003,ram_0004,ram_0005,spr_index_1,spr_index_2,trace_last,PPU_REQ_INDEX,PPU_REQ_PTR,PPU_REQ_RES,SEQ_EVT_COUNT,PPU_EVT_COUNT,ppu_buf_00,ppu_buf_01,ppu_buf_02,ppu_buf_03,ppu_buf_04,ppu_buf_05,ppu_buf_06,ppu_buf_07,ppu_buf_08,ppu_buf_09,ppu_buf_0A,ppu_buf_0B,ppu_buf_0C,ppu_buf_0D,ppu_buf_0E,ppu_buf_0F,ppu_buf_10,ppu_buf_11,ppu_buf_12,ppu_buf_13,ppu_buf_14,ppu_buf_15,ppu_buf_16,ppu_buf_17,ppu_buf_18,ppu_buf_19,ppu_buf_1A,ppu_buf_1B,ppu_buf_1C,ppu_buf_1D,ppu_buf_1E,ppu_buf_1F,oam_00,oam_01,oam_02,oam_03,oam_04,oam_05,oam_06,oam_07,oam_08,oam_09,oam_0A,oam_0B,oam_0C,oam_0D,oam_0E,oam_0F
0,genesis,zelda_v310,0003CA,00,00,00,00,00,00,00,00,00,00,00,00,00,00,00,00,00,00,0000,0000,0000,00000000,0000,0000,00,00,00,00,00,00,00,00,00,00,00,00,00,00,00,00,00,00,00,00,00,00,00,00,00,00,00,00,00,00,00,00,00,00,00,00,00,00,00,00,00,00,00,00,00,00,00,00
1,genesis,zelda_v310,0003CC,00,00,00,00,00,00,00,00,00,00,00,00,00,00,00,00,00,00,0000,0000,0000,00000000,0000,0000,00,00,00,00,00,00,00,00,00,00,00,00,00,00,00,00,00,00,00,00,00,00,00,00,00,00,00,00,00,00,00,00,00,00,00,00,00,00,00,00,00,00,00,00,00,00,00,00
2,genesis,zelda_v310,0003CC,00,00,00,00,00,00,00,00,00,00,00,00,00,00,00,00,00,00,0000,0000,0000,00000000,0000,0000,00,00,00,00,00,00,00,00,00,00,00,00,00,00,00,00,00,00,00,00,00,00,00,00,00,00,00,00,00,00,00,00,00,00,00,00,00,00,00,00,00,00,00,00,00,00,00,00
3,genesis,zelda_v310,0003CA,00,00,00,00,00,00,00,00,00,00,00,00,00,00,00,00,00,00,0000,0000,0000,00000000,0000,0000,00,00,00,00,00,00,00,00,00,00,00,00,00,00,00,00,00,00,00,00,00,00,00,00,00,00,00,00,00,00,00,00,00,00,00,00,00,00,00,00,00,00,00,00,00,00,00,00
4,genesis,zelda_v310,000A78,00,00,00,00,00,00,00,00,00,00,00,00,00,00,00,00,00,00,0000,0000,0000,00000000,0000,0000,00,00,00,00,00,00,00,00,00,00,00,00,00,00,00,00,00,00,00,00,00,00,00,00,00,00,00,00,00,00,00,00,00,00,00,00,00,00,00,00,00,00,00,00,00,00,00,00
5,genesis,zelda_v310,000A80,00,00,00,00,00,00,00,00,00,00,00,00,00,00,00,00,00,00,0000,0000,0000,00000000,0000,0000,00,00,00,00,00,00,00,00,00,00,00,00,00,00,00,00,00,00,00,00,00,00,00,00,00,00,00,00,00,00,00,00,00,00,00,00,00,00,00,00,00,00,00,00,00,00,00,00
6,genesis,zelda_v310,000A78,00,00,00,00,00,00,00,00,00,00,00,00,00,00,00,00,00,00,0000,0000,0000,00000000,0000,0000,00,00,00,00,00,00,00,00,00,00,00,00,00,00,00,00,00,00,00,00,00,00,00,00,00,00,00,00,00,00,00,00,00,00,00,00,00,00,00,00,00,00,00,00,00,00,00,00
7,genesis,zelda_v310,000A80,00,00,00,00,00,00,00,00,00,00,00,00,00,00,00,00,00,00,0000,0000,0000,00000000,0000,0000,00,00,00,00,00,00,00,00,00,00,00,00,00,00,00,00,00,00,00,00,00,00,00,00,00,00,00,00,00,00,00,00,00,00,00,00,00,00,00,00,00,00,00,00,00,00,00,00
8,genesis,zelda_v310,000AE2,00,00,00,00,00,00,00,00,00,00,00,00,00,00,00,00,00,00,0000,0000,0000,00000000,0000,0000,00,00,00,00,00,00,00,00,00,00,00,00,00,00,00,00,00,00,00,00,00,00,00,00,00,00,00,00,00,00,00,00,00,00,00,00,00,00,00,00,00,00,00,00,00,00,00,00
9,genesis,zelda_v310,00061E,00,00,00,00,00,00,00,00,00,00,00,00,00,00,00,00,00,00,0000,0000,0000,00000000,0000,0000,00,00,00,00,00,00,00,00,00,00,00,00,00,00,00,00,00,00,00,00,00,00,00,00,00,00,00,00,00,00,00,00,00,00,00,00,00,00,00,00,00,00,00,00,00,00,00,00
10,genesis,zelda_v310,00061E,00,00,00,00,00,00,00,00,00,00,00,00,00,00,00,00,00,00,0000,0000,0000,00000000,0000,0000,00,00,00,00,00,00,00,00,00,00,00,00,00,00,00,00,00,00,00,00,00,00,00,00,00,00,00,00,00,00,00,00,00,00,00,00,00,00,00,00,00,00,00,00,00,00,00,00
11,genesis,zelda_v310,00061E,00,00,00,00,00,00,00,00,00,00,00,00,00,00,00,00,00,00,0000,0000,0000,00000000,0000,0000,00,00,00,00,00,00,00,00,00,00,00,00,00,00,00,00,00,00,00,00,00,00,00,00,00,00,00,00,00,00,00,00,00,00,00,00,00,00,00,00,00,00,00,00,00,00,00,00
12,genesis,zelda_v310,00473E,00,00,00,00,00,00,00,00,00,00,00,03,FF,01,01,00,00,00,0203,0000,0302,00000000,0000,0000,3F,00,FF,00,00,00,00,00,00,00,00,00,00,00,00,00,00,00,00,00,00,00,00,00,00,00,00,00,00,00,00,00,00,00,00,00,00,00,00,00,00,00,00,00,00,00,00,00
13,genesis,zelda_v310,007198,00,00,00,00,00,00,00,00,00,00,18,81,67,06,01,00,00,00,0403,0000,0302,00000000,0000,0000,3F,00,FF,00,00,00,00,00,00,00,00,00,00,00,00,00,00,00,00,00,00,00,00,00,00,00,00,00,00,00,00,00,00,00,00,00,00,00,00,00,00,00,00,00,00,00,00,00
14,genesis,zelda_v310,000C00,00,00,00,00,00,00,00,00,00,00,CD,81,B2,05,01,00,00,00,0403,0000,0302,00000000,0000,0000,3F,00,FF,00,00,00,00,00,00,00,00,00,00,00,00,00,00,00,00,00,00,00,00,00,00,00,00,00,00,00,00,00,00,00,00,00,00,00,00,00,00,00,00,00,00,00,00,00
15,genesis,zelda_v310,007174,00,00,00,00,00,00,00,00,00,00,82,82,FD,04,01,00,00,00,0403,0000,0302,00000000,0000,0000,3F,00,FF,00,00,00,00,00,00,00,00,00,00,00,00,00,00,00,00,00,00,00,00,00,00,00,00,00,00,00,00,00,00,00,00,00,00,00,00,00,00,00,00,00,00,00,00,00
16,genesis,zelda_v310,000AF6,00,00,00,00,00,00,00,00,00,00,36,83,49,04,01,00,00,00,0403,0000,0302,00000000,0000,0000,3F,00,FF,00,00,00,00,00,00,00,00,00,00,00,00,00,00,00,00,00,00,00,00,00,00,00,00,00,00,00,00,00,00,00,00,00,00,00,00,00,00,00,00,00,00,00,00,00
17,genesis,zelda_v310,0008F2,00,00,00,00,00,00,00,00,00,00,EB,83,94,03,01,00,00,00,0403,0000,0302,00000000,0000,0000,3F,00,FF,00,00,00,00,00,00,00,00,00,00,00,00,00,00,00,00,00,00,00,00,00,00,00,00,00,00,00,00,00,00,00,00,00,00,00,00,00,00,00,00,00,00,00,00,00
18,genesis,zelda_v310,0071B6,00,00,00,00,00,00,00,00,00,00,A0,84,E0,02,01,00,00,00,0403,0000,0302,00000000,0000,0000,3F,00,FF,00,00,00,00,00,00,00,00,00,00,00,00,00,00,00,00,00,00,00,00,00,00,00,00,00,00,00,00,00,00,00,00,00,00,00,00,00,00,00,00,00,00,00,00,00
19,genesis,zelda_v310,0008FA,00,00,00,00,00,00,00,00,00,00,54,85,2B,02,01,00,00,00,0403,0000,0302,00000000,0000,0000,3F,00,FF,00,00,00,00,00,00,00,00,00,00,00,00,00,00,00,00,00,00,00,00,00,00,00,00,00,00,00,00,00,00,00,00,00,00,00,00,00,00,00,00,00,00,00,00,00
20,genesis,zelda_v310,0008BE,00,00,00,00,00,00,00,00,00,00,09,86,76,01,01,00,00,00,0403,0000,0302,00000000,0000,0000,3F,00,FF,00,00,00,00,00,00,00,00,00,00,00,00,00,00,00,00,00,00,00,00,00,00,00,00,00,00,00,00,00,00,00,00,00,00,00,00,00,00,00,00,00,00,00,00,00
21,genesis,zelda_v310,0071A0,00,00,00,00,00,00,00,00,00,00,BE,86,C2,00,01,00,00,00,0403,0000,0302,00000000,0000,0000,3F,00,FF,00,00,00,00,00,00,00,00,00,00,00,00,00,00,00,00,00,00,00,00,00,00,00,00,00,00,00,00,00,00,00,00,00,00,00,00,00,00,00,00,00,00,00,00,00
22,genesis,zelda_v310,000C0C,00,00,00,00,00,00,00,00,00,00,72,87,0D,00,01,00,00,00,0403,0000,0302,00000000,0000,0000,3F,00,FF,00,00,00,00,00,00,00,00,00,00,00,00,00,00,00,00,00,00,00,00,00,00,00,00,00,00,00,00,00,00,00,00,00,00,00,00,00,00,00,00,00,00,00,00,00
23,genesis,zelda_v310,0008FA,00,00,00,00,00,00,00,00,00,00,25,88,5A,06,01,00,00,00,0403,0000,0302,00000000,0000,0000,3F,00,FF,00,00,00,00,00,00,00,00,00,00,00,00,00,00,00,00,00,00,00,00,00,00,00,00,00,00,00,00,00,00,00,00,00,00,00,00,00,00,00,00,00,00,00,00,00
24,genesis,zelda_v310,0008BE,00,00,00,00,00,00,00,00,00,00,DA,88,A5,05,01,00,00,00,0403,0000,0302,00000000,0000,0000,3F,00,FF,00,00,00,00,00,00,00,00,00,00,00,00,00,00,00,00,00,00,00,00,00,00,00,00,00,00,00,00,00,00,00,00,00,00,00,00,00,00,00,00,00,00,00,00,00
25,genesis,zelda_v310,0071A0,00,00,00,00,00,00,00,00,00,00,8F,89,F1,04,01,00,00,00,0403,0000,0302,00000000,0000,0000,3F,00,FF,00,00,00,00,00,00,00,00,00,00,00,00,00,00,00,00,00,00,00,00,00,00,00,00,00,00,00,00,00,00,00,00,00,00,00,00,00,00,00,00,00,00,00,00,00
26,genesis,zelda_v310,000C10,00,00,00,00,00,00,00,00,00,00,43,8A,3C,04,01,00,00,00,0403,0000,0302,00000000,0000,0000,3F,00,FF,00,00,00,00,00,00,00,00,00,00,00,00,00,00,00,00,00,00,00,00,00,00,00,00,00,00,00,00,00,00,00,00,00,00,00,00,00,00,00,00,00,00,00,00,00
27,genesis,zelda_v310,00717E,00,00,00,00,00,00,00,00,00,00,F8,8A,87,03,01,00,00,00,0403,0000,0302,00000000,0000,0000,3F,00,FF,00,00,00,00,00,00,00,00,00,00,00,00,00,00,00,00,00,00,00,00,00,00,00,00,00,00,00,00,00,00,00,00,00,00,00,00,00,00,00,00,00,00,00,00,00
28,genesis,zelda_v310,000B06,00,00,00,00,00,00,00,00,00,00,AC,8B,D3,02,01,00,00,00,0403,0000,0302,00000000,0000,0000,3F,00,FF,00,00,00,00,00,00,00,00,00,00,00,00,00,00,00,00,00,00,00,00,00,00,00,00,00,00,00,00,00,00,00,00,00,00,00,00,00,00,00,00,00,00,00,00,00
29,genesis,zelda_v310,0008F2,00,00,00,00,00,00,00,00,00,00,61,8C,1E,02,01,00,00,00,0403,0000,0302,00000000,0000,0000,3F,00,FF,00,00,00,00,00,00,00,00,00,00,00,00,00,00,00,00,00,00,00,00,00,00,00,00,00,00,00,00,00,00,00,00,00,00,00,00,00,00,00,00,00,00,00,00,00
30,genesis,zelda_v310,0071C2,00,00,00,00,00,00,00,00,00,00,16,8D,69,01,01,00,00,00,0403,0000,0302,00000000,0000,0000,3F,00,FF,00,00,00,00,00,00,00,00,00,00,00,00,00,00,00,00,00,00,00,00,00,00,00,00,00,00,00,00,00,00,00,00,00,00,00,00,00,00,00,00,00,00,00,00,00
31,genesis,zelda_v310,000AE8,00,00,00,00,00,00,00,00,00,00,CA,8D,B5,00,01,00,00,00,0403,0000,0302,00000000,0000,0000,3F,00,FF,00,00,00,00,00,00,00,00,00,00,00,00,00,00,00,00,00,00,00,00,00,00,00,00,00,00,00,00,00,00,00,00,00,00,00,00,00,00,00,00,00,00,00,00,00
32,genesis,zelda_v310,007104,00,00,00,00,00,00,00,00,00,00,7F,8E,00,00,01,00,00,00,0403,0000,0302,00000000,0000,0000,3F,00,FF,00,00,00,00,00,00,00,00,00,00,00,00,00,00,00,00,00,00,00,00,00,00,00,00,00,00,00,00,00,00,00,00,00,00,00,00,00,00,00,00,00,00,00,00,00
33,genesis,zelda_v310,000B68,00,00,00,00,00,00,00,00,00,00,1A,8F,45,00,01,00,00,00,0403,0000,0302,00000000,0000,0000,3F,00,FF,00,00,00,00,00,00,00,00,00,00,00,00,00,00,00,00,00,00,00,00,00,00,00,00,00,00,00,00,00,00,00,00,00,00,00,00,00,00,00,00,00,00,00,00,00
34,genesis,zelda_v310,0007CE,00,00,00,00,00,00,00,00,00,00,00,03,FF,01,01,00,00,00,0203,0000,0302,00000000,0000,0000,3F,00,FF,00,00,00,00,00,00,00,00,00,00,00,00,00,00,00,00,00,00,00,00,00,00,00,00,00,00,00,00,00,00,00,00,00,00,00,00,00,00,00,00,00,00,00,00,00
35,genesis,zelda_v310,000B9C,00,00,00,00,00,00,00,00,00,00,20,24,00,01,01,00,00,00,0403,0000,0302,00000000,0000,0000,3F,00,FF,00,00,00,00,00,00,00,00,00,00,00,00,00,00,00,00,00,00,00,00,00,00,00,00,00,00,00,00,00,F8,00,00,00,F8,00,00,00,F8,00,00,00,F8,00,00,00
36,genesis,zelda_v310,000B84,00,00,00,00,00,00,00,00,00,00,20,24,00,01,01,00,00,00,0403,0000,0302,00000000,0000,0000,3F,00,FF,00,00,00,00,00,00,00,00,00,00,00,00,00,00,00,00,00,00,00,00,00,00,00,00,00,00,00,00,00,F8,00,00,00,F8,00,00,00,F8,00,00,00,F8,00,00,00
37,genesis,zelda_v310,000B68,00,00,00,00,00,00,00,00,00,00,20,24,00,01,01,00,00,00,0403,0000,0302,00000000,0000,0000,3F,00,FF,00,00,00,00,00,00,00,00,00,00,00,00,00,00,00,00,00,00,00,00,00,00,00,00,00,00,00,00,00,F8,00,00,00,F8,00,00,00,F8,00,00,00,F8,00,00,00
38,genesis,zelda_v310,0008E0,00,00,00,00,00,00,00,00,00,00,20,24,00,01,01,00,00,00,0403,0000,0302,00000000,0000,0000,3F,00,FF,00,00,00,00,00,00,00,00,00,00,00,00,00,00,00,00,00,00,00,00,00,00,00,00,00,00,00,00,00,F8,00,00,00,F8,00,00,00,F8,00,00,00,F8,00,00,00
39,genesis,zelda_v310,0008D4,00,00,00,00,00,00,00,00,00,00,20,24,00,01,01,00,00,00,0403,0000,0302,00000000,0000,0000,3F,00,FF,00,00,00,00,00,00,00,00,00,00,00,00,00,00,00,00,00,00,00,00,00,00,00,00,00,00,00,00,00,F8,00,00,00,F8,00,00,00,F8,00,00,00,F8,00,00,00
40,genesis,zelda_v310,000B68,00,00,00,00,00,00,00,00,00,00,28,24,00,01,01,00,00,00,0403,0000,0302,00000000,0000,0000,3F,00,FF,00,00,00,00,00,00,00,00,00,00,00,00,00,00,00,00,00,00,00,00,00,00,00,00,00,00,00,00,00,F8,00,00,00,F8,00,00,00,F8,00,00,00,F8,00,00,00
41,genesis,zelda_v310,000AEE,00,00,00,00,00,00,00,00,00,00,28,24,00,01,01,00,00,00,0403,0000,0302,00000000,0000,0000,3F,00,FF,00,00,00,00,00,00,00,00,00,00,00,00,00,00,00,00,00,00,00,00,00,00,00,00,00,00,00,00,00,F8,00,00,00,F8,00,00,00,F8,00,00,00,F8,00,00,00
42,genesis,zelda_v310,0008E0,00,00,00,00,00,00,00,00,00,00,28,24,00,01,01,00,00,00,0403,0000,0302,00000000,0000,0000,3F,00,FF,00,00,00,00,00,00,00,00,00,00,00,00,00,00,00,00,00,00,00,00,00,00,00,00,00,00,00,00,00,F8,00,00,00,F8,00,00,00,F8,00,00,00,F8,00,00,00
43,genesis,zelda_v310,0008E8,00,00,00,00,00,00,00,00,00,00,28,24,00,01,01,00,00,00,0403,0000,0302,00000000,0000,0000,3F,00,FF,00,00,00,00,00,00,00,00,00,00,00,00,00,00,00,00,00,00,00,00,00,00,00,00,00,00,00,00,00,F8,00,00,00,F8,00,00,00,F8,00,00,00,F8,00,00,00
44,genesis,zelda_v310,0169E6,00,00,00,00,00,00,00,00,00,00,00,06,FF,01,01,00,00,00,0203,0000,0302,00000000,0000,0000,23,23,FF,00,20,36,0F,00,10,36,17,27,0F,36,08,1A,28,36,30,3B,22,36,30,3B,16,36,17,27,0F,36,08,1A,F8,00,00,00,F8,00,00,00,F8,00,00,00,F8,00,00,00
45,genesis,zelda_v310,000DFC,00,00,00,00,00,00,00,00,00,00,00,03,FF,01,01,00,00,00,0313,0000,0302,00000000,0000,0000,3F,00,FF,00,20,36,0F,00,10,36,17,27,0F,36,08,1A,28,36,30,3B,22,36,30,3B,16,36,17,27,0F,36,08,1A,F8,00,00,00,F8,00,00,00,F8,00,00,00,F8,00,00,00
46,genesis,zelda_v310,000E28,00,00,00,00,00,00,00,00,00,00,00,03,FF,01,01,00,00,00,0313,0000,0302,00000000,0000,0000,3F,00,FF,00,20,36,0F,00,10,36,17,27,0F,36,08,1A,28,36,30,3B,22,36,30,3B,16,36,17,27,0F,36,08,1A,F8,00,00,00,F8,00,00,00,F8,00,00,00,F8,00,00,00
47,genesis,zelda_v310,000DD8,00,00,00,00,00,00,00,00,00,00,00,03,FF,01,01,00,00,00,0313,0000,0302,00000000,0000,0000,3F,00,FF,00,20,36,0F,00,10,36,17,27,0F,36,08,1A,28,36,30,3B,22,36,30,3B,16,36,17,27,0F,36,08,1A,F8,00,00,00,F8,00,00,00,F8,00,00,00,F8,00,00,00
48,genesis,zelda_v310,000DE2,00,00,00,00,00,00,00,00,00,00,00,03,FF,01,01,00,00,00,0313,0000,0302,00000000,0000,0000,3F,00,FF,00,20,36,0F,00,10,36,17,27,0F,36,08,1A,28,36,30,3B,22,36,30,3B,16,36,17,27,0F,36,08,1A,F8,00,00,00,F8,00,00,00,F8,00,00,00,F8,00,00,00
49,genesis,zelda_v310,000738,00,00,00,00,00,00,00,00,00,00,00,03,FF,01,01,00,00,00,0202,0000,0302,00000000,0000,0000,3F,00,FF,00,20,36,0F,00,10,36,17,27,0F,36,08,1A,28,36,30,3B,22,36,30,3B,16,36,17,27,0F,36,08,1A,F8,00,00,00,F8,00,00,00,F8,00,00,00,F8,00,00,00
50,genesis,zelda_v310,00717C,00,00,00,00,00,00,00,00,00,00,1A,81,65,06,01,00,00,00,0403,0000,0302,00000000,0000,0000,3F,00,FF,00,20,36,0F,00,10,36,17,27,0F,36,08,1A,28,36,30,3B,22,36,30,3B,16,36,17,27,0F,36,08,1A,F8,00,00,00,F8,00,00,00,F8,00,00,00,F8,00,00,00
51,genesis,zelda_v310,000B06,00,00,00,00,00,00,00,00,00,00,CE,81,B1,05,01,00,00,00,0403,0000,0302,00000000,0000,0000,3F,00,FF,00,20,36,0F,00,10,36,17,27,0F,36,08,1A,28,36,30,3B,22,36,30,3B,16,36,17,27,0F,36,08,1A,F8,00,00,00,F8,00,00,00,F8,00,00,00,F8,00,00,00
52,genesis,zelda_v310,0008F2,00,00,00,00,00,00,00,00,00,00,83,82,FC,04,01,00,00,00,0403,0000,0302,00000000,0000,0000,3F,00,FF,00,20,36,0F,00,10,36,17,27,0F,36,08,1A,28,36,30,3B,22,36,30,3B,16,36,17,27,0F,36,08,1A,F8,00,00,00,F8,00,00,00,F8,00,00,00,F8,00,00,00
53,genesis,zelda_v310,0071C0,00,00,00,00,00,00,00,00,00,00,38,83,47,04,01,00,00,00,0403,0000,0302,00000000,0000,0000,3F,00,FF,00,20,36,0F,00,10,36,17,27,0F,36,08,1A,28,36,30,3B,22,36,30,3B,16,36,17,27,0F,36,08,1A,F8,00,00,00,F8,00,00,00,F8,00,00,00,F8,00,00,00
54,genesis,zelda_v310,0008FA,00,00,00,00,00,00,00,00,00,00,EC,83,93,03,01,00,00,00,0403,0000,0302,00000000,0000,0000,3F,00,FF,00,20,36,0F,00,10,36,17,27,0F,36,08,1A,28,36,30,3B,22,36,30,3B,16,36,17,27,0F,36,08,1A,F8,00,00,00,F8,00,00,00,F8,00,00,00,F8,00,00,00
55,genesis,zelda_v310,0008C4,00,00,00,00,00,00,00,00,00,00,A1,84,DE,02,01,00,00,00,0403,0000,0302,00000000,0000,0000,3F,00,FF,00,20,36,0F,00,10,36,17,27,0F,36,08,1A,28,36,30,3B,22,36,30,3B,16,36,17,27,0F,36,08,1A,F8,00,00,00,F8,00,00,00,F8,00,00,00,F8,00,00,00
56,genesis,zelda_v310,0071A6,00,00,00,00,00,00,00,00,00,00,56,85,2A,02,01,00,00,00,0403,0000,0302,00000000,0000,0000,3F,00,FF,00,20,36,0F,00,10,36,17,27,0F,36,08,1A,28,36,30,3B,22,36,30,3B,16,36,17,27,0F,36,08,1A,F8,00,00,00,F8,00,00,00,F8,00,00,00,F8,00,00,00
57,genesis,zelda_v310,0008F6,00,00,00,00,00,00,00,00,00,00,0A,86,75,01,01,00,00,00,0403,0000,0302,00000000,0000,0000,3F,00,FF,00,20,36,0F,00,10,36,17,27,0F,36,08,1A,28,36,30,3B,22,36,30,3B,16,36,17,27,0F,36,08,1A,F8,00,00,00,F8,00,00,00,F8,00,00,00,F8,00,00,00
58,genesis,zelda_v310,007184,00,00,00,00,00,00,00,00,00,00,BF,86,C0,00,01,00,00,00,0403,0000,0302,00000000,0000,0000,3F,00,FF,00,20,36,0F,00,10,36,17,27,0F,36,08,1A,28,36,30,3B,22,36,30,3B,16,36,17,27,0F,36,08,1A,F8,00,00,00,F8,00,00,00,F8,00,00,00,F8,00,00,00
59,genesis,zelda_v310,0008FE,00,00,00,00,00,00,00,00,00,00,73,87,0C,00,01,00,00,00,0403,0000,0302,00000000,0000,0000,3F,00,FF,00,20,36,0F,00,10,36,17,27,0F,36,08,1A,28,36,30,3B,22,36,30,3B,16,36,17,27,0F,36,08,1A,F8,00,00,00,F8,00,00,00,F8,00,00,00,F8,00,00,00
60,genesis,zelda_v310,0071AE,00,00,00,00,00,00,00,00,00,00,27,88,59,06,01,00,00,00,0403,0000,0302,00000000,0000,0000,3F,00,FF,00,20,36,0F,00,10,36,17,27,0F,36,08,1A,28,36,30,3B,22,36,30,3B,16,36,17,27,0F,36,08,1A,F8,00,00,00,F8,00,00,00,F8,00,00,00,F8,00,00,00
61,genesis,zelda_v310,0008FA,00,00,00,00,00,00,00,00,00,00,DB,88,A4,05,01,00,00,00,0403,0000,0302,00000000,0000,0000,3F,00,FF,00,20,36,0F,00,10,36,17,27,0F,36,08,1A,28,36,30,3B,22,36,30,3B,16,36,17,27,0F,36,08,1A,F8,00,00,00,F8,00,00,00,F8,00,00,00,F8,00,00,00
62,genesis,zelda_v310,007184,00,00,00,00,00,00,00,00,00,00,90,89,EF,04,01,00,00,00,0403,0000,0302,00000000,0000,0000,3F,00,FF,00,20,36,0F,00,10,36,17,27,0F,36,08,1A,28,36,30,3B,22,36,30,3B,16,36,17,27,0F,36,08,1A,F8,00,00,00,F8,00,00,00,F8,00,00,00,F8,00,00,00
63,genesis,zelda_v310,007194,00,00,00,00,00,00,00,00,00,00,44,8A,3B,04,01,00,00,00,0403,0000,0302,00000000,0000,0000,3F,00,FF,00,20,36,0F,00,10,36,17,27,0F,36,08,1A,28,36,30,3B,22,36,30,3B,16,36,17,27,0F,36,08,1A,F8,00,00,00,F8,00,00,00,F8,00,00,00,F8,00,00,00
64,genesis,zelda_v310,0008F2,00,00,00,00,00,00,00,00,00,00,F9,8A,86,03,01,00,00,00,0403,0000,0302,00000000,0000,0000,3F,00,FF,00,20,36,0F,00,10,36,17,27,0F,36,08,1A,28,36,30,3B,22,36,30,3B,16,36,17,27,0F,36,08,1A,F8,00,00,00,F8,00,00,00,F8,00,00,00,F8,00,00,00
65,genesis,zelda_v310,0071C8,00,00,00,00,00,00,00,00,00,00,AE,8B,D1,02,01,00,00,00,0403,0000,0302,00000000,0000,0000,3F,00,FF,00,20,36,0F,00,10,36,17,27,0F,36,08,1A,28,36,30,3B,22,36,30,3B,16,36,17,27,0F,36,08,1A,F8,00,00,00,F8,00,00,00,F8,00,00,00,F8,00,00,00
66,genesis,zelda_v310,000AEE,00,00,00,00,00,00,00,00,00,00,62,8C,1D,02,01,00,00,00,0403,0000,0302,00000000,0000,0000,3F,00,FF,00,20,36,0F,00,10,36,17,27,0F,36,08,1A,28,36,30,3B,22,36,30,3B,16,36,17,27,0F,36,08,1A,F8,00,00,00,F8,00,00,00,F8,00,00,00,F8,00,00,00
67,genesis,zelda_v310,0008D4,00,00,00,00,00,00,00,00,00,00,17,8D,68,01,01,00,00,00,0403,0000,0302,00000000,0000,0000,3F,00,FF,00,20,36,0F,00,10,36,17,27,0F,36,08,1A,28,36,30,3B,22,36,30,3B,16,36,17,27,0F,36,08,1A,F8,00,00,00,F8,00,00,00,F8,00,00,00,F8,00,00,00
68,genesis,zelda_v310,0071B0,00,00,00,00,00,00,00,00,00,00,CC,8D,B4,00,01,00,00,00,0403,0000,0302,00000000,0000,0000,3F,00,FF,00,20,36,0F,00,10,36,17,27,0F,36,08,1A,28,36,30,3B,22,36,30,3B,16,36,17,27,0F,36,08,1A,F8,00,00,00,F8,00,00,00,F8,00,00,00,F8,00,00,00
69,genesis,zelda_v310,007170,00,00,00,00,00,00,00,00,00,00,7F,8E,E0,00,01,00,00,00,0403,0000,0302,00000000,0000,0000,3F,00,FF,00,20,36,0F,00,10,36,17,27,0F,36,08,1A,28,36,30,3B,22,36,30,3B,16,36,17,27,0F,36,08,1A,F8,00,00,00,F8,00,00,00,F8,00,00,00,F8,00,00,00
70,genesis,zelda_v310,00717E,00,00,00,00,00,00,00,00,00,00,0F,8F,50,00,01,00,00,00,0403,0000,0302,00000000,0000,0000,3F,00,FF,00,20,36,0F,00,10,36,17,27,0F,36,08,1A,28,36,30,3B,22,36,30,3B,16,36,17,27,0F,36,08,1A,F8,00,00,00,F8,00,00,00,F8,00,00,00,F8,00,00,00
71,genesis,zelda_v310,000E16,00,00,00,00,00,00,00,00,00,00,00,03,FF,01,01,00,00,00,0421,0000,0302,00000000,0000,0000,3F,00,FF,00,20,36,0F,00,10,36,17,27,0F,36,08,1A,28,36,30,3B,22,36,30,3B,16,36,17,27,0F,36,08,1A,F8,00,00,00,F8,00,00,00,F8,00,00,00,F8,00,00,00
72,genesis,zelda_v310,000DE8,00,00,00,00,00,00,00,00,00,00,00,03,FF,01,01,00,00,00,0421,0000,0302,00000000,0000,0000,3F,00,FF,00,20,36,0F,00,10,36,17,27,0F,36,08,1A,28,36,30,3B,22,36,30,3B,16,36,17,27,0F,36,08,1A,F8,00,00,00,F8,00,00,00,F8,00,00,00,F8,00,00,00
73,genesis,zelda_v310,000B26,00,00,00,00,00,00,00,00,00,00,00,03,FF,01,01,00,00,00,0421,0000,0302,00000000,0000,0000,3F,00,FF,00,20,36,0F,00,10,36,17,27,0F,36,08,1A,28,36,30,3B,22,36,30,3B,16,36,17,27,0F,36,08,1A,F8,00,00,00,F8,00,00,00,F8,00,00,00,F8,00,00,00
74,genesis,zelda_v310,000DBC,00,00,00,00,00,00,00,00,00,00,00,03,FF,01,01,00,00,00,0421,0000,0302,00000000,0000,0000,3F,00,FF,00,20,36,0F,00,10,36,17,27,0F,36,08,1A,28,36,30,3B,22,36,30,3B,16,36,17,27,0F,36,08,1A,F8,00,00,00,F8,00,00,00,F8,00,00,00,F8,00,00,00
75,genesis,zelda_v310,000E1E,00,00,00,00,00,00,00,00,00,00,00,03,FF,01,01,00,00,00,0421,0000,0302,00000000,0000,0000,3F,00,FF,00,20,36,0F,00,10,36,17,27,0F,36,08,1A,28,36,30,3B,22,36,30,3B,16,36,17,27,0F,36,08,1A,F8,00,00,00,F8,00,00,00,F8,00,00,00,F8,00,00,00
76,genesis,zelda_v310,0008E8,00,00,00,00,00,00,00,00,00,00,20,24,00,00,00,00,00,00,0403,0000,0302,00000000,0000,0000,3F,00,FF,00,20,36,0F,00,10,36,17,27,0F,36,08,1A,28,36,30,3B,22,36,30,3B,16,36,17,27,0F,36,08,1A,F8,00,00,00,F8,00,00,00,F8,00,00,00,F8,00,00,00
77,genesis,zelda_v310,0008D6,00,00,00,00,00,00,00,00,00,00,20,24,00,01,01,00,00,00,0403,0000,0302,00000000,0004,0000,3F,00,FF,00,20,36,0F,00,10,36,17,27,0F,36,08,1A,28,36,30,3B,22,36,30,3B,16,36,17,27,0F,36,08,1A,F8,00,00,00,F8,00,00,00,F8,00,00,00,F8,00,00,00
78,genesis,zelda_v310,0008E0,00,00,00,00,00,00,00,00,00,00,20,24,00,01,01,00,00,00,0403,0000,0302,00000000,0004,0000,3F,00,FF,00,20,36,0F,00,10,36,17,27,0F,36,08,1A,28,36,30,3B,22,36,30,3B,16,36,17,27,0F,36,08,1A,F8,00,00,00,F8,00,00,00,F8,00,00,00,F8,00,00,00
79,genesis,zelda_v310,0008E8,00,00,00,00,00,00,00,00,00,00,20,24,00,01,01,00,00,00,0403,0000,0302,00000000,0004,0000,3F,00,FF,00,20,36,0F,00,10,36,17,27,0F,36,08,1A,28,36,30,3B,22,36,30,3B,16,36,17,27,0F,36,08,1A,F8,00,00,00,F8,00,00,00,F8,00,00,00,F8,00,00,00
80,genesis,zelda_v310,0008DA,00,00,00,00,00,00,00,00,00,00,20,24,00,01,01,00,00,00,0403,0000,0302,00000000,0004,0000,3F,00,FF,00,20,36,0F,00,10,36,17,27,0F,36,08,1A,28,36,30,3B,22,36,30,3B,16,36,17,27,0F,36,08,1A,F8,00,00,00,F8,00,00,00,F8,00,00,00,F8,00,00,00
81,genesis,zelda_v310,0008D0,00,00,00,00,00,00,00,00,00,00,28,24,00,01,01,00,00,00,0403,0000,0302,00000000,0004,0000,3F,00,FF,00,20,36,0F,00,10,36,17,27,0F,36,08,1A,28,36,30,3B,22,36,30,3B,16,36,17,27,0F,36,08,1A,F8,00,00,00,F8,00,00,00,F8,00,00,00,F8,00,00,00
82,genesis,zelda_v310,000BC2,00,00,00,00,00,00,00,00,00,00,28,24,00,01,01,00,00,00,0403,0000,0302,00000000,0004,0000,3F,00,FF,00,20,36,0F,00,10,36,17,27,0F,36,08,1A,28,36,30,3B,22,36,30,3B,16,36,17,27,0F,36,08,1A,F8,00,00,00,F8,00,00,00,F8,00,00,00,F8,00,00,00
83,genesis,zelda_v310,0008BE,00,00,00,00,00,00,00,00,00,00,28,24,00,01,01,00,00,00,0403,0000,0302,00000000,0004,0000,3F,00,FF,00,20,36,0F,00,10,36,17,27,0F,36,08,1A,28,36,30,3B,22,36,30,3B,16,36,17,27,0F,36,08,1A,F8,00,00,00,F8,00,00,00,F8,00,00,00,F8,00,00,00
84,genesis,zelda_v310,000B80,00,00,00,00,00,00,00,00,00,00,28,24,00,01,01,00,00,00,0403,0000,0302,00000000,0004,0000,3F,00,FF,00,20,36,0F,00,10,36,17,27,0F,36,08,1A,28,36,30,3B,22,36,30,3B,16,36,17,27,0F,36,08,1A,F8,00,00,00,F8,00,00,00,F8,00,00,00,F8,00,00,00
85,genesis,zelda_v310,0008EC,00,00,00,00,00,00,00,00,00,00,28,24,00,01,01,00,00,00,0403,0000,0302,00000000,0004,0000,3F,00,FF,00,20,36,0F,00,10,36,17,27,0F,36,08,1A,28,36,30,3B,22,36,30,3B,16,36,17,27,0F,36,08,1A,F8,00,00,00,F8,00,00,00,F8,00,00,00,F8,00,00,00
86,genesis,zelda_v310,000B72,00,00,00,00,00,00,00,00,00,00,00,03,FF,01,01,00,00,00,0203,0000,0302,00000000,0008,0000,23,23,FF,00,20,36,0F,00,10,36,17,27,0F,36,08,1A,28,36,30,3B,22,36,30,3B,16,36,17,27,0F,36,08,1A,F8,00,00,00,F8,00,00,00,F8,00,00,00,F8,00,00,00
87,genesis,zelda_v310,0008C4,01,00,00,10,00,00,00,00,00,00,00,03,FF,01,01,00,00,00,0203,0000,0302,00000000,0008,0000,3F,00,FF,00,20,36,0F,00,10,36,17,27,0F,36,08,1A,28,36,30,3B,22,36,30,3B,16,36,17,27,0F,36,08,1A,F8,00,00,00,F8,00,00,00,F8,00,00,00,F8,00,00,00
88,genesis,zelda_v310,000736,01,00,00,10,00,00,00,00,00,00,00,03,FF,01,01,00,00,00,0403,0010,A869,00017A09,0008,0000,3F,00,FF,00,20,36,0F,00,10,36,17,27,0F,36,08,1A,28,36,30,3B,22,36,30,3B,16,36,17,27,0F,36,08,1A,F8,00,00,00,F8,00,00,00,F8,00,00,00,F8,00,00,00
89,genesis,zelda_v310,0008D6,01,00,00,10,00,00,00,00,00,00,00,03,FF,01,01,00,00,00,0403,0010,A869,00017A09,0008,0000,3F,00,FF,00,20,36,0F,00,10,36,17,27,0F,36,08,1A,28,36,30,3B,22,36,30,3B,16,36,17,27,0F,36,08,1A,F8,00,00,00,F8,00,00,00,F8,00,00,00,F8,00,00,00
90,genesis,zelda_v310,000B82,01,00,00,10,00,00,00,00,00,00,00,03,FF,01,01,00,00,00,0403,0010,A869,00017A09,0008,0000,3F,00,FF,00,20,36,0F,00,10,36,17,27,0F,36,08,1A,28,36,30,3B,22,36,30,3B,16,36,17,27,0F,36,08,1A,F8,00,00,00,F8,00,00,00,F8,00,00,00,F8,00,00,00
91,genesis,zelda_v310,000AE8,01,00,00,10,00,00,00,00,00,00,00,03,FF,01,01,00,00,00,0403,0010,A869,00017A09,0008,0000,3F,00,FF,00,20,36,0F,00,10,36,17,27,0F,36,08,1A,28,36,30,3B,22,36,30,3B,16,36,17,27,0F,36,08,1A,F8,00,00,00,F8,00,00,00,F8,00,00,00,F8,00,00,00
92,genesis,zelda_v310,000C00,01,00,00,10,00,00,00,00,00,00,00,03,FF,01,01,00,00,00,0403,0010,A869,00017A09,0008,0000,3F,00,FF,00,20,36,0F,00,10,36,17,27,0F,36,08,1A,28,36,30,3B,22,36,30,3B,16,36,17,27,0F,36,08,1A,F8,00,00,00,F8,00,00,00,F8,00,00,00,F8,00,00,00
93,genesis,zelda_v310,000B8E,01,00,00,10,00,00,00,00,00,00,00,03,FF,01,01,00,00,00,0403,0010,A869,00017A09,0008,0000,3F,00,FF,00,20,36,0F,00,10,36,17,27,0F,36,08,1A,28,36,30,3B,22,36,30,3B,16,36,17,27,0F,36,08,1A,F8,00,00,00,F8,00,00,00,F8,00,00,00,F8,00,00,00
94,genesis,zelda_v310,000AE8,01,00,00,10,00,00,00,00,00,00,00,03,FF,01,01,00,00,00,0403,0010,A869,00017A09,0008,0000,3F,00,FF,00,20,36,0F,00,10,36,17,27,0F,36,08,1A,28,36,30,3B,22,36,30,3B,16,36,17,27,0F,36,08,1A,F8,00,00,00,F8,00,00,00,F8,00,00,00,F8,00,00,00
95,genesis,zelda_v310,0008CE,01,00,00,10,00,00,00,00,00,00,00,03,FF,01,01,00,00,00,0403,0010,A869,00017A09,0008,0000,3F,00,FF,00,20,36,0F,00,10,36,17,27,0F,36,08,1A,28,36,30,3B,22,36,30,3B,16,36,17,27,0F,36,08,1A,F8,00,00,00,F8,00,00,00,F8,00,00,00,F8,00,00,00
96,genesis,zelda_v310,000B84,01,00,00,10,00,00,00,00,00,00,00,03,FF,01,01,00,00,00,0403,0010,A869,00017A09,0008,0000,3F,00,FF,00,20,36,0F,00,10,36,17,27,0F,36,08,1A,28,36,30,3B,22,36,30,3B,16,36,17,27,0F,36,08,1A,F8,00,00,00,F8,00,00,00,F8,00,00,00,F8,00,00,00
97,genesis,zelda_v310,0008D6,01,00,00,10,00,00,00,00,00,00,00,03,FF,01,01,00,00,00,0403,0010,A869,00017A09,0008,0000,3F,00,FF,00,20,36,0F,00,10,36,17,27,0F,36,08,1A,28,36,30,3B,22,36,30,3B,16,36,17,27,0F,36,08,1A,F8,00,00,00,F8,00,00,00,F8,00,00,00,F8,00,00,00
98,genesis,zelda_v310,0008FA,01,00,00,10,00,00,00,00,00,00,00,03,FF,01,01,00,00,00,0403,0010,A869,00017A09,0008,0000,3F,00,FF,00,20,36,0F,00,10,36,17,27,0F,36,08,1A,28,36,30,3B,22,36,30,3B,16,36,17,27,0F,36,08,1A,F8,00,00,00,F8,00,00,00,F8,00,00,00,F8,00,00,00
99,genesis,zelda_v310,0008C4,01,00,00,10,00,00,00,00,00,00,00,03,FF,01,01,00,00,00,0403,0010,A869,00017A09,0008,0000,3F,00,FF,00,20,36,0F,00,10,36,17,27,0F,36,08,1A,28,36,30,3B,22,36,30,3B,16,36,17,27,0F,36,08,1A,F8,00,00,00,F8,00,00,00,F8,00,00,00,F8,00,00,00
100,genesis,zelda_v310,000DD8,01,00,00,00,00,00,00,01,C8,C0,02,03,00,01,01,B2,00,00,0403,0000,0302,00000000,000C,0000,3F,00,FF,00,20,36,0F,20,10,36,17,27,0F,36,08,1A,28,36,30,3B,22,36,30,3B,16,36,17,27,0F,36,08,1A,F8,00,00,00,F8,00,00,00,F8,00,00,00,F8,00,00,00
101,genesis,zelda_v310,000DF8,01,00,00,00,00,00,00,01,C8,C0,02,03,00,01,01,B2,00,00,0403,0000,0302,00000000,000C,0000,3F,00,FF,00,20,36,0F,20,10,36,17,27,0F,36,08,1A,28,36,30,3B,22,36,30,3B,16,36,17,27,0F,36,08,1A,F8,00,00,00,F8,00,00,00,F8,00,00,00,F8,00,00,00
102,genesis,zelda_v310,000DBA,01,00,00,00,00,00,00,01,C8,C0,02,03,00,01,01,B2,00,00,0403,0000,0302,00000000,000C,0000,3F,00,FF,00,20,36,0F,20,10,36,17,27,0F,36,08,1A,28,36,30,3B,22,36,30,3B,16,36,17,27,0F,36,08,1A,F8,00,00,00,F8,00,00,00,F8,00,00,00,F8,00,00,00
103,genesis,zelda_v310,000DCA,01,00,00,00,00,00,00,01,C8,C0,02,03,00,01,01,B2,00,00,0403,0000,0302,00000000,000C,0000,3F,00,FF,00,20,36,0F,20,10,36,17,27,0F,36,08,1A,28,36,30,3B,22,36,30,3B,16,36,17,27,0F,36,08,1A,F8,00,00,00,F8,00,00,00,F8,00,00,00,F8,00,00,00
104,genesis,zelda_v310,000E2E,01,00,00,00,00,00,00,01,C8,C0,02,03,00,01,01,B2,00,00,0403,0000,0302,00000000,000C,0000,3F,00,FF,00,20,36,0F,20,10,36,17,27,0F,36,08,1A,28,36,30,3B,22,36,30,3B,16,36,17,27,0F,36,08,1A,F8,00,00,00,F8,00,00,00,F8,00,00,00,F8,00,00,00
105,genesis,zelda_v310,005060,01,00,00,00,00,00,00,01,B2,C0,02,03,FF,01,01,B2,00,00,0476,0000,0302,00000000,000F,0000,3F,00,FF,00,20,36,0F,20,10,36,17,27,0F,36,08,1A,28,36,30,3B,22,36,30,3B,16,36,17,27,0F,36,08,1A,F8,00,00,00,F8,00,00,00,F8,00,00,00,F8,00,00,00
106,genesis,zelda_v310,0008FA,01,00,00,00,00,00,00,01,B2,C0,10,03,00,01,01,B2,00,00,0203,0000,0302,00000000,0016,0000,3F,00,FF,00,20,36,0F,20,10,36,17,27,0F,36,08,1A,28,36,30,3B,22,36,30,3B,16,36,17,27,0F,36,08,1A,F8,00,00,00,F8,00,00,00,F8,00,00,00,F8,00,00,00
107,genesis,zelda_v310,0008F2,01,00,00,00,00,00,00,01,B2,C0,10,03,00,01,01,B2,00,00,0203,0000,0302,00000000,001A,0000,3F,00,FF,00,20,36,0F,20,10,36,17,27,0F,36,08,1A,28,36,30,3B,22,36,30,3B,16,36,17,27,0F,36,08,1A,F8,00,00,00,F8,00,00,00,F8,00,00,00,F8,00,00,00
108,genesis,zelda_v310,0008FA,01,00,00,00,00,00,00,01,B2,C0,10,03,00,01,01,B2,00,00,0203,0000,0302,00000000,001D,0000,3F,00,FF,00,20,36,0F,20,10,36,17,27,0F,36,08,1A,28,36,30,3B,22,36,30,3B,16,36,17,27,0F,36,08,1A,F8,00,00,00,F8,00,00,00,F8,00,00,00,F8,00,00,00
109,genesis,zelda_v310,000E04,01,00,00,00,00,00,00,01,B2,C0,28,24,00,01,01,B2,00,00,0403,0000,0302,00000000,0021,0000,3F,00,FF,00,20,36,0F,7C,10,36,17,27,0F,36,08,1A,28,36,30,3B,22,36,30,3B,16,36,17,27,0F,36,08,1A,F8,00,00,00,F8,00,00,00,F8,00,00,00,F8,00,00,00
110,genesis,zelda_v310,000C06,01,00,00,00,00,00,00,01,B2,C0,10,03,00,01,01,B2,00,00,0203,0000,0302,00000000,0024,0018,3F,00,FF,00,20,36,0F,7C,10,36,17,27,0F,36,08,1A,28,36,30,3B,22,36,30,3B,16,36,17,27,0F,36,08,1A,F8,00,00,00,F8,00,00,00,F8,00,00,00,F8,00,00,00
111,genesis,zelda_v310,000B06,01,00,00,00,00,00,00,01,B2,C0,10,03,00,01,01,B2,00,00,0203,0000,0302,00000000,0028,0018,3F,00,FF,00,20,36,0F,7C,10,36,17,27,0F,36,08,1A,28,36,30,3B,22,36,30,3B,16,36,17,27,0F,36,08,1A,F8,00,00,00,F8,00,00,00,F8,00,00,00,F8,00,00,00
112,genesis,zelda_v310,000AFC,01,00,00,00,00,00,00,01,B2,C0,10,03,00,01,01,B2,00,00,0203,0000,0302,00000000,002B,0018,3F,00,FF,00,20,36,0F,7C,10,36,17,27,0F,36,08,1A,28,36,30,3B,22,36,30,3B,16,36,17,27,0F,36,08,1A,F8,00,00,00,F8,00,00,00,F8,00,00,00,F8,00,00,00
113,genesis,zelda_v310,0008F2,01,00,00,00,00,00,00,01,B2,C0,10,03,00,01,01,B2,00,00,0203,0000,0302,00000000,002F,0018,3F,00,FF,00,20,36,0F,7C,10,36,17,27,0F,36,08,1A,28,36,30,3B,22,36,30,3B,16,36,17,27,0F,36,08,1A,F8,00,00,00,F8,00,00,00,F8,00,00,00,F8,00,00,00
114,genesis,zelda_v310,0008F2,01,00,00,00,00,00,00,01,B2,C0,10,03,00,01,01,B2,00,00,0203,0000,0302,00000000,0032,0018,3F,00,FF,00,20,36,0F,7C,10,36,17,27,0F,36,08,1A,28,36,30,3B,22,36,30,3B,16,36,17,27,0F,36,08,1A,F8,00,00,00,F8,00,00,00,F8,00,00,00,F8,00,00,00
115,genesis,zelda_v310,000C0C,01,00,00,00,00,00,00,01,B2,C0,10,03,00,01,01,B2,00,00,0403,0000,0302,00000000,0036,0018,3F,00,FF,00,20,36,0F,00,10,36,17,27,0F,36,08,1A,28,36,30,3B,22,36,30,3B,16,36,17,27,0F,36,08,1A,F8,00,00,00,F8,00,00,00,F8,00,00,00,F8,00,00,00
116,genesis,zelda_v310,000F34,01,00,00,00,00,00,00,01,B2,C0,10,03,00,01,01,B2,00,00,0203,0000,0302,00000000,0039,0018,3F,00,FF,00,20,36,0F,00,10,36,17,27,0F,36,08,1A,28,36,30,3B,22,36,30,3B,16,36,17,27,0F,36,08,1A,F8,00,00,00,F8,00,00,00,F8,00,00,00,F8,00,00,00
117,genesis,zelda_v310,000F34,01,00,00,00,00,00,00,01,B2,C0,10,03,00,01,01,B2,00,00,0203,0000,0302,00000000,003D,0018,3F,00,FF,00,20,36,0F,00,10,36,17,27,0F,36,08,1A,28,36,30,3B,22,36,30,3B,16,36,17,27,0F,36,08,1A,F8,00,00,00,F8,00,00,00,F8,00,00,00,F8,00,00,00
118,genesis,zelda_v310,000F34,01,00,00,00,00,00,00,01,B2,C0,10,03,00,01,01,B2,00,00,0203,0000,0302,00000000,0040,0018,3F,00,FF,00,20,36,0F,00,10,36,17,27,0F,36,08,1A,28,36,30,3B,22,36,30,3B,16,36,17,27,0F,36,08,1A,F8,00,00,00,F8,00,00,00,F8,00,00,00,F8,00,00,00
119,genesis,zelda_v310,000F34,01,00,00,00,00,00,00,01,B2,C0,10,03,00,01,01,B2,00,00,0203,0000,0302,00000000,0044,0018,3F,00,FF,00,20,36,0F,00,10,36,17,27,0F,36,08,1A,28,36,30,3B,22,36,30,3B,16,36,17,27,0F,36,08,1A,F8,00,00,00,F8,00,00,00,F8,00,00,00,F8,00,00,00
120,genesis,zelda_v310,000F34,01,00,00,00,00,00,00,01,B2,C0,10,03,00,01,01,B2,00,00,0203,0000,0302,00000000,0047,0018,3F,00,FF,00,20,36,0F,00,10,36,17,27,0F,36,08,1A,28,36,30,3B,22,36,30,3B,16,36,17,27,0F,36,08,1A,F8,00,00,00,F8,00,00,00,F8,00,00,00,F8,00,00,00
121,genesis,zelda_v310,000F34,01,00,00,00,00,00,00,01,B2,C0,10,03,00,01,01,B2,00,00,0203,0000,0302,00000000,004B,0018,3F,00,FF,00,20,36,0F,FF,10,36,17,27,0F,36,08,1A,28,36,30,3B,22,36,30,3B,16,36,17,27,0F,36,08,1A,F8,00,00,00,F8,00,00,00,F8,00,00,00,F8,00,00,00
122,genesis,zelda_v310,000F34,01,00,00,00,00,00,00,01,B2,C0,10,03,00,01,01,B2,00,00,0203,0000,0302,00000000,004E,0018,3F,00,FF,00,20,36,0F,FF,10,36,17,27,0F,36,08,1A,28,36,30,3B,22,36,30,3B,16,36,17,27,0F,36,08,1A,F8,00,00,00,F8,00,00,00,F8,00,00,00,F8,00,00,00
123,genesis,zelda_v310,000F34,01,00,00,00,00,00,00,01,B2,C0,10,03,00,01,01,B2,00,00,0203,0000,0302,00000000,0052,0018,3F,00,FF,00,20,36,0F,FF,10,36,17,27,0F,36,08,1A,28,36,30,3B,22,36,30,3B,16,36,17,27,0F,36,08,1A,F8,00,00,00,F8,00,00,00,F8,00,00,00,F8,00,00,00
124,genesis,zelda_v310,000F34,01,00,00,00,00,00,00,01,B2,C0,10,03,00,01,01,B2,00,00,0203,0000,0302,00000000,0055,0018,3F,00,FF,00,20,36,0F,FF,10,36,17,27,0F,36,08,1A,28,36,30,3B,22,36,30,3B,16,36,17,27,0F,36,08,1A,F8,00,00,00,F8,00,00,00,F8,00,00,00,F8,00,00,00
125,genesis,zelda_v310,000F34,01,00,00,00,00,00,00,01,B2,C0,10,03,00,01,01,B2,00,00,0203,0000,0302,00000000,0059,0018,3F,00,FF,00,20,36,0F,FF,10,36,17,27,0F,36,08,1A,28,36,30,3B,22,36,30,3B,16,36,17,27,0F,36,08,1A,F8,00,00,00,F8,00,00,00,F8,00,00,00,F8,00,00,00
126,genesis,zelda_v310,000F34,01,00,00,00,00,00,00,01,B2,C0,10,03,00,01,01,B2,00,00,0203,0000,0302,00000000,005C,0018,3F,00,FF,00,20,36,0F,FF,10,36,17,27,0F,36,08,1A,28,36,30,3B,22,36,30,3B,16,36,17,27,0F,36,08,1A,F8,00,00,00,F8,00,00,00,F8,00,00,00,F8,00,00,00
127,genesis,zelda_v310,000F34,01,00,00,00,00,00,00,01,B2,C0,10,03,00,01,01,B2,00,00,0203,0000,0302,00000000,0060,0018,3F,00,FF,00,20,36,0F,03,10,36,17,27,0F,36,08,1A,28,36,30,3B,22,36,30,3B,16,36,17,27,0F,36,08,1A,F8,00,00,00,F8,00,00,00,F8,00,00,00,F8,00,00,00
128,genesis,zelda_v310,000F34,01,00,00,00,00,00,00,01,B2,C0,10,03,00,01,01,B2,00,00,0203,0000,0302,00000000,0063,0018,3F,00,FF,00,20,36,0F,03,10,36,17,27,0F,36,08,1A,28,36,30,3B,22,36,30,3B,16,36,17,27,0F,36,08,1A,F8,00,00,00,F8,00,00,00,F8,00,00,00,F8,00,00,00
129,genesis,zelda_v310,000F34,01,00,00,00,00,00,00,01,B2,C0,10,03,00,01,01,B2,00,00,0203,0000,0302,00000000,0067,0018,3F,00,FF,00,20,36,0F,03,10,36,17,27,0F,36,08,1A,28,36,30,3B,22,36,30,3B,16,36,17,27,0F,36,08,1A,F8,00,00,00,F8,00,00,00,F8,00,00,00,F8,00,00,00
130,genesis,zelda_v310,000F34,01,00,00,00,00,00,00,01,B2,C0,10,03,00,01,01,B2,00,00,0203,0000,0302,00000000,006A,0018,3F,00,FF,00,20,36,0F,03,10,36,17,27,0F,36,08,1A,28,36,30,3B,22,36,30,3B,16,36,17,27,0F,36,08,1A,F8,00,00,00,F8,00,00,00,F8,00,00,00,F8,00,00,00
131,genesis,zelda_v310,000F34,01,00,00,00,00,00,00,01,B2,C0,10,03,00,01,01,B2,00,00,0203,0000,0302,00000000,006E,0018,3F,00,FF,00,20,36,0F,03,10,36,17,27,0F,36,08,1A,28,36,30,3B,22,36,30,3B,16,36,17,27,0F,36,08,1A,F8,00,00,00,F8,00,00,00,F8,00,00,00,F8,00,00,00
132,genesis,zelda_v310,000F34,01,00,00,00,00,00,00,01,B2,C0,10,03,00,01,01,B2,00,00,0203,0000,0302,00000000,0071,0018,3F,00,FF,00,20,36,0F,03,10,36,17,27,0F,36,08,1A,28,36,30,3B,22,36,30,3B,16,36,17,27,0F,36,08,1A,F8,00,00,00,F8,00,00,00,F8,00,00,00,F8,00,00,00
133,genesis,zelda_v310,000F34,01,00,00,00,00,00,00,01,B2,C0,10,03,00,01,01,B2,00,00,0203,0000,0302,00000000,0075,0018,3F,00,FF,00,20,36,0F,02,10,36,17,27,0F,36,08,1A,28,36,30,3B,22,36,30,3B,16,36,17,27,0F,36,08,1A,F8,00,00,00,F8,00,00,00,F8,00,00,00,F8,00,00,00
134,genesis,zelda_v310,000F34,01,00,00,00,00,00,00,01,B2,C0,10,03,00,01,01,B2,00,00,0203,0000,0302,00000000,0078,0018,3F,00,FF,00,20,36,0F,02,10,36,17,27,0F,36,08,1A,28,36,30,3B,22,36,30,3B,16,36,17,27,0F,36,08,1A,F8,00,00,00,F8,00,00,00,F8,00,00,00,F8,00,00,00
135,genesis,zelda_v310,000F34,01,00,00,00,00,00,00,01,B2,C0,10,03,00,01,01,B2,00,00,0203,0000,0302,00000000,007C,0018,3F,00,FF,00,20,36,0F,02,10,36,17,27,0F,36,08,1A,28,36,30,3B,22,36,30,3B,16,36,17,27,0F,36,08,1A,F8,00,00,00,F8,00,00,00,F8,00,00,00,F8,00,00,00
136,genesis,zelda_v310,000F34,01,00,00,00,00,00,00,01,B2,C0,10,03,00,01,01,B2,00,00,0203,0000,0302,00000000,007F,0018,3F,00,FF,00,20,36,0F,02,10,36,17,27,0F,36,08,1A,28,36,30,3B,22,36,30,3B,16,36,17,27,0F,36,08,1A,F8,00,00,00,F8,00,00,00,F8,00,00,00,F8,00,00,00
137,genesis,zelda_v310,000F34,01,00,00,00,00,00,00,01,B2,C0,10,03,00,01,01,B2,00,00,0203,0000,0302,00000000,0083,0018,3F,00,FF,00,20,36,0F,02,10,36,17,27,0F,36,08,1A,28,36,30,3B,22,36,30,3B,16,36,17,27,0F,36,08,1A,F8,00,00,00,F8,00,00,00,F8,00,00,00,F8,00,00,00
138,genesis,zelda_v310,000F34,01,00,00,00,00,00,00,01,B2,C0,10,03,00,01,01,B2,00,00,0203,0000,0302,00000000,0086,0018,3F,00,FF,00,20,36,0F,02,10,36,17,27,0F,36,08,1A,28,36,30,3B,22,36,30,3B,16,36,17,27,0F,36,08,1A,F8,00,00,00,F8,00,00,00,F8,00,00,00,F8,00,00,00
139,genesis,zelda_v310,000F34,01,00,00,00,00,00,00,01,B2,C0,10,03,00,01,01,B2,00,00,0203,0000,0302,00000000,008A,0018,3F,00,FF,00,20,36,0F,11,10,36,17,27,0F,36,08,1A,28,36,30,3B,22,36,30,3B,16,36,17,27,0F,36,08,1A,F8,00,00,00,F8,00,00,00,F8,00,00,00,F8,00,00,00
140,genesis,zelda_v310,000F34,01,00,00,00,00,00,00,01,B2,C0,10,03,00,01,01,B2,00,00,0203,0000,0302,00000000,008D,0018,3F,00,FF,00,20,36,0F,11,10,36,17,27,0F,36,08,1A,28,36,30,3B,22,36,30,3B,16,36,17,27,0F,36,08,1A,F8,00,00,00,F8,00,00,00,F8,00,00,00,F8,00,00,00
141,genesis,zelda_v310,000F34,01,00,00,00,00,00,00,01,B2,C0,10,03,00,01,01,B2,00,00,0203,0000,0302,00000000,0091,0018,3F,00,FF,00,20,36,0F,11,10,36,17,27,0F,36,08,1A,28,36,30,3B,22,36,30,3B,16,36,17,27,0F,36,08,1A,F8,00,00,00,F8,00,00,00,F8,00,00,00,F8,00,00,00
142,genesis,zelda_v310,000F34,01,00,00,00,00,00,00,01,B2,C0,10,03,00,01,01,B2,00,00,0203,0000,0302,00000000,0094,0018,3F,00,FF,00,20,36,0F,11,10,36,17,27,0F,36,08,1A,28,36,30,3B,22,36,30,3B,16,36,17,27,0F,36,08,1A,F8,00,00,00,F8,00,00,00,F8,00,00,00,F8,00,00,00
143,genesis,zelda_v310,000F34,01,00,00,00,00,00,00,01,B2,C0,10,03,00,01,01,B2,00,00,0203,0000,0302,00000000,0098,0018,3F,00,FF,00,20,36,0F,11,10,36,17,27,0F,36,08,1A,28,36,30,3B,22,36,30,3B,16,36,17,27,0F,36,08,1A,F8,00,00,00,F8,00,00,00,F8,00,00,00,F8,00,00,00
144,genesis,zelda_v310,000F34,01,00,00,00,00,00,00,01,B2,C0,10,03,00,01,01,B2,00,00,0203,0000,0302,00000000,009B,0018,3F,00,FF,00,20,36,0F,11,10,36,17,27,0F,36,08,1A,28,36,30,3B,22,36,30,3B,16,36,17,27,0F,36,08,1A,F8,00,00,00,F8,00,00,00,F8,00,00,00,F8,00,00,00
145,genesis,zelda_v310,000F34,01,00,00,00,00,00,00,01,B2,C0,10,03,00,01,01,B2,00,00,0203,0000,0302,00000000,009F,0018,3F,00,FF,00,20,36,0F,80,10,36,17,27,0F,36,08,1A,28,36,30,3B,22,36,30,3B,16,36,17,27,0F,36,08,1A,F8,00,00,00,F8,00,00,00,F8,00,00,00,F8,00,00,00
146,genesis,zelda_v310,000F34,01,00,00,00,00,00,00,01,B2,C0,10,03,00,01,01,B2,00,00,0203,0000,0302,00000000,00A2,0018,3F,00,FF,00,20,36,0F,80,10,36,17,27,0F,36,08,1A,28,36,30,3B,22,36,30,3B,16,36,17,27,0F,36,08,1A,F8,00,00,00,F8,00,00,00,F8,00,00,00,F8,00,00,00
147,genesis,zelda_v310,000F34,01,00,00,00,00,00,00,01,B2,C0,10,03,00,01,01,B2,00,00,0203,0000,0302,00000000,00A6,0018,3F,00,FF,00,20,36,0F,80,10,36,17,27,0F,36,08,1A,28,36,30,3B,22,36,30,3B,16,36,17,27,0F,36,08,1A,F8,00,00,00,F8,00,00,00,F8,00,00,00,F8,00,00,00
148,genesis,zelda_v310,000F34,01,00,00,00,00,00,00,01,B2,C0,10,03,00,01,01,B2,00,00,0203,0000,0302,00000000,00A9,0018,3F,00,FF,00,20,36,0F,80,10,36,17,27,0F,36,08,1A,28,36,30,3B,22,36,30,3B,16,36,17,27,0F,36,08,1A,F8,00,00,00,F8,00,00,00,F8,00,00,00,F8,00,00,00
149,genesis,zelda_v310,000F34,01,00,00,00,00,00,00,01,B2,C0,10,03,00,01,01,B2,00,00,0203,0000,0302,00000000,00AD,0018,3F,00,FF,00,20,36,0F,80,10,36,17,27,0F,36,08,1A,28,36,30,3B,22,36,30,3B,16,36,17,27,0F,36,08,1A,F8,00,00,00,F8,00,00,00,F8,00,00,00,F8,00,00,00
150,genesis,zelda_v310,000F34,01,00,00,00,00,00,00,01,B2,C0,10,03,00,01,01,B2,00,00,0203,0000,0302,00000000,00B0,0018,3F,00,FF,00,20,36,0F,80,10,36,17,27,0F,36,08,1A,28,36,30,3B,22,36,30,3B,16,36,17,27,0F,36,08,1A,F8,00,00,00,F8,00,00,00,F8,00,00,00,F8,00,00,00
151,genesis,zelda_v310,000F34,01,00,00,00,00,00,00,01,B2,C0,10,03,00,01,01,B2,00,00,0203,0000,0302,00000000,00B4,0018,3F,00,FF,00,20,36,0F,80,10,36,17,27,0F,36,08,1A,28,36,30,3B,22,36,30,3B,16,36,17,27,0F,36,08,1A,F8,00,00,00,F8,00,00,00,F8,00,00,00,F8,00,00,00
152,genesis,zelda_v310,000F34,01,00,00,00,00,00,00,01,B2,C0,10,03,00,01,01,B2,00,00,0203,0000,0302,00000000,00B7,0018,3F,00,FF,00,20,36,0F,80,10,36,17,27,0F,36,08,1A,28,36,30,3B,22,36,30,3B,16,36,17,27,0F,36,08,1A,F8,00,00,00,F8,00,00,00,F8,00,00,00,F8,00,00,00
153,genesis,zelda_v310,000F34,01,00,00,00,00,00,00,01,B2,C0,10,03,00,01,01,B2,00,00,0203,0000,0302,00000000,00BB,0018,3F,00,FF,00,20,36,0F,80,10,36,17,27,0F,36,08,1A,28,36,30,3B,22,36,30,3B,16,36,17,27,0F,36,08,1A,F8,00,00,00,F8,00,00,00,F8,00,00,00,F8,00,00,00
154,genesis,zelda_v310,000F34,01,00,00,00,00,00,00,01,B2,C0,10,03,00,01,01,B2,00,00,0203,0000,0302,00000000,00BE,0018,3F,00,FF,00,20,36,0F,80,10,36,17,27,0F,36,08,1A,28,36,30,3B,22,36,30,3B,16,36,17,27,0F,36,08,1A,F8,00,00,00,F8,00,00,00,F8,00,00,00,F8,00,00,00
155,genesis,zelda_v310,000F34,01,00,00,00,00,00,00,01,B2,C0,10,03,00,01,01,B2,00,00,0203,0000,0302,00000000,00C2,0018,3F,00,FF,00,20,36,0F,80,10,36,17,27,0F,36,08,1A,28,36,30,3B,22,36,30,3B,16,36,17,27,0F,36,08,1A,F8,00,00,00,F8,00,00,00,F8,00,00,00,F8,00,00,00
156,genesis,zelda_v310,000F34,01,00,00,00,00,00,00,01,B2,C0,10,03,00,01,01,B2,00,00,0203,0000,0302,00000000,00C5,0018,3F,00,FF,00,20,36,0F,80,10,36,17,27,0F,36,08,1A,28,36,30,3B,22,36,30,3B,16,36,17,27,0F,36,08,1A,F8,00,00,00,F8,00,00,00,F8,00,00,00,F8,00,00,00
157,genesis,zelda_v310,000F34,01,00,00,00,00,00,00,01,B2,C0,10,03,00,01,01,B2,00,00,0203,0000,0302,00000000,00C9,0018,3F,00,FF,00,20,36,0F,80,10,36,17,27,0F,36,08,1A,28,36,30,3B,22,36,30,3B,16,36,17,27,0F,36,08,1A,F8,00,00,00,F8,00,00,00,F8,00,00,00,F8,00,00,00
158,genesis,zelda_v310,000F34,01,00,00,00,00,00,00,01,B2,C0,10,03,00,01,01,B2,00,00,0203,0000,0302,00000000,00CC,0018,3F,00,FF,00,20,36,0F,80,10,36,17,27,0F,36,08,1A,28,36,30,3B,22,36,30,3B,16,36,17,27,0F,36,08,1A,F8,00,00,00,F8,00,00,00,F8,00,00,00,F8,00,00,00
159,genesis,zelda_v310,000F34,01,00,00,00,00,00,00,01,B2,C0,10,03,00,01,01,B2,00,00,0203,0000,0302,00000000,00D0,0018,3F,00,FF,00,20,36,0F,80,10,36,17,27,0F,36,08,1A,28,36,30,3B,22,36,30,3B,16,36,17,27,0F,36,08,1A,F8,00,00,00,F8,00,00,00,F8,00,00,00,F8,00,00,00
160,genesis,zelda_v310,000F34,01,00,00,00,00,00,00,01,B2,C0,10,03,00,01,01,B2,00,00,0203,0000,0302,00000000,00D3,0018,3F,00,FF,00,20,36,0F,80,10,36,17,27,0F,36,08,1A,28,36,30,3B,22,36,30,3B,16,36,17,27,0F,36,08,1A,F8,00,00,00,F8,00,00,00,F8,00,00,00,F8,00,00,00
161,genesis,zelda_v310,000F34,01,00,00,00,00,00,00,01,B2,C0,10,03,00,01,01,B2,00,00,0203,0000,0302,00000000,00D7,0018,3F,00,FF,00,20,36,0F,20,10,36,17,27,0F,36,08,1A,28,36,30,3B,22,36,30,3B,16,36,17,27,0F,36,08,1A,F8,00,00,00,F8,00,00,00,F8,00,00,00,F8,00,00,00
162,genesis,zelda_v310,000F34,01,00,00,00,00,00,00,01,B2,C0,10,03,00,01,01,B2,00,00,0203,0000,0302,00000000,00DA,0018,3F,00,FF,00,20,36,0F,20,10,36,17,27,0F,36,08,1A,28,36,30,3B,22,36,30,3B,16,36,17,27,0F,36,08,1A,F8,00,00,00,F8,00,00,00,F8,00,00,00,F8,00,00,00
163,genesis,zelda_v310,000F34,01,00,00,00,00,00,00,01,B2,C0,10,03,00,01,01,B2,00,00,0203,0000,0302,00000000,00DE,0018,3F,00,FF,00,20,36,0F,20,10,36,17,27,0F,36,08,1A,28,36,30,3B,22,36,30,3B,16,36,17,27,0F,36,08,1A,F8,00,00,00,F8,00,00,00,F8,00,00,00,F8,00,00,00
164,genesis,zelda_v310,000F34,01,00,00,00,00,00,00,01,B2,C0,10,03,00,01,01,B2,00,00,0203,0000,0302,00000000,00E1,0018,3F,00,FF,00,20,36,0F,20,10,36,17,27,0F,36,08,1A,28,36,30,3B,22,36,30,3B,16,36,17,27,0F,36,08,1A,F8,00,00,00,F8,00,00,00,F8,00,00,00,F8,00,00,00
165,genesis,zelda_v310,000F34,01,00,00,00,00,00,00,01,B2,C0,10,03,00,01,01,B2,00,00,0203,0000,0302,00000000,00E5,0018,3F,00,FF,00,20,36,0F,20,10,36,17,27,0F,36,08,1A,28,36,30,3B,22,36,30,3B,16,36,17,27,0F,36,08,1A,F8,00,00,00,F8,00,00,00,F8,00,00,00,F8,00,00,00
166,genesis,zelda_v310,000F34,01,00,00,00,00,00,00,01,B2,C0,10,03,00,01,01,B2,00,00,0203,0000,0302,00000000,00E8,0018,3F,00,FF,00,20,36,0F,20,10,36,17,27,0F,36,08,1A,28,36,30,3B,22,36,30,3B,16,36,17,27,0F,36,08,1A,F8,00,00,00,F8,00,00,00,F8,00,00,00,F8,00,00,00
167,genesis,zelda_v310,000F34,01,00,00,00,00,00,00,01,B2,C0,10,03,00,01,01,B2,00,00,0203,0000,0302,00000000,00EC,0018,3F,00,FF,00,20,36,0F,7C,10,36,17,27,0F,36,08,1A,28,36,30,3B,22,36,30,3B,16,36,17,27,0F,36,08,1A,F8,00,00,00,F8,00,00,00,F8,00,00,00,F8,00,00,00
168,genesis,zelda_v310,000F34,01,00,00,00,00,00,00,01,B2,C0,10,03,00,01,01,B2,00,00,0203,0000,0302,00000000,00EF,0018,3F,00,FF,00,20,36,0F,7C,10,36,17,27,0F,36,08,1A,28,36,30,3B,22,36,30,3B,16,36,17,27,0F,36,08,1A,F8,00,00,00,F8,00,00,00,F8,00,00,00,F8,00,00,00
169,genesis,zelda_v310,000F34,01,00,00,00,00,00,00,01,B2,C0,10,03,00,01,01,B2,00,00,0203,0000,0302,00000000,00F3,0018,3F,00,FF,00,20,36,0F,7C,10,36,17,27,0F,36,08,1A,28,36,30,3B,22,36,30,3B,16,36,17,27,0F,36,08,1A,F8,00,00,00,F8,00,00,00,F8,00,00,00,F8,00,00,00
170,genesis,zelda_v310,000F34,01,00,00,00,00,00,00,01,B2,C0,10,03,00,01,01,B2,00,00,0203,0000,0302,00000000,00F6,0018,3F,00,FF,00,20,36,0F,7C,10,36,17,27,0F,36,08,1A,28,36,30,3B,22,36,30,3B,16,36,17,27,0F,36,08,1A,F8,00,00,00,F8,00,00,00,F8,00,00,00,F8,00,00,00
171,genesis,zelda_v310,000F34,01,00,00,00,00,00,00,01,B2,C0,10,03,00,01,01,B2,00,00,0203,0000,0302,00000000,00FA,0018,3F,00,FF,00,20,36,0F,7C,10,36,17,27,0F,36,08,1A,28,36,30,3B,22,36,30,3B,16,36,17,27,0F,36,08,1A,F8,00,00,00,F8,00,00,00,F8,00,00,00,F8,00,00,00
172,genesis,zelda_v310,000F34,01,00,00,00,00,00,00,01,B2,C0,10,03,00,01,01,B2,00,00,0203,0000,0302,00000000,00FD,0018,3F,00,FF,00,20,36,0F,7C,10,36,17,27,0F,36,08,1A,28,36,30,3B,22,36,30,3B,16,36,17,27,0F,36,08,1A,F8,00,00,00,F8,00,00,00,F8,00,00,00,F8,00,00,00
173,genesis,zelda_v310,000F34,01,00,00,00,00,00,00,01,B2,C0,10,03,00,01,01,B2,00,00,0203,0000,0302,00000000,0101,0018,3F,00,FF,00,20,36,0F,00,10,36,17,27,0F,36,08,1A,28,36,30,3B,22,36,30,3B,16,36,17,27,0F,36,08,1A,F8,00,00,00,F8,00,00,00,F8,00,00,00,F8,00,00,00
174,genesis,zelda_v310,000F34,01,00,00,00,00,00,00,01,B2,C0,10,03,00,01,01,B2,00,00,0203,0000,0302,00000000,0104,0018,3F,00,FF,00,20,36,0F,00,10,36,17,27,0F,36,08,1A,28,36,30,3B,22,36,30,3B,16,36,17,27,0F,36,08,1A,F8,00,00,00,F8,00,00,00,F8,00,00,00,F8,00,00,00
175,genesis,zelda_v310,000F34,01,00,00,00,00,00,00,01,B2,C0,10,03,00,01,01,B2,00,00,0203,0000,0302,00000000,0108,0018,3F,00,FF,00,20,36,0F,00,10,36,17,27,0F,36,08,1A,28,36,30,3B,22,36,30,3B,16,36,17,27,0F,36,08,1A,F8,00,00,00,F8,00,00,00,F8,00,00,00,F8,00,00,00
176,genesis,zelda_v310,000F34,01,00,00,00,00,00,00,01,B2,C0,10,03,00,01,01,B2,00,00,0203,0000,0302,00000000,010B,0018,3F,00,FF,00,20,36,0F,00,10,36,17,27,0F,36,08,1A,28,36,30,3B,22,36,30,3B,16,36,17,27,0F,36,08,1A,F8,00,00,00,F8,00,00,00,F8,00,00,00,F8,00,00,00
177,genesis,zelda_v310,000F34,01,00,00,00,00,00,00,01,B2,C0,10,03,00,01,01,B2,00,00,0203,0000,0302,00000000,010F,0018,3F,00,FF,00,20,36,0F,00,10,36,17,27,0F,36,08,1A,28,36,30,3B,22,36,30,3B,16,36,17,27,0F,36,08,1A,F8,00,00,00,F8,00,00,00,F8,00,00,00,F8,00,00,00
178,genesis,zelda_v310,000F34,01,00,00,00,00,00,00,01,B2,C0,10,03,00,01,01,B2,00,00,0203,0000,0302,00000000,0112,0018,3F,00,FF,00,20,36,0F,00,10,36,17,27,0F,36,08,1A,28,36,30,3B,22,36,30,3B,16,36,17,27,0F,36,08,1A,F8,00,00,00,F8,00,00,00,F8,00,00,00,F8,00,00,00
179,genesis,zelda_v310,000F34,01,00,00,00,00,00,00,01,B2,C0,10,03,00,01,01,B2,00,00,0203,0000,0302,00000000,0116,0018,3F,00,FF,00,20,36,0F,FF,10,36,17,27,0F,36,08,1A,28,36,30,3B,22,36,30,3B,16,36,17,27,0F,36,08,1A,F8,00,00,00,F8,00,00,00,F8,00,00,00,F8,00,00,00
180,genesis,zelda_v310,000F34,01,00,00,00,00,00,00,01,B2,C0,10,03,00,01,01,B2,00,00,0203,0000,0302,00000000,0119,0018,3F,00,FF,00,20,36,0F,FF,10,36,17,27,0F,36,08,1A,28,36,30,3B,22,36,30,3B,16,36,17,27,0F,36,08,1A,F8,00,00,00,F8,00,00,00,F8,00,00,00,F8,00,00,00
181,genesis,zelda_v310,000F34,01,00,00,00,00,00,00,01,B2,C0,10,03,00,01,01,B2,00,00,0203,0000,0302,00000000,011D,0018,3F,00,FF,00,20,36,0F,FF,10,36,17,27,0F,36,08,1A,28,36,30,3B,22,36,30,3B,16,36,17,27,0F,36,08,1A,F8,00,00,00,F8,00,00,00,F8,00,00,00,F8,00,00,00
182,genesis,zelda_v310,000F34,01,00,00,00,00,00,00,01,B2,C0,10,03,00,01,01,B2,00,00,0203,0000,0302,00000000,0120,0018,3F,00,FF,00,20,36,0F,FF,10,36,17,27,0F,36,08,1A,28,36,30,3B,22,36,30,3B,16,36,17,27,0F,36,08,1A,F8,00,00,00,F8,00,00,00,F8,00,00,00,F8,00,00,00
183,genesis,zelda_v310,000F34,01,00,00,00,00,00,00,01,B2,C0,10,03,00,01,01,B2,00,00,0203,0000,0302,00000000,0124,0018,3F,00,FF,00,20,36,0F,FF,10,36,17,27,0F,36,08,1A,28,36,30,3B,22,36,30,3B,16,36,17,27,0F,36,08,1A,F8,00,00,00,F8,00,00,00,F8,00,00,00,F8,00,00,00
184,genesis,zelda_v310,000F34,01,00,00,00,00,00,00,01,B2,C0,10,03,00,01,01,B2,00,00,0203,0000,0302,00000000,0127,0018,3F,00,FF,00,20,36,0F,FF,10,36,17,27,0F,36,08,1A,28,36,30,3B,22,36,30,3B,16,36,17,27,0F,36,08,1A,F8,00,00,00,F8,00,00,00,F8,00,00,00,F8,00,00,00
185,genesis,zelda_v310,000F34,01,00,00,00,00,00,00,01,B2,C0,10,03,00,01,01,B2,00,00,0203,0000,0302,00000000,012B,0018,3F,00,FF,00,20,36,0F,03,10,36,17,27,0F,36,08,1A,28,36,30,3B,22,36,30,3B,16,36,17,27,0F,36,08,1A,F8,00,00,00,F8,00,00,00,F8,00,00,00,F8,00,00,00
186,genesis,zelda_v310,000F34,01,00,00,00,00,00,00,01,B2,C0,10,03,00,01,01,B2,00,00,0203,0000,0302,00000000,012E,0018,3F,00,FF,00,20,36,0F,03,10,36,17,27,0F,36,08,1A,28,36,30,3B,22,36,30,3B,16,36,17,27,0F,36,08,1A,F8,00,00,00,F8,00,00,00,F8,00,00,00,F8,00,00,00
187,genesis,zelda_v310,000F34,01,00,00,00,00,00,00,01,B2,C0,10,03,00,01,01,B2,00,00,0203,0000,0302,00000000,0132,0018,3F,00,FF,00,20,36,0F,03,10,36,17,27,0F,36,08,1A,28,36,30,3B,22,36,30,3B,16,36,17,27,0F,36,08,1A,F8,00,00,00,F8,00,00,00,F8,00,00,00,F8,00,00,00
188,genesis,zelda_v310,000F34,01,00,00,00,00,00,00,01,B2,C0,10,03,00,01,01,B2,00,00,0203,0000,0302,00000000,0135,0018,3F,00,FF,00,20,36,0F,03,10,36,17,27,0F,36,08,1A,28,36,30,3B,22,36,30,3B,16,36,17,27,0F,36,08,1A,F8,00,00,00,F8,00,00,00,F8,00,00,00,F8,00,00,00
189,genesis,zelda_v310,000F34,01,00,00,00,00,00,00,01,B2,C0,10,03,00,01,01,B2,00,00,0203,0000,0302,00000000,0139,0018,3F,00,FF,00,20,36,0F,03,10,36,17,27,0F,36,08,1A,28,36,30,3B,22,36,30,3B,16,36,17,27,0F,36,08,1A,F8,00,00,00,F8,00,00,00,F8,00,00,00,F8,00,00,00
190,genesis,zelda_v310,000F34,01,00,00,00,00,00,00,01,B2,C0,10,03,00,01,01,B2,00,00,0203,0000,0302,00000000,013C,0018,3F,00,FF,00,20,36,0F,03,10,36,17,27,0F,36,08,1A,28,36,30,3B,22,36,30,3B,16,36,17,27,0F,36,08,1A,F8,00,00,00,F8,00,00,00,F8,00,00,00,F8,00,00,00
191,genesis,zelda_v310,000F34,01,00,00,00,00,00,00,01,B2,C0,10,03,00,01,01,B2,00,00,0203,0000,0302,00000000,0140,0018,3F,00,FF,00,20,36,0F,02,10,36,17,27,0F,36,08,1A,28,36,30,3B,22,36,30,3B,16,36,17,27,0F,36,08,1A,F8,00,00,00,F8,00,00,00,F8,00,00,00,F8,00,00,00
192,genesis,zelda_v310,000F34,01,00,00,00,00,00,00,01,B2,C0,10,03,00,01,01,B2,00,00,0203,0000,0302,00000000,0143,0018,3F,00,FF,00,20,36,0F,02,10,36,17,27,0F,36,08,1A,28,36,30,3B,22,36,30,3B,16,36,17,27,0F,36,08,1A,F8,00,00,00,F8,00,00,00,F8,00,00,00,F8,00,00,00
193,genesis,zelda_v310,000F34,01,00,00,00,00,00,00,01,B2,C0,10,03,00,01,01,B2,00,00,0203,0000,0302,00000000,0147,0018,3F,00,FF,00,20,36,0F,02,10,36,17,27,0F,36,08,1A,28,36,30,3B,22,36,30,3B,16,36,17,27,0F,36,08,1A,F8,00,00,00,F8,00,00,00,F8,00,00,00,F8,00,00,00
194,genesis,zelda_v310,000F34,01,00,00,00,00,00,00,01,B2,C0,10,03,00,01,01,B2,00,00,0203,0000,0302,00000000,014A,0018,3F,00,FF,00,20,36,0F,02,10,36,17,27,0F,36,08,1A,28,36,30,3B,22,36,30,3B,16,36,17,27,0F,36,08,1A,F8,00,00,00,F8,00,00,00,F8,00,00,00,F8,00,00,00
195,genesis,zelda_v310,000F34,01,00,00,00,00,00,00,01,B2,C0,10,03,00,01,01,B2,00,00,0203,0000,0302,00000000,014E,0018,3F,00,FF,00,20,36,0F,02,10,36,17,27,0F,36,08,1A,28,36,30,3B,22,36,30,3B,16,36,17,27,0F,36,08,1A,F8,00,00,00,F8,00,00,00,F8,00,00,00,F8,00,00,00
196,genesis,zelda_v310,000F34,01,00,00,00,00,00,00,01,B2,C0,10,03,00,01,01,B2,00,00,0203,0000,0302,00000000,0151,0018,3F,00,FF,00,20,36,0F,02,10,36,17,27,0F,36,08,1A,28,36,30,3B,22,36,30,3B,16,36,17,27,0F,36,08,1A,F8,00,00,00,F8,00,00,00,F8,00,00,00,F8,00,00,00
197,genesis,zelda_v310,000F34,01,00,00,00,00,00,00,01,B2,C0,10,03,00,01,01,B2,00,00,0203,0000,0302,00000000,0155,0018,3F,00,FF,00,20,36,0F,11,10,36,17,27,0F,36,08,1A,28,36,30,3B,22,36,30,3B,16,36,17,27,0F,36,08,1A,F8,00,00,00,F8,00,00,00,F8,00,00,00,F8,00,00,00
198,genesis,zelda_v310,000F34,01,00,00,00,00,00,00,01,B2,C0,10,03,00,01,01,B2,00,00,0203,0000,0302,00000000,0158,0018,3F,00,FF,00,20,36,0F,11,10,36,17,27,0F,36,08,1A,28,36,30,3B,22,36,30,3B,16,36,17,27,0F,36,08,1A,F8,00,00,00,F8,00,00,00,F8,00,00,00,F8,00,00,00
199,genesis,zelda_v310,000F34,01,00,00,00,00,00,00,01,B2,C0,10,03,00,01,01,B2,00,00,0203,0000,0302,00000000,015C,0018,3F,00,FF,00,20,36,0F,11,10,36,17,27,0F,36,08,1A,28,36,30,3B,22,36,30,3B,16,36,17,27,0F,36,08,1A,F8,00,00,00,F8,00,00,00,F8,00,00,00,F8,00,00,00
200,genesis,zelda_v310,000F34,01,00,00,00,00,00,00,01,B2,C0,10,03,00,01,01,B2,00,00,0203,0000,0302,00000000,015F,0018,3F,00,FF,00,20,36,0F,11,10,36,17,27,0F,36,08,1A,28,36,30,3B,22,36,30,3B,16,36,17,27,0F,36,08,1A,F8,00,00,00,F8,00,00,00,F8,00,00,00,F8,00,00,00
201,genesis,zelda_v310,000F34,01,00,00,00,00,00,00,01,B2,C0,10,03,00,01,01,B2,00,00,0203,0000,0302,00000000,0163,0018,3F,00,FF,00,20,36,0F,11,10,36,17,27,0F,36,08,1A,28,36,30,3B,22,36,30,3B,16,36,17,27,0F,36,08,1A,F8,00,00,00,F8,00,00,00,F8,00,00,00,F8,00,00,00
202,genesis,zelda_v310,000F34,01,00,00,00,00,00,00,01,B2,C0,10,03,00,01,01,B2,00,00,0203,0000,0302,00000000,0166,0018,3F,00,FF,00,20,36,0F,11,10,36,17,27,0F,36,08,1A,28,36,30,3B,22,36,30,3B,16,36,17,27,0F,36,08,1A,F8,00,00,00,F8,00,00,00,F8,00,00,00,F8,00,00,00
203,genesis,zelda_v310,000F34,01,00,00,00,00,00,00,01,B2,C0,10,03,00,01,01,B2,00,00,0203,0000,0302,00000000,016A,0018,3F,00,FF,00,20,36,0F,80,10,36,17,27,0F,36,08,1A,28,36,30,3B,22,36,30,3B,16,36,17,27,0F,36,08,1A,F8,00,00,00,F8,00,00,00,F8,00,00,00,F8,00,00,00
204,genesis,zelda_v310,000F34,01,00,00,00,00,00,00,01,B2,C0,10,03,00,01,01,B2,00,00,0203,0000,0302,00000000,016D,0018,3F,00,FF,00,20,36,0F,80,10,36,17,27,0F,36,08,1A,28,36,30,3B,22,36,30,3B,16,36,17,27,0F,36,08,1A,F8,00,00,00,F8,00,00,00,F8,00,00,00,F8,00,00,00
205,genesis,zelda_v310,000F34,01,00,00,00,00,00,00,01,B2,C0,10,03,00,01,01,B2,00,00,0203,0000,0302,00000000,0171,0018,3F,00,FF,00,20,36,0F,80,10,36,17,27,0F,36,08,1A,28,36,30,3B,22,36,30,3B,16,36,17,27,0F,36,08,1A,F8,00,00,00,F8,00,00,00,F8,00,00,00,F8,00,00,00
206,genesis,zelda_v310,000F34,01,00,00,00,00,00,00,01,B2,C0,10,03,00,01,01,B2,00,00,0203,0000,0302,00000000,0174,0018,3F,00,FF,00,20,36,0F,80,10,36,17,27,0F,36,08,1A,28,36,30,3B,22,36,30,3B,16,36,17,27,0F,36,08,1A,F8,00,00,00,F8,00,00,00,F8,00,00,00,F8,00,00,00
207,genesis,zelda_v310,000F34,01,00,00,00,00,00,00,01,B2,C0,10,03,00,01,01,B2,00,00,0203,0000,0302,00000000,0178,0018,3F,00,FF,00,20,36,0F,80,10,36,17,27,0F,36,08,1A,28,36,30,3B,22,36,30,3B,16,36,17,27,0F,36,08,1A,F8,00,00,00,F8,00,00,00,F8,00,00,00,F8,00,00,00
208,genesis,zelda_v310,000F34,01,00,00,00,00,00,00,01,B2,C0,10,03,00,01,01,B2,00,00,0203,0000,0302,00000000,017B,0018,3F,00,FF,00,20,36,0F,80,10,36,17,27,0F,36,08,1A,28,36,30,3B,22,36,30,3B,16,36,17,27,0F,36,08,1A,F8,00,00,00,F8,00,00,00,F8,00,00,00,F8,00,00,00
209,genesis,zelda_v310,000F34,01,00,00,00,00,00,00,01,B2,C0,10,03,00,01,01,B2,00,00,0203,0000,0302,00000000,017F,0018,3F,00,FF,00,20,36,0F,80,10,36,17,27,0F,36,08,1A,28,36,30,3B,22,36,30,3B,16,36,17,27,0F,36,08,1A,F8,00,00,00,F8,00,00,00,F8,00,00,00,F8,00,00,00
210,genesis,zelda_v310,000F34,01,00,00,00,00,00,00,01,B2,C0,10,03,00,01,01,B2,00,00,0203,0000,0302,00000000,0182,0018,3F,00,FF,00,20,36,0F,80,10,36,17,27,0F,36,08,1A,28,36,30,3B,22,36,30,3B,16,36,17,27,0F,36,08,1A,F8,00,00,00,F8,00,00,00,F8,00,00,00,F8,00,00,00
211,genesis,zelda_v310,000F34,01,00,00,00,00,00,00,01,B2,C0,10,03,00,01,01,B2,00,00,0203,0000,0302,00000000,0186,0018,3F,00,FF,00,20,36,0F,80,10,36,17,27,0F,36,08,1A,28,36,30,3B,22,36,30,3B,16,36,17,27,0F,36,08,1A,F8,00,00,00,F8,00,00,00,F8,00,00,00,F8,00,00,00
212,genesis,zelda_v310,000F34,01,00,00,00,00,00,00,01,B2,C0,10,03,00,01,01,B2,00,00,0203,0000,0302,00000000,0189,0018,3F,00,FF,00,20,36,0F,80,10,36,17,27,0F,36,08,1A,28,36,30,3B,22,36,30,3B,16,36,17,27,0F,36,08,1A,F8,00,00,00,F8,00,00,00,F8,00,00,00,F8,00,00,00
213,genesis,zelda_v310,000F34,01,00,00,00,00,00,00,01,B2,C0,10,03,00,01,01,B2,00,00,0203,0000,0302,00000000,018D,0018,3F,00,FF,00,20,36,0F,80,10,36,17,27,0F,36,08,1A,28,36,30,3B,22,36,30,3B,16,36,17,27,0F,36,08,1A,F8,00,00,00,F8,00,00,00,F8,00,00,00,F8,00,00,00
214,genesis,zelda_v310,000F34,01,00,00,00,00,00,00,01,B2,C0,10,03,00,01,01,B2,00,00,0203,0000,0302,00000000,0190,0018,3F,00,FF,00,20,36,0F,80,10,36,17,27,0F,36,08,1A,28,36,30,3B,22,36,30,3B,16,36,17,27,0F,36,08,1A,F8,00,00,00,F8,00,00,00,F8,00,00,00,F8,00,00,00
215,genesis,zelda_v310,000F34,01,00,00,00,00,00,00,01,B2,C0,10,03,00,01,01,B2,00,00,0203,0000,0302,00000000,0194,0018,3F,00,FF,00,20,36,0F,80,10,36,17,27,0F,36,08,1A,28,36,30,3B,22,36,30,3B,16,36,17,27,0F,36,08,1A,F8,00,00,00,F8,00,00,00,F8,00,00,00,F8,00,00,00
216,genesis,zelda_v310,000F34,01,00,00,00,00,00,00,01,B2,C0,10,03,00,01,01,B2,00,00,0203,0000,0302,00000000,0197,0018,3F,00,FF,00,20,36,0F,80,10,36,17,27,0F,36,08,1A,28,36,30,3B,22,36,30,3B,16,36,17,27,0F,36,08,1A,F8,00,00,00,F8,00,00,00,F8,00,00,00,F8,00,00,00
217,genesis,zelda_v310,000F34,01,00,00,00,00,00,00,01,B2,C0,10,03,00,01,01,B2,00,00,0203,0000,0302,00000000,019B,0018,3F,00,FF,00,20,36,0F,80,10,36,17,27,0F,36,08,1A,28,36,30,3B,22,36,30,3B,16,36,17,27,0F,36,08,1A,F8,00,00,00,F8,00,00,00,F8,00,00,00,F8,00,00,00
218,genesis,zelda_v310,000F34,01,00,00,00,00,00,00,01,B2,C0,10,03,00,01,01,B2,00,00,0203,0000,0302,00000000,019E,0018,3F,00,FF,00,20,36,0F,80,10,36,17,27,0F,36,08,1A,28,36,30,3B,22,36,30,3B,16,36,17,27,0F,36,08,1A,F8,00,00,00,F8,00,00,00,F8,00,00,00,F8,00,00,00
219,genesis,zelda_v310,000F34,01,00,00,00,00,00,00,01,B2,C0,10,03,00,01,01,B2,00,00,0203,0000,0302,00000000,01A2,0018,3F,00,FF,00,20,36,0F,20,10,36,17,27,0F,36,08,1A,28,36,30,3B,22,36,30,3B,16,36,17,27,0F,36,08,1A,F8,00,00,00,F8,00,00,00,F8,00,00,00,F8,00,00,00
220,genesis,zelda_v310,000F34,01,00,00,00,00,00,00,01,B2,C0,10,03,00,01,01,B2,00,00,0203,0000,0302,00000000,01A5,0018,3F,00,FF,00,20,36,0F,20,10,36,17,27,0F,36,08,1A,28,36,30,3B,22,36,30,3B,16,36,17,27,0F,36,08,1A,F8,00,00,00,F8,00,00,00,F8,00,00,00,F8,00,00,00
221,genesis,zelda_v310,000F34,01,00,00,00,00,00,00,01,B2,C0,10,03,00,01,01,B2,00,00,0203,0000,0302,00000000,01A9,0018,3F,00,FF,00,20,36,0F,20,10,36,17,27,0F,36,08,1A,28,36,30,3B,22,36,30,3B,16,36,17,27,0F,36,08,1A,F8,00,00,00,F8,00,00,00,F8,00,00,00,F8,00,00,00
222,genesis,zelda_v310,000F34,01,00,00,00,00,00,00,01,B2,C0,10,03,00,01,01,B2,00,00,0203,0000,0302,00000000,01AC,0018,3F,00,FF,00,20,36,0F,20,10,36,17,27,0F,36,08,1A,28,36,30,3B,22,36,30,3B,16,36,17,27,0F,36,08,1A,F8,00,00,00,F8,00,00,00,F8,00,00,00,F8,00,00,00
223,genesis,zelda_v310,000F34,01,00,00,00,00,00,00,01,B2,C0,10,03,00,01,01,B2,00,00,0203,0000,0302,00000000,01B0,0018,3F,00,FF,00,20,36,0F,20,10,36,17,27,0F,36,08,1A,28,36,30,3B,22,36,30,3B,16,36,17,27,0F,36,08,1A,F8,00,00,00,F8,00,00,00,F8,00,00,00,F8,00,00,00
224,genesis,zelda_v310,000F34,01,00,00,00,00,00,00,01,B2,C0,10,03,00,01,01,B2,00,00,0203,0000,0302,00000000,01B3,0018,3F,00,FF,00,20,36,0F,20,10,36,17,27,0F,36,08,1A,28,36,30,3B,22,36,30,3B,16,36,17,27,0F,36,08,1A,F8,00,00,00,F8,00,00,00,F8,00,00,00,F8,00,00,00
225,genesis,zelda_v310,000F34,01,00,00,00,00,00,00,01,B2,C0,10,03,00,01,01,B2,00,00,0203,0000,0302,00000000,01B7,0018,3F,00,FF,00,20,36,0F,7C,10,36,17,27,0F,36,08,1A,28,36,30,3B,22,36,30,3B,16,36,17,27,0F,36,08,1A,F8,00,00,00,F8,00,00,00,F8,00,00,00,F8,00,00,00
226,genesis,zelda_v310,000F34,01,00,00,00,00,00,00,01,B2,C0,10,03,00,01,01,B2,00,00,0203,0000,0302,00000000,01BA,0018,3F,00,FF,00,20,36,0F,7C,10,36,17,27,0F,36,08,1A,28,36,30,3B,22,36,30,3B,16,36,17,27,0F,36,08,1A,F8,00,00,00,F8,00,00,00,F8,00,00,00,F8,00,00,00
227,genesis,zelda_v310,000F34,01,00,00,00,00,00,00,01,B2,C0,10,03,00,01,01,B2,00,00,0203,0000,0302,00000000,01BE,0018,3F,00,FF,00,20,36,0F,7C,10,36,17,27,0F,36,08,1A,28,36,30,3B,22,36,30,3B,16,36,17,27,0F,36,08,1A,F8,00,00,00,F8,00,00,00,F8,00,00,00,F8,00,00,00
228,genesis,zelda_v310,000F34,01,00,00,00,00,00,00,01,B2,C0,10,03,00,01,01,B2,00,00,0203,0000,0302,00000000,01C1,0018,3F,00,FF,00,20,36,0F,7C,10,36,17,27,0F,36,08,1A,28,36,30,3B,22,36,30,3B,16,36,17,27,0F,36,08,1A,F8,00,00,00,F8,00,00,00,F8,00,00,00,F8,00,00,00
229,genesis,zelda_v310,000F34,01,00,00,00,00,00,00,01,B2,C0,10,03,00,01,01,B2,00,00,0203,0000,0302,00000000,01C5,0018,3F,00,FF,00,20,36,0F,7C,10,36,17,27,0F,36,08,1A,28,36,30,3B,22,36,30,3B,16,36,17,27,0F,36,08,1A,F8,00,00,00,F8,00,00,00,F8,00,00,00,F8,00,00,00
230,genesis,zelda_v310,000F34,01,00,00,00,00,00,00,01,B2,C0,10,03,00,01,01,B2,00,00,0203,0000,0302,00000000,01C8,0018,3F,00,FF,00,20,36,0F,7C,10,36,17,27,0F,36,08,1A,28,36,30,3B,22,36,30,3B,16,36,17,27,0F,36,08,1A,F8,00,00,00,F8,00,00,00,F8,00,00,00,F8,00,00,00
231,genesis,zelda_v310,000F34,01,00,00,00,00,00,00,01,B2,C0,10,03,00,01,01,B2,00,00,0203,0000,0302,00000000,01CC,0018,3F,00,FF,00,20,36,0F,00,10,36,17,27,0F,36,08,1A,28,36,30,3B,22,36,30,3B,16,36,17,27,0F,36,08,1A,F8,00,00,00,F8,00,00,00,F8,00,00,00,F8,00,00,00
232,genesis,zelda_v310,000F34,01,00,00,00,00,00,00,01,B2,C0,10,03,00,01,01,B2,00,00,0203,0000,0302,00000000,01CF,0018,3F,00,FF,00,20,36,0F,00,10,36,17,27,0F,36,08,1A,28,36,30,3B,22,36,30,3B,16,36,17,27,0F,36,08,1A,F8,00,00,00,F8,00,00,00,F8,00,00,00,F8,00,00,00
233,genesis,zelda_v310,000F34,01,00,00,00,00,00,00,01,B2,C0,10,03,00,01,01,B2,00,00,0203,0000,0302,00000000,01D3,0018,3F,00,FF,00,20,36,0F,00,10,36,17,27,0F,36,08,1A,28,36,30,3B,22,36,30,3B,16,36,17,27,0F,36,08,1A,F8,00,00,00,F8,00,00,00,F8,00,00,00,F8,00,00,00
234,genesis,zelda_v310,000F34,01,00,00,00,00,00,00,01,B2,C0,10,03,00,01,01,B2,00,00,0203,0000,0302,00000000,01D6,0018,3F,00,FF,00,20,36,0F,00,10,36,17,27,0F,36,08,1A,28,36,30,3B,22,36,30,3B,16,36,17,27,0F,36,08,1A,F8,00,00,00,F8,00,00,00,F8,00,00,00,F8,00,00,00
235,genesis,zelda_v310,000F34,01,00,00,00,00,00,00,01,B2,C0,10,03,00,01,01,B2,00,00,0203,0000,0302,00000000,01DA,0018,3F,00,FF,00,20,36,0F,00,10,36,17,27,0F,36,08,1A,28,36,30,3B,22,36,30,3B,16,36,17,27,0F,36,08,1A,F8,00,00,00,F8,00,00,00,F8,00,00,00,F8,00,00,00
236,genesis,zelda_v310,000F34,01,00,00,00,00,00,00,01,B2,C0,10,03,00,01,01,B2,00,00,0203,0000,0302,00000000,01DD,0018,3F,00,FF,00,20,36,0F,00,10,36,17,27,0F,36,08,1A,28,36,30,3B,22,36,30,3B,16,36,17,27,0F,36,08,1A,F8,00,00,00,F8,00,00,00,F8,00,00,00,F8,00,00,00
237,genesis,zelda_v310,000F34,01,00,00,00,00,00,00,01,B2,C0,10,03,00,01,01,B2,00,00,0203,0000,0302,00000000,01E1,0018,3F,00,FF,00,20,36,0F,FF,10,36,17,27,0F,36,08,1A,28,36,30,3B,22,36,30,3B,16,36,17,27,0F,36,08,1A,F8,00,00,00,F8,00,00,00,F8,00,00,00,F8,00,00,00
238,genesis,zelda_v310,000F34,01,00,00,00,00,00,00,01,B2,C0,10,03,00,01,01,B2,00,00,0203,0000,0302,00000000,01E4,0018,3F,00,FF,00,20,36,0F,FF,10,36,17,27,0F,36,08,1A,28,36,30,3B,22,36,30,3B,16,36,17,27,0F,36,08,1A,F8,00,00,00,F8,00,00,00,F8,00,00,00,F8,00,00,00
239,genesis,zelda_v310,000F34,01,00,00,00,00,00,00,01,B2,C0,10,03,00,01,01,B2,00,00,0203,0000,0302,00000000,01E8,0018,3F,00,FF,00,20,36,0F,FF,10,36,17,27,0F,36,08,1A,28,36,30,3B,22,36,30,3B,16,36,17,27,0F,36,08,1A,F8,00,00,00,F8,00,00,00,F8,00,00,00,F8,00,00,00
240,genesis,zelda_v310,000F34,01,00,00,00,00,00,00,01,B2,C0,10,03,00,01,01,B2,00,00,0203,0000,0302,00000000,01EB,0018,3F,00,FF,00,20,36,0F,FF,10,36,17,27,0F,36,08,1A,28,36,30,3B,22,36,30,3B,16,36,17,27,0F,36,08,1A,F8,00,00,00,F8,00,00,00,F8,00,00,00,F8,00,00,00
241,genesis,zelda_v310,000F34,01,00,00,00,00,00,00,01,B2,C0,10,03,00,01,01,B2,00,00,0203,0000,0302,00000000,01EF,0018,3F,00,FF,00,20,36,0F,FF,10,36,17,27,0F,36,08,1A,28,36,30,3B,22,36,30,3B,16,36,17,27,0F,36,08,1A,F8,00,00,00,F8,00,00,00,F8,00,00,00,F8,00,00,00
242,genesis,zelda_v310,000F34,01,00,00,00,00,00,00,01,B2,C0,10,03,00,01,01,B2,00,00,0203,0000,0302,00000000,01F2,0018,3F,00,FF,00,20,36,0F,FF,10,36,17,27,0F,36,08,1A,28,36,30,3B,22,36,30,3B,16,36,17,27,0F,36,08,1A,F8,00,00,00,F8,00,00,00,F8,00,00,00,F8,00,00,00
243,genesis,zelda_v310,000F34,01,00,00,00,00,00,00,01,B2,C0,10,03,00,01,01,B2,00,00,0203,0000,0302,00000000,01F6,0018,3F,00,FF,00,20,36,0F,03,10,36,17,27,0F,36,08,1A,28,36,30,3B,22,36,30,3B,16,36,17,27,0F,36,08,1A,F8,00,00,00,F8,00,00,00,F8,00,00,00,F8,00,00,00
244,genesis,zelda_v310,000F34,01,00,00,00,00,00,00,01,B2,C0,10,03,00,01,01,B2,00,00,0203,0000,0302,00000000,01F9,0018,3F,00,FF,00,20,36,0F,03,10,36,17,27,0F,36,08,1A,28,36,30,3B,22,36,30,3B,16,36,17,27,0F,36,08,1A,F8,00,00,00,F8,00,00,00,F8,00,00,00,F8,00,00,00
245,genesis,zelda_v310,000F34,01,00,00,00,00,00,00,01,B2,C0,10,03,00,01,01,B2,00,00,0203,0000,0302,00000000,01FD,0018,3F,00,FF,00,20,36,0F,03,10,36,17,27,0F,36,08,1A,28,36,30,3B,22,36,30,3B,16,36,17,27,0F,36,08,1A,F8,00,00,00,F8,00,00,00,F8,00,00,00,F8,00,00,00
246,genesis,zelda_v310,000F34,01,00,00,00,00,00,00,01,B2,C0,10,03,00,01,01,B2,00,00,0203,0000,0302,00000000,0200,0018,3F,00,FF,00,20,36,0F,03,10,36,17,27,0F,36,08,1A,28,36,30,3B,22,36,30,3B,16,36,17,27,0F,36,08,1A,F8,00,00,00,F8,00,00,00,F8,00,00,00,F8,00,00,00
247,genesis,zelda_v310,000F34,01,00,00,00,00,00,00,01,B2,C0,10,03,00,01,01,B2,00,00,0203,0000,0302,00000000,0204,0018,3F,00,FF,00,20,36,0F,03,10,36,17,27,0F,36,08,1A,28,36,30,3B,22,36,30,3B,16,36,17,27,0F,36,08,1A,F8,00,00,00,F8,00,00,00,F8,00,00,00,F8,00,00,00
248,genesis,zelda_v310,000F34,01,00,00,00,00,00,00,01,B2,C0,10,03,00,01,01,B2,00,00,0203,0000,0302,00000000,0207,0018,3F,00,FF,00,20,36,0F,03,10,36,17,27,0F,36,08,1A,28,36,30,3B,22,36,30,3B,16,36,17,27,0F,36,08,1A,F8,00,00,00,F8,00,00,00,F8,00,00,00,F8,00,00,00
249,genesis,zelda_v310,000F34,01,00,00,00,00,00,00,01,B2,C0,10,03,00,01,01,B2,00,00,0203,0000,0302,00000000,020B,0018,3F,00,FF,00,20,36,0F,02,10,36,17,27,0F,36,08,1A,28,36,30,3B,22,36,30,3B,16,36,17,27,0F,36,08,1A,F8,00,00,00,F8,00,00,00,F8,00,00,00,F8,00,00,00
250,genesis,zelda_v310,000F34,01,00,00,00,00,00,00,01,B2,C0,10,03,00,01,01,B2,00,00,0203,0000,0302,00000000,020E,0018,3F,00,FF,00,20,36,0F,02,10,36,17,27,0F,36,08,1A,28,36,30,3B,22,36,30,3B,16,36,17,27,0F,36,08,1A,F8,00,00,00,F8,00,00,00,F8,00,00,00,F8,00,00,00
251,genesis,zelda_v310,000F34,01,00,00,00,00,00,00,01,B2,C0,10,03,00,01,01,B2,00,00,0203,0000,0302,00000000,0212,0018,3F,00,FF,00,20,36,0F,02,10,36,17,27,0F,36,08,1A,28,36,30,3B,22,36,30,3B,16,36,17,27,0F,36,08,1A,F8,00,00,00,F8,00,00,00,F8,00,00,00,F8,00,00,00
252,genesis,zelda_v310,000F34,01,00,00,00,00,00,00,01,B2,C0,10,03,00,01,01,B2,00,00,0203,0000,0302,00000000,0215,0018,3F,00,FF,00,20,36,0F,02,10,36,17,27,0F,36,08,1A,28,36,30,3B,22,36,30,3B,16,36,17,27,0F,36,08,1A,F8,00,00,00,F8,00,00,00,F8,00,00,00,F8,00,00,00
253,genesis,zelda_v310,000F34,01,00,00,00,00,00,00,01,B2,C0,10,03,00,01,01,B2,00,00,0203,0000,0302,00000000,0219,0018,3F,00,FF,00,20,36,0F,02,10,36,17,27,0F,36,08,1A,28,36,30,3B,22,36,30,3B,16,36,17,27,0F,36,08,1A,F8,00,00,00,F8,00,00,00,F8,00,00,00,F8,00,00,00
254,genesis,zelda_v310,000F34,01,00,00,00,00,00,00,01,B2,C0,10,03,00,01,01,B2,00,00,0203,0000,0302,00000000,021C,0018,3F,00,FF,00,20,36,0F,02,10,36,17,27,0F,36,08,1A,28,36,30,3B,22,36,30,3B,16,36,17,27,0F,36,08,1A,F8,00,00,00,F8,00,00,00,F8,00,00,00,F8,00,00,00
255,genesis,zelda_v310,000F34,01,00,00,00,00,00,00,01,B2,C0,10,03,00,01,01,B2,00,00,0203,0000,0302,00000000,0220,0018,3F,00,FF,00,20,36,0F,11,10,36,17,27,0F,36,08,1A,28,36,30,3B,22,36,30,3B,16,36,17,27,0F,36,08,1A,F8,00,00,00,F8,00,00,00,F8,00,00,00,F8,00,00,00
256,genesis,zelda_v310,000F34,01,00,00,00,00,00,00,01,B2,C0,10,03,00,01,01,B2,00,00,0203,0000,0302,00000000,0223,0018,3F,00,FF,00,20,36,0F,11,10,36,17,27,0F,36,08,1A,28,36,30,3B,22,36,30,3B,16,36,17,27,0F,36,08,1A,F8,00,00,00,F8,00,00,00,F8,00,00,00,F8,00,00,00
257,genesis,zelda_v310,000F34,01,00,00,00,00,00,00,01,B2,C0,10,03,00,01,01,B2,00,00,0203,0000,0302,00000000,0227,0018,3F,00,FF,00,20,36,0F,11,10,36,17,27,0F,36,08,1A,28,36,30,3B,22,36,30,3B,16,36,17,27,0F,36,08,1A,F8,00,00,00,F8,00,00,00,F8,00,00,00,F8,00,00,00
258,genesis,zelda_v310,000F34,01,00,00,00,00,00,00,01,B2,C0,10,03,00,01,01,B2,00,00,0203,0000,0302,00000000,022A,0018,3F,00,FF,00,20,36,0F,11,10,36,17,27,0F,36,08,1A,28,36,30,3B,22,36,30,3B,16,36,17,27,0F,36,08,1A,F8,00,00,00,F8,00,00,00,F8,00,00,00,F8,00,00,00
259,genesis,zelda_v310,000F34,01,00,00,00,00,00,00,01,B2,C0,10,03,00,01,01,B2,00,00,0203,0000,0302,00000000,022E,0018,3F,00,FF,00,20,36,0F,11,10,36,17,27,0F,36,08,1A,28,36,30,3B,22,36,30,3B,16,36,17,27,0F,36,08,1A,F8,00,00,00,F8,00,00,00,F8,00,00,00,F8,00,00,00
260,genesis,zelda_v310,000F34,01,00,00,00,00,00,00,01,B2,C0,10,03,00,01,01,B2,00,00,0203,0000,0302,00000000,0231,0018,3F,00,FF,00,20,36,0F,11,10,36,17,27,0F,36,08,1A,28,36,30,3B,22,36,30,3B,16,36,17,27,0F,36,08,1A,F8,00,00,00,F8,00,00,00,F8,00,00,00,F8,00,00,00
261,genesis,zelda_v310,000F34,01,00,00,00,00,00,00,01,B2,C0,10,03,00,01,01,B2,00,00,0203,0000,0302,00000000,0235,0018,3F,00,FF,00,20,36,0F,80,10,36,17,27,0F,36,08,1A,28,36,30,3B,22,36,30,3B,16,36,17,27,0F,36,08,1A,F8,00,00,00,F8,00,00,00,F8,00,00,00,F8,00,00,00
262,genesis,zelda_v310,000F34,01,00,00,00,00,00,00,01,B2,C0,10,03,00,01,01,B2,00,00,0203,0000,0302,00000000,0238,0018,3F,00,FF,00,20,36,0F,80,10,36,17,27,0F,36,08,1A,28,36,30,3B,22,36,30,3B,16,36,17,27,0F,36,08,1A,F8,00,00,00,F8,00,00,00,F8,00,00,00,F8,00,00,00
263,genesis,zelda_v310,000F34,01,00,00,00,00,00,00,01,B2,C0,10,03,00,01,01,B2,00,00,0203,0000,0302,00000000,023C,0018,3F,00,FF,00,20,36,0F,80,10,36,17,27,0F,36,08,1A,28,36,30,3B,22,36,30,3B,16,36,17,27,0F,36,08,1A,F8,00,00,00,F8,00,00,00,F8,00,00,00,F8,00,00,00
264,genesis,zelda_v310,000F34,01,00,00,00,00,00,00,01,B2,C0,10,03,00,01,01,B2,00,00,0203,0000,0302,00000000,023F,0018,3F,00,FF,00,20,36,0F,80,10,36,17,27,0F,36,08,1A,28,36,30,3B,22,36,30,3B,16,36,17,27,0F,36,08,1A,F8,00,00,00,F8,00,00,00,F8,00,00,00,F8,00,00,00
265,genesis,zelda_v310,000F34,01,00,00,00,00,00,00,01,B2,C0,10,03,00,01,01,B2,00,00,0203,0000,0302,00000000,0243,0018,3F,00,FF,00,20,36,0F,80,10,36,17,27,0F,36,08,1A,28,36,30,3B,22,36,30,3B,16,36,17,27,0F,36,08,1A,F8,00,00,00,F8,00,00,00,F8,00,00,00,F8,00,00,00
266,genesis,zelda_v310,000F34,01,00,00,00,00,00,00,01,B2,C0,10,03,00,01,01,B2,00,00,0203,0000,0302,00000000,0246,0018,3F,00,FF,00,20,36,0F,80,10,36,17,27,0F,36,08,1A,28,36,30,3B,22,36,30,3B,16,36,17,27,0F,36,08,1A,F8,00,00,00,F8,00,00,00,F8,00,00,00,F8,00,00,00
267,genesis,zelda_v310,000F34,01,00,00,00,00,00,00,01,B2,C0,10,03,00,01,01,B2,00,00,0203,0000,0302,00000000,024A,0018,3F,00,FF,00,20,36,0F,80,10,36,17,27,0F,36,08,1A,28,36,30,3B,22,36,30,3B,16,36,17,27,0F,36,08,1A,F8,00,00,00,F8,00,00,00,F8,00,00,00,F8,00,00,00
268,genesis,zelda_v310,000F34,01,00,00,00,00,00,00,01,B2,C0,10,03,00,01,01,B2,00,00,0203,0000,0302,00000000,024D,0018,3F,00,FF,00,20,36,0F,80,10,36,17,27,0F,36,08,1A,28,36,30,3B,22,36,30,3B,16,36,17,27,0F,36,08,1A,F8,00,00,00,F8,00,00,00,F8,00,00,00,F8,00,00,00
269,genesis,zelda_v310,000F34,01,00,00,00,00,00,00,01,B2,C0,10,03,00,01,01,B2,00,00,0203,0000,0302,00000000,0251,0018,3F,00,FF,00,20,36,0F,80,10,36,17,27,0F,36,08,1A,28,36,30,3B,22,36,30,3B,16,36,17,27,0F,36,08,1A,F8,00,00,00,F8,00,00,00,F8,00,00,00,F8,00,00,00
270,genesis,zelda_v310,000F34,01,00,00,00,00,00,00,01,B2,C0,10,03,00,01,01,B2,00,00,0203,0000,0302,00000000,0254,0018,3F,00,FF,00,20,36,0F,80,10,36,17,27,0F,36,08,1A,28,36,30,3B,22,36,30,3B,16,36,17,27,0F,36,08,1A,F8,00,00,00,F8,00,00,00,F8,00,00,00,F8,00,00,00
271,genesis,zelda_v310,000F34,01,00,00,00,00,00,00,01,B2,C0,10,03,00,01,01,B2,00,00,0203,0000,0302,00000000,0258,0018,3F,00,FF,00,20,36,0F,80,10,36,17,27,0F,36,08,1A,28,36,30,3B,22,36,30,3B,16,36,17,27,0F,36,08,1A,F8,00,00,00,F8,00,00,00,F8,00,00,00,F8,00,00,00
272,genesis,zelda_v310,000F34,01,00,00,00,00,00,00,01,B2,C0,10,03,00,01,01,B2,00,00,0203,0000,0302,00000000,025B,0018,3F,00,FF,00,20,36,0F,80,10,36,17,27,0F,36,08,1A,28,36,30,3B,22,36,30,3B,16,36,17,27,0F,36,08,1A,F8,00,00,00,F8,00,00,00,F8,00,00,00,F8,00,00,00
273,genesis,zelda_v310,000F34,01,00,00,00,00,00,00,01,B2,C0,10,03,00,01,01,B2,00,00,0203,0000,0302,00000000,025F,0018,3F,00,FF,00,20,36,0F,80,10,36,17,27,0F,36,08,1A,28,36,30,3B,22,36,30,3B,16,36,17,27,0F,36,08,1A,F8,00,00,00,F8,00,00,00,F8,00,00,00,F8,00,00,00
274,genesis,zelda_v310,000F34,01,00,00,00,00,00,00,01,B2,C0,10,03,00,01,01,B2,00,00,0203,0000,0302,00000000,0262,0018,3F,00,FF,00,20,36,0F,80,10,36,17,27,0F,36,08,1A,28,36,30,3B,22,36,30,3B,16,36,17,27,0F,36,08,1A,F8,00,00,00,F8,00,00,00,F8,00,00,00,F8,00,00,00
275,genesis,zelda_v310,000F34,01,00,00,00,00,00,00,01,B2,C0,10,03,00,01,01,B2,00,00,0203,0000,0302,00000000,0266,0018,3F,00,FF,00,20,36,0F,80,10,36,17,27,0F,36,08,1A,28,36,30,3B,22,36,30,3B,16,36,17,27,0F,36,08,1A,F8,00,00,00,F8,00,00,00,F8,00,00,00,F8,00,00,00
276,genesis,zelda_v310,000F34,01,00,00,00,00,00,00,01,B2,C0,10,03,00,01,01,B2,00,00,0203,0000,0302,00000000,0269,0018,3F,00,FF,00,20,36,0F,80,10,36,17,27,0F,36,08,1A,28,36,30,3B,22,36,30,3B,16,36,17,27,0F,36,08,1A,F8,00,00,00,F8,00,00,00,F8,00,00,00,F8,00,00,00
277,genesis,zelda_v310,000F34,01,00,00,00,00,00,00,01,B2,C0,10,03,00,01,01,B2,00,00,0203,0000,0302,00000000,026D,0018,3F,00,FF,00,20,36,0F,20,10,36,17,27,0F,36,08,1A,28,36,30,3B,22,36,30,3B,16,36,17,27,0F,36,08,1A,F8,00,00,00,F8,00,00,00,F8,00,00,00,F8,00,00,00
278,genesis,zelda_v310,000F34,01,00,00,00,00,00,00,01,B2,C0,10,03,00,01,01,B2,00,00,0203,0000,0302,00000000,0270,0018,3F,00,FF,00,20,36,0F,20,10,36,17,27,0F,36,08,1A,28,36,30,3B,22,36,30,3B,16,36,17,27,0F,36,08,1A,F8,00,00,00,F8,00,00,00,F8,00,00,00,F8,00,00,00
279,genesis,zelda_v310,000F34,01,00,00,00,00,00,00,01,B2,C0,10,03,00,01,01,B2,00,00,0203,0000,0302,00000000,0274,0018,3F,00,FF,00,20,36,0F,20,10,36,17,27,0F,36,08,1A,28,36,30,3B,22,36,30,3B,16,36,17,27,0F,36,08,1A,F8,00,00,00,F8,00,00,00,F8,00,00,00,F8,00,00,00
280,genesis,zelda_v310,000F34,01,00,00,00,00,00,00,01,B2,C0,10,03,00,01,01,B2,00,00,0203,0000,0302,00000000,0277,0018,3F,00,FF,00,20,36,0F,20,10,36,17,27,0F,36,08,1A,28,36,30,3B,22,36,30,3B,16,36,17,27,0F,36,08,1A,F8,00,00,00,F8,00,00,00,F8,00,00,00,F8,00,00,00
281,genesis,zelda_v310,000F34,01,00,00,00,00,00,00,01,B2,C0,10,03,00,01,01,B2,00,00,0203,0000,0302,00000000,027B,0018,3F,00,FF,00,20,36,0F,20,10,36,17,27,0F,36,08,1A,28,36,30,3B,22,36,30,3B,16,36,17,27,0F,36,08,1A,F8,00,00,00,F8,00,00,00,F8,00,00,00,F8,00,00,00
282,genesis,zelda_v310,000F34,01,00,00,00,00,00,00,01,B2,C0,10,03,00,01,01,B2,00,00,0203,0000,0302,00000000,027E,0018,3F,00,FF,00,20,36,0F,20,10,36,17,27,0F,36,08,1A,28,36,30,3B,22,36,30,3B,16,36,17,27,0F,36,08,1A,F8,00,00,00,F8,00,00,00,F8,00,00,00,F8,00,00,00
283,genesis,zelda_v310,000F34,01,00,00,00,00,00,00,01,B2,C0,10,03,00,01,01,B2,00,00,0203,0000,0302,00000000,0282,0018,3F,00,FF,00,20,36,0F,7C,10,36,17,27,0F,36,08,1A,28,36,30,3B,22,36,30,3B,16,36,17,27,0F,36,08,1A,F8,00,00,00,F8,00,00,00,F8,00,00,00,F8,00,00,00
284,genesis,zelda_v310,000F34,01,00,00,00,00,00,00,01,B2,C0,10,03,00,01,01,B2,00,00,0203,0000,0302,00000000,0285,0018,3F,00,FF,00,20,36,0F,7C,10,36,17,27,0F,36,08,1A,28,36,30,3B,22,36,30,3B,16,36,17,27,0F,36,08,1A,F8,00,00,00,F8,00,00,00,F8,00,00,00,F8,00,00,00
285,genesis,zelda_v310,000F34,01,00,00,00,00,00,00,01,B2,C0,10,03,00,01,01,B2,00,00,0203,0000,0302,00000000,0289,0018,3F,00,FF,00,20,36,0F,7C,10,36,17,27,0F,36,08,1A,28,36,30,3B,22,36,30,3B,16,36,17,27,0F,36,08,1A,F8,00,00,00,F8,00,00,00,F8,00,00,00,F8,00,00,00
286,genesis,zelda_v310,000F34,01,00,00,00,00,00,00,01,B2,C0,10,03,00,01,01,B2,00,00,0203,0000,0302,00000000,028C,0018,3F,00,FF,00,20,36,0F,7C,10,36,17,27,0F,36,08,1A,28,36,30,3B,22,36,30,3B,16,36,17,27,0F,36,08,1A,F8,00,00,00,F8,00,00,00,F8,00,00,00,F8,00,00,00
287,genesis,zelda_v310,000F34,01,00,00,00,00,00,00,01,B2,C0,10,03,00,01,01,B2,00,00,0203,0000,0302,00000000,0290,0018,3F,00,FF,00,20,36,0F,7C,10,36,17,27,0F,36,08,1A,28,36,30,3B,22,36,30,3B,16,36,17,27,0F,36,08,1A,F8,00,00,00,F8,00,00,00,F8,00,00,00,F8,00,00,00
288,genesis,zelda_v310,000F34,01,00,00,00,00,00,00,01,B2,C0,10,03,00,01,01,B2,00,00,0203,0000,0302,00000000,0293,0018,3F,00,FF,00,20,36,0F,7C,10,36,17,27,0F,36,08,1A,28,36,30,3B,22,36,30,3B,16,36,17,27,0F,36,08,1A,F8,00,00,00,F8,00,00,00,F8,00,00,00,F8,00,00,00
289,genesis,zelda_v310,000F34,01,00,00,00,00,00,00,01,B2,C0,10,03,00,01,01,B2,00,00,0203,0000,0302,00000000,0297,0018,3F,00,FF,00,20,36,0F,00,10,36,17,27,0F,36,08,1A,28,36,30,3B,22,36,30,3B,16,36,17,27,0F,36,08,1A,F8,00,00,00,F8,00,00,00,F8,00,00,00,F8,00,00,00
290,genesis,zelda_v310,000F34,01,00,00,00,00,00,00,01,B2,C0,10,03,00,01,01,B2,00,00,0203,0000,0302,00000000,029A,0018,3F,00,FF,00,20,36,0F,00,10,36,17,27,0F,36,08,1A,28,36,30,3B,22,36,30,3B,16,36,17,27,0F,36,08,1A,F8,00,00,00,F8,00,00,00,F8,00,00,00,F8,00,00,00
291,genesis,zelda_v310,000F34,01,00,00,00,00,00,00,01,B2,C0,10,03,00,01,01,B2,00,00,0203,0000,0302,00000000,029E,0018,3F,00,FF,00,20,36,0F,00,10,36,17,27,0F,36,08,1A,28,36,30,3B,22,36,30,3B,16,36,17,27,0F,36,08,1A,F8,00,00,00,F8,00,00,00,F8,00,00,00,F8,00,00,00
292,genesis,zelda_v310,000F34,01,00,00,00,00,00,00,01,B2,C0,10,03,00,01,01,B2,00,00,0203,0000,0302,00000000,02A1,0018,3F,00,FF,00,20,36,0F,00,10,36,17,27,0F,36,08,1A,28,36,30,3B,22,36,30,3B,16,36,17,27,0F,36,08,1A,F8,00,00,00,F8,00,00,00,F8,00,00,00,F8,00,00,00
293,genesis,zelda_v310,000F34,01,00,00,00,00,00,00,01,B2,C0,10,03,00,01,01,B2,00,00,0203,0000,0302,00000000,02A5,0018,3F,00,FF,00,20,36,0F,00,10,36,17,27,0F,36,08,1A,28,36,30,3B,22,36,30,3B,16,36,17,27,0F,36,08,1A,F8,00,00,00,F8,00,00,00,F8,00,00,00,F8,00,00,00
294,genesis,zelda_v310,000F34,01,00,00,00,00,00,00,01,B2,C0,10,03,00,01,01,B2,00,00,0203,0000,0302,00000000,02A8,0018,3F,00,FF,00,20,36,0F,00,10,36,17,27,0F,36,08,1A,28,36,30,3B,22,36,30,3B,16,36,17,27,0F,36,08,1A,F8,00,00,00,F8,00,00,00,F8,00,00,00,F8,00,00,00
295,genesis,zelda_v310,000F34,01,00,00,00,00,00,00,01,B2,C0,10,03,00,01,01,B2,00,00,0203,0000,0302,00000000,02AC,0018,3F,00,FF,00,20,36,0F,FF,10,36,17,27,0F,36,08,1A,28,36,30,3B,22,36,30,3B,16,36,17,27,0F,36,08,1A,F8,00,00,00,F8,00,00,00,F8,00,00,00,F8,00,00,00
296,genesis,zelda_v310,000F34,01,00,00,00,00,00,00,01,B2,C0,10,03,00,01,01,B2,00,00,0203,0000,0302,00000000,02AF,0018,3F,00,FF,00,20,36,0F,FF,10,36,17,27,0F,36,08,1A,28,36,30,3B,22,36,30,3B,16,36,17,27,0F,36,08,1A,F8,00,00,00,F8,00,00,00,F8,00,00,00,F8,00,00,00
297,genesis,zelda_v310,000F34,01,00,00,00,00,00,00,01,B2,C0,10,03,00,01,01,B2,00,00,0203,0000,0302,00000000,02B3,0018,3F,00,FF,00,20,36,0F,FF,10,36,17,27,0F,36,08,1A,28,36,30,3B,22,36,30,3B,16,36,17,27,0F,36,08,1A,F8,00,00,00,F8,00,00,00,F8,00,00,00,F8,00,00,00
298,genesis,zelda_v310,000F34,01,00,00,00,00,00,00,01,B2,C0,10,03,00,01,01,B2,00,00,0203,0000,0302,00000000,02B6,0018,3F,00,FF,00,20,36,0F,FF,10,36,17,27,0F,36,08,1A,28,36,30,3B,22,36,30,3B,16,36,17,27,0F,36,08,1A,F8,00,00,00,F8,00,00,00,F8,00,00,00,F8,00,00,00
299,genesis,zelda_v310,000F34,01,00,00,00,00,00,00,01,B2,C0,10,03,00,01,01,B2,00,00,0203,0000,0302,00000000,02BA,0018,3F,00,FF,00,20,36,0F,FF,10,36,17,27,0F,36,08,1A,28,36,30,3B,22,36,30,3B,16,36,17,27,0F,36,08,1A,F8,00,00,00,F8,00,00,00,F8,00,00,00,F8,00,00,00
300,genesis,zelda_v310,000F34,01,00,00,00,00,00,00,01,B2,C0,10,03,00,01,01,B2,00,00,0203,0000,0302,00000000,02BD,0018,3F,00,FF,00,20,36,0F,FF,10,36,17,27,0F,36,08,1A,28,36,30,3B,22,36,30,3B,16,36,17,27,0F,36,08,1A,F8,00,00,00,F8,00,00,00,F8,00,00,00,F8,00,00,00
